date,usd_sell_rate,gold_24k,gasoline_80,gasoline_92,gasoline_95,cbe_deposit_rate,cbe_lending_rate,headline_inflation,gdp_usd_billion
2026-02-08,47.0289,7625.0,17.75,19.25,21.0,20.0,21.0,10.0,406.5
2026-02-07,47.0289,7625.0,17.75,19.25,21.0,20.0,21.0,10.0,406.5
2026-02-06,47.0289,7415.0,17.75,19.25,21.0,20.0,21.0,10.0,406.5
2026-02-05,46.9943,7610.0,17.75,19.25,21.0,20.0,21.0,10.0,406.5
2026-02-04,47.0568,7680.0,17.75,19.25,21.0,20.0,21.0,10.0,406.5
2026-02-03,47.0568,7635.0,17.75,19.25,21.0,20.0,21.0,10.0,406.5
2026-02-02,47.1974,7735.0,17.75,19.25,21.0,20.0,21.0,10.0,406.5
2026-02-01,46.9839,7785.0,17.75,19.25,21.0,20.0,21.0,10.0,406.5
2026-01-31,46.9839,7715.0,17.75,19.25,21.0,20.0,21.0,10.0,406.5
2026-01-13,47.2271,6970.0,17.75,19.25,21.0,20.0,21.0,10.0,406.5
2026-01-12,47.2691,6985.0,17.75,19.25,21.0,20.0,21.0,10.0,406.5
2026-01-11,47.3359,6905.0,17.75,19.25,21.0,20.0,21.0,10.0,406.5
2026-01-10,47.3359,6880.0,17.75,19.25,21.0,20.0,21.0,10.0,406.5
2026-01-09,47.3359,6835.0,17.75,19.25,21.0,20.0,21.0,10.0,406.5
2026-01-08,47.3349,6815.0,17.75,19.25,21.0,20.0,21.0,10.0,406.5
2026-01-07,47.3349,6855.0,17.75,19.25,21.0,20.0,21.0,10.0,406.5
2026-01-06,47.3939,6815.0,17.75,19.25,21.0,20.0,21.0,10.0,406.5
2026-01-05,47.6634,6720.0,17.75,19.25,21.0,20.0,21.0,10.0,406.5
2026-01-04,47.7381,6720.0,17.75,19.25,21.0,20.0,21.0,10.0,406.5
2026-01-03,47.7381,6675.0,17.75,19.25,21.0,20.0,21.0,10.0,406.5
2026-01-01,47.7381,6665.0,17.75,19.25,21.0,20.0,21.0,10.0,406.5
2025-12-31,47.7,6495.0,17.75,19.25,21.0,20.0,21.0,10.0,406.5
2025-12-30,47.7799,6720.0,17.75,19.25,21.0,20.0,21.0,10.0,406.5
2025-12-29,47.7264,6960.0,17.75,19.25,21.0,20.0,21.0,10.0,406.5
2025-12-28,47.7,6495.0,17.75,19.25,21.0,20.0,21.0,10.0,406.5
2025-12-27,47.6681,6895.0,17.75,19.25,21.0,20.0,21.0,10.0,406.5
2025-12-26,47.6681,6885.0,17.75,19.25,21.0,20.0,21.0,10.0,406.5
2025-12-25,47.63535,6860.0,17.75,19.25,21.0,20.0,21.0,10.0,406.5
2025-12-24,47.6026,6835.0,17.75,19.25,21.0,20.0,21.0,10.0,406.5
2025-12-23,47.5399,6750.0,17.75,19.25,21.0,20.0,21.0,10.0,406.5
2025-12-22,47.6134,6495.0,17.75,19.25,21.0,20.0,21.0,10.0,406.5
2025-12-21,47.6525,6615.0,17.75,19.25,21.0,20.0,21.0,10.0,406.5
2025-12-20,47.6525,6615.0,17.75,19.25,21.0,20.0,21.0,10.0,406.5
2025-12-19,47.6525,6600.0,17.75,19.25,21.0,20.0,21.0,10.0,406.5
2025-12-18,47.6602,6605.0,17.75,19.25,21.0,20.0,21.0,10.0,406.5
2025-12-17,47.4861,6565.0,17.75,19.25,21.0,20.0,21.0,10.0,406.5
2025-12-16,47.5316,6590.0,17.75,19.25,21.0,20.0,21.0,10.0,406.5
2025-12-15,47.5526,6560.0,17.75,19.25,21.0,20.0,21.0,10.0,406.5
2025-12-14,47.6023,6565.0,17.75,19.25,21.0,20.0,21.0,10.0,406.5
2025-12-13,47.6023,6555.0,17.75,19.25,21.0,20.0,21.0,10.0,406.5
2025-12-12,47.6994,6565.36,17.75,19.25,21.0,20.0,21.0,10.0,406.5
2025-12-11,47.6994,6445.75,17.75,19.25,21.0,20.0,21.0,10.0,406.5
2025-12-10,47.6753,6429.46,17.75,19.25,21.0,20.0,21.0,10.0,406.5
2025-12-09,47.6753,6417.25,17.75,19.25,21.0,20.0,21.0,10.0,406.5
2025-12-08,47.6065,6422.75,17.75,19.25,21.0,20.0,21.0,10.0,406.5
2025-12-07,47.5641,6411.5,17.75,19.25,21.0,20.0,21.0,10.0,406.5
2025-12-06,47.49431,6432.99846,17.75,19.25,21.0,20.0,21.0,10.0,406.5
2025-12-05,47.49431,6432.99846,17.75,19.25,21.0,20.0,21.0,10.0,406.5
2025-12-04,47.52346,6435.26668,17.75,19.25,21.0,20.0,21.0,10.0,406.5
2025-12-03,47.4907,6411.74422,17.75,19.25,21.0,20.0,21.0,10.0,406.5
2025-12-02,47.4912,6392.4208,17.75,19.25,21.0,20.0,21.0,10.0,406.5
2025-12-01,47.41631,6462.67947,17.75,19.25,21.0,20.0,21.0,10.0,406.5
2025-11-30,47.5947,6454.8592,17.75,19.25,21.0,21.0,22.0,10.0,406.5
2025-11-29,47.5947,6454.8592,17.75,19.25,21.0,21.0,22.0,10.0,406.5
2025-11-28,47.5947,6454.8592,17.75,19.25,21.0,21.0,22.0,10.0,406.5
2025-11-27,47.69,6386.36782,17.75,19.25,21.0,21.0,22.0,10.0,406.5
2025-11-26,47.7819,6398.67452,17.75,19.25,21.0,21.0,22.0,10.0,406.5
2025-11-25,47.7071,6348.77867,17.75,19.25,21.0,21.0,22.0,10.0,406.5
2025-11-24,47.44723,6242.04046,17.75,19.25,21.0,21.0,22.0,10.0,406.5
2025-11-23,47.37823,6209.81022,17.75,19.25,21.0,21.0,22.0,10.0,406.5
2025-11-22,47.37823,6209.81022,17.75,19.25,21.0,21.0,22.0,10.0,406.5
2025-11-21,47.37823,6209.81022,17.75,19.25,21.0,21.0,22.0,10.0,406.5
2025-11-20,47.3625,6176.98903,17.75,19.25,21.0,21.0,22.0,10.0,406.5
2025-11-19,47.1323,6179.09183,17.75,19.25,21.0,21.0,22.0,10.0,406.5
2025-11-18,47.02999,6140.88192,17.75,19.25,21.0,21.0,22.0,10.0,406.5
2025-11-17,47.01122,6149.00989,17.75,19.25,21.0,21.0,22.0,10.0,406.5
2025-11-16,47.1619,6197.98368,17.75,19.25,21.0,21.0,22.0,10.0,406.5
2025-11-15,47.1619,6197.98368,17.75,19.25,21.0,21.0,22.0,10.0,406.5
2025-11-14,47.1619,6197.98368,17.75,19.25,21.0,21.0,22.0,10.0,406.5
2025-11-13,47.162,6348.56424,17.75,19.25,21.0,21.0,22.0,10.0,406.5
2025-11-12,47.1571,6374.43727,17.75,19.25,21.0,21.0,22.0,10.0,406.5
2025-11-11,47.2391,6237.28945,17.75,19.25,21.0,21.0,22.0,10.0,406.5
2025-11-10,47.04476,6219.19161,17.75,19.25,21.0,21.0,22.0,10.0,406.5
2025-11-09,47.2694,6078.06967,17.75,19.25,21.0,21.0,22.0,10.0,406.5
2025-11-08,47.2694,6078.06967,17.75,19.25,21.0,21.0,22.0,10.0,406.5
2025-11-07,47.2694,6078.06967,17.75,19.25,21.0,21.0,22.0,10.0,406.5
2025-11-06,47.3734,6061.74214,17.75,19.25,21.0,21.0,22.0,10.0,406.5
2025-11-05,47.2806,6050.47601,17.75,19.25,21.0,21.0,22.0,10.0,406.5
2025-11-04,47.18154,5988.34758,17.75,19.25,21.0,21.0,22.0,10.0,406.5
2025-11-03,47.27382,6080.00531,17.75,19.25,21.0,21.0,22.0,10.0,406.5
2025-11-02,47.1984,6042.83957,17.75,19.25,21.0,21.0,22.0,10.0,406.5
2025-11-01,47.1984,6042.83957,17.75,19.25,21.0,21.0,22.0,10.0,406.5
2025-10-31,47.1984,6042.83957,17.75,19.25,21.0,21.0,22.0,10.1,406.5
2025-10-30,47.2647,6080.35282,17.75,19.25,21.0,21.0,22.0,10.1,406.5
2025-10-29,47.3385,6063.05991,17.75,19.25,21.0,21.0,22.0,10.1,406.5
2025-10-28,47.4192,6046.71604,17.75,19.25,21.0,21.0,22.0,10.1,406.5
2025-10-27,47.47076,6107.77616,17.75,19.25,21.0,21.0,22.0,10.1,406.5
2025-10-26,47.5657,6298.15218,17.75,19.25,21.0,21.0,22.0,10.1,406.5
2025-10-25,47.5657,6298.15218,17.75,19.25,21.0,21.0,22.0,10.1,406.5
2025-10-24,47.5657,6298.15218,17.75,19.25,21.0,21.0,22.0,10.1,406.5
2025-10-23,47.5438,6306.10537,17.75,19.25,21.0,21.0,22.0,10.1,406.5
2025-10-22,47.50842,6177.53725,17.75,19.25,21.0,21.0,22.0,10.1,406.5
2025-10-21,47.4689,6238.48169,17.75,19.25,21.0,21.0,22.0,10.1,406.5
2025-10-20,47.506,6623.21012,17.75,19.25,21.0,21.0,22.0,10.1,406.5
2025-10-19,47.5658,6407.50847,17.75,19.25,21.0,21.0,22.0,10.1,406.5
2025-10-18,47.5658,6407.50847,17.75,19.25,21.0,21.0,22.0,10.1,406.5
2025-10-17,47.5658,6407.50847,17.75,19.25,21.0,21.0,22.0,10.1,406.5
2025-10-16,47.569,6546.04286,15.75,17.25,19.0,21.0,22.0,10.1,406.5
2025-10-15,47.6801,6402.97725,15.75,17.25,19.0,21.0,22.0,10.1,406.5
2025-10-14,47.674,6343.60738,15.75,17.25,19.0,21.0,22.0,10.1,406.5
2025-10-13,47.42252,6264.25222,15.75,17.25,19.0,21.0,22.0,10.1,406.5
2025-10-12,47.523,6074.7725,15.75,17.25,19.0,21.0,22.0,10.1,406.5
2025-10-11,47.523,6074.7725,15.75,17.25,19.0,21.0,22.0,10.1,406.5
2025-10-10,47.523,6074.7725,15.75,17.25,19.0,21.0,22.0,10.1,406.5
2025-10-09,47.5307,6030.5241,15.75,17.25,19.0,21.0,22.0,10.1,406.5
2025-10-08,47.5416,6180.17106,15.75,17.25,19.0,21.0,22.0,10.1,406.5
2025-10-07,47.5684,6081.64706,15.75,17.25,19.0,21.0,22.0,10.1,406.5
2025-10-06,47.61,6043.95285,15.75,17.25,19.0,21.0,22.0,10.1,406.5
2025-10-05,47.7235,5954.4861,15.75,17.25,19.0,21.0,22.0,10.1,406.5
2025-10-04,47.7235,5954.4861,15.75,17.25,19.0,21.0,22.0,10.1,406.5
2025-10-03,47.7235,5954.4861,15.75,17.25,19.0,21.0,22.0,10.1,406.5
2025-10-02,47.82598,5904.07519,15.75,17.25,19.0,21.0,22.0,10.1,406.5
2025-10-01,47.8244,5946.62576,15.75,17.25,19.0,21.0,22.0,10.1,406.5
2025-09-30,48.0164,5929.28092,15.75,17.25,19.0,22.0,23.0,11.7,406.5
2025-09-29,48.31339,5935.04388,15.75,17.25,19.0,22.0,23.0,11.7,406.5
2025-09-28,48.1001,5838.32416,15.75,17.25,19.0,22.0,23.0,11.7,406.5
2025-09-27,48.1001,5838.32416,15.75,17.25,19.0,22.0,23.0,11.7,406.5
2025-09-26,48.1001,5838.32416,15.75,17.25,19.0,22.0,23.0,11.7,406.5
2025-09-25,48.1286,5782.36419,15.75,17.25,19.0,22.0,23.0,11.7,406.5
2025-09-24,48.1147,5773.26917,15.75,17.25,19.0,22.0,23.0,11.7,406.5
2025-09-23,48.1321,5850.40972,15.75,17.25,19.0,22.0,23.0,11.7,406.5
2025-09-22,47.61945,5727.01102,15.75,17.25,19.0,22.0,23.0,11.7,406.5
2025-09-21,48.1551,5684.29457,15.75,17.25,19.0,22.0,23.0,11.7,406.5
2025-09-20,48.1551,5684.29457,15.75,17.25,19.0,22.0,23.0,11.7,406.5
2025-09-19,48.1551,5684.29457,15.75,17.25,19.0,22.0,23.0,11.7,406.5
2025-09-18,48.1084,5635.78276,15.75,17.25,19.0,22.0,23.0,11.7,406.5
2025-09-17,48.0549,5688.38032,15.75,17.25,19.0,22.0,23.0,11.7,406.5
2025-09-16,48.1456,5710.10648,15.75,17.25,19.0,22.0,23.0,11.7,406.5
2025-09-15,48.03534,5686.68234,15.75,17.25,19.0,22.0,23.0,11.7,406.5
2025-09-14,48.1954,5654.80698,15.75,17.25,19.0,22.0,23.0,11.7,406.5
2025-09-13,48.1954,5654.80698,15.75,17.25,19.0,22.0,23.0,11.7,406.5
2025-09-12,48.1954,5654.80698,15.75,17.25,19.0,22.0,23.0,11.7,406.5
2025-09-11,48.0696,5620.72823,15.75,17.25,19.0,22.0,23.0,11.7,406.5
2025-09-10,47.9379,5615.65544,15.75,17.25,19.0,22.0,23.0,11.7,406.5
2025-09-09,48.17803,5643.32027,15.75,17.25,19.0,22.0,23.0,11.7,406.5
2025-09-08,48.5481,5678.55211,15.75,17.25,19.0,22.0,23.0,11.7,406.5
2025-09-07,48.5222,5636.67807,15.75,17.25,19.0,22.0,23.0,11.7,406.5
2025-09-06,48.5222,5636.67807,15.75,17.25,19.0,22.0,23.0,11.7,406.5
2025-09-05,48.5222,5636.67807,15.75,17.25,19.0,22.0,23.0,11.7,406.5
2025-09-04,48.5186,5562.32025,15.75,17.25,19.0,22.0,23.0,11.7,406.5
2025-09-03,48.4875,5601.46864,15.75,17.25,19.0,22.0,23.0,11.7,406.5
2025-09-02,48.5031,5534.96884,15.75,17.25,19.0,22.0,23.0,11.7,406.5
2025-09-01,47.93372,5353.33235,15.75,17.25,19.0,22.0,23.0,11.7,406.5
2025-08-31,48.4588,5411.97407,15.75,17.25,19.0,22.0,23.0,12.0,406.5
2025-08-30,48.4588,5411.97407,15.75,17.25,19.0,22.0,23.0,12.0,406.5
2025-08-29,48.4588,5411.97407,15.75,17.25,19.0,22.0,23.0,12.0,406.5
2025-08-28,48.6105,5363.43233,15.75,17.25,19.0,22.0,23.0,12.0,406.5
2025-08-27,48.5717,5316.67556,15.75,17.25,19.0,22.0,23.0,12.0,406.5
2025-08-26,48.4669,5280.27205,15.75,17.25,19.0,22.0,23.0,12.0,406.5
2025-08-25,48.399,5249.84464,15.75,17.25,19.0,22.0,23.0,12.0,406.5
2025-08-24,48.46,5257.39599,15.75,17.25,19.0,22.0,23.0,12.0,406.5
2025-08-23,48.46,5257.39599,15.75,17.25,19.0,22.0,23.0,12.0,406.5
2025-08-22,48.46,5257.39599,15.75,17.25,19.0,22.0,23.0,12.0,406.5
2025-08-21,48.5481,5208.42183,15.75,17.25,19.0,22.0,23.0,12.0,406.5
2025-08-20,48.4197,5204.76546,15.75,17.25,19.0,22.0,23.0,12.0,406.5
2025-08-19,48.3431,5149.90364,15.75,17.25,19.0,22.0,23.0,12.0,406.5
2025-08-18,48.2225,5165.42834,15.75,17.25,19.0,22.0,23.0,12.0,406.5
2025-08-17,48.272,5177.40415,15.75,17.25,19.0,22.0,23.0,12.0,406.5
2025-08-16,48.272,5177.40415,15.75,17.25,19.0,22.0,23.0,12.0,406.5
2025-08-15,48.272,5177.40415,15.75,17.25,19.0,22.0,23.0,12.0,406.5
2025-08-14,48.2894,5178.02815,15.75,17.25,19.0,22.0,23.0,12.0,406.5
2025-08-13,48.4268,5229.35007,15.75,17.25,19.0,22.0,23.0,12.0,406.5
2025-08-12,48.4544,5217.06343,15.75,17.25,19.0,22.0,23.0,12.0,406.5
2025-08-11,48.16188,5192.07224,15.75,17.25,19.0,22.0,23.0,12.0,406.5
2025-08-10,48.5062,5363.30874,15.75,17.25,19.0,22.0,23.0,12.0,406.5
2025-08-09,48.5062,5363.30874,15.75,17.25,19.0,22.0,23.0,12.0,406.5
2025-08-08,48.5062,5363.30874,15.75,17.25,19.0,22.0,23.0,12.0,406.5
2025-08-07,48.4119,5292.4907,15.75,17.25,19.0,22.0,23.0,12.0,406.5
2025-08-06,48.3985,5259.43785,15.75,17.25,19.0,22.0,23.0,12.0,406.5
2025-08-05,48.4223,5264.98196,15.75,17.25,19.0,22.0,23.0,12.0,406.5
2025-08-04,48.33509,5243.84433,15.75,17.25,19.0,22.0,23.0,12.0,406.5
2025-08-03,48.5376,5224.14925,15.75,17.25,19.0,22.0,23.0,12.0,406.5
2025-08-02,48.5376,5224.14925,15.75,17.25,19.0,22.0,23.0,12.0,406.5
2025-08-01,48.5376,5224.14925,15.75,17.25,19.0,22.0,23.0,12.0,406.5
2025-07-31,48.7076,5157.10016,15.75,17.25,19.0,22.0,23.0,13.1,406.5
2025-07-30,48.6164,5151.50832,15.75,17.25,19.0,22.0,23.0,13.1,406.5
2025-07-29,48.7478,5208.6881,15.75,17.25,19.0,22.0,23.0,13.1,406.5
2025-07-28,49.0518,5218.61939,15.75,17.25,19.0,22.0,23.0,13.1,406.5
2025-07-27,49.0325,5255.81877,15.75,17.25,19.0,22.0,23.0,13.1,406.5
2025-07-26,49.0325,5255.81877,15.75,17.25,19.0,22.0,23.0,13.1,406.5
2025-07-25,49.0325,5255.81877,15.75,17.25,19.0,22.0,23.0,13.1,406.5
2025-07-24,49.0599,5317.116,15.75,17.25,19.0,22.0,23.0,13.1,406.5
2025-07-23,49.044,5351.81703,15.75,17.25,19.0,22.0,23.0,13.1,406.5
2025-07-22,49.2201,5442.40252,15.75,17.25,19.0,22.0,23.0,13.1,406.5
2025-07-21,49.3947,5402.4731,15.75,17.25,19.0,22.0,23.0,13.1,406.5
2025-07-20,49.3834,5323.59831,15.75,17.25,19.0,22.0,23.0,13.1,406.5
2025-07-19,49.3834,5323.59831,15.75,17.25,19.0,22.0,23.0,13.1,406.5
2025-07-18,49.3834,5323.59831,15.75,17.25,19.0,22.0,23.0,13.1,406.5
2025-07-17,49.3881,5303.62167,15.75,17.25,19.0,22.0,23.0,13.1,406.5
2025-07-16,49.3784,5322.26541,15.75,17.25,19.0,22.0,23.0,13.1,406.5
2025-07-15,49.4326,5292.0304,15.75,17.25,19.0,22.0,23.0,13.1,406.5
2025-07-14,49.5201,5335.94656,15.75,17.25,19.0,22.0,23.0,13.1,406.5
2025-07-13,49.4775,5338.51474,15.75,17.25,19.0,22.0,23.0,13.1,406.5
2025-07-12,49.4775,5338.51474,15.75,17.25,19.0,22.0,23.0,13.1,406.5
2025-07-11,49.4775,5338.51474,15.75,17.25,19.0,22.0,23.0,13.1,406.5
2025-07-10,49.5757,5287.58559,15.75,17.25,19.0,22.0,23.0,13.1,406.5
2025-07-09,49.642,5285.40024,15.75,17.25,19.0,22.0,23.0,13.1,406.5
2025-07-08,49.6422,5278.07986,15.75,17.25,19.0,22.0,23.0,13.1,406.5
2025-07-07,49.2159,5272.62916,15.75,17.25,19.0,22.0,23.0,13.1,406.5
2025-07-06,49.33118,5285.4549,15.75,17.25,19.0,22.0,23.0,13.1,406.5
2025-07-05,49.33118,5285.4549,15.75,17.25,19.0,22.0,23.0,13.1,406.5
2025-07-04,49.33118,5285.4549,15.75,17.25,19.0,22.0,23.0,13.1,406.5
2025-07-03,49.3196,5282.78751,15.75,17.25,19.0,22.0,23.0,13.1,406.5
2025-07-02,49.4093,5318.44784,15.75,17.25,19.0,22.0,23.0,13.1,406.5
2025-07-01,49.56879,5317.60672,15.75,17.25,19.0,22.0,23.0,13.1,406.5
2025-06-30,49.6387,5257.59878,15.75,17.25,19.0,24.0,25.0,13.5,406.5
2025-06-29,49.8742,5249.35016,15.75,17.25,19.0,24.0,25.0,13.5,406.5
2025-06-28,49.8742,5249.35016,15.75,17.25,19.0,24.0,25.0,13.5,406.5
2025-06-27,49.8742,5249.35016,15.75,17.25,19.0,24.0,25.0,13.5,406.5
2025-06-26,49.8624,5343.97449,15.75,17.25,19.0,24.0,25.0,13.5,406.5
2025-06-25,50.023,5350.89377,15.75,17.25,19.0,24.0,25.0,13.5,406.5
2025-06-24,50.6417,5401.28195,15.75,17.25,19.0,24.0,25.0,13.5,406.5
2025-06-23,50.7331,5509.38616,15.75,17.25,19.0,24.0,25.0,13.5,406.5
2025-06-22,50.6396,5483.60274,15.75,17.25,19.0,24.0,25.0,13.5,406.5
2025-06-21,50.6396,5483.60274,15.75,17.25,19.0,24.0,25.0,13.5,406.5
2025-06-20,50.6396,5483.60274,15.75,17.25,19.0,24.0,25.0,13.5,406.5
2025-06-19,50.4856,5502.14888,15.75,17.25,19.0,24.0,25.0,13.5,406.5
2025-06-18,50.1216,5462.47869,15.75,17.25,19.0,24.0,25.0,13.5,406.5
2025-06-17,50.2363,5469.8109,15.75,17.25,19.0,24.0,25.0,13.5,406.5
2025-06-16,49.6863,5425.58037,15.75,17.25,19.0,24.0,25.0,13.5,406.5
2025-06-15,49.7382,5486.8974,15.75,17.25,19.0,24.0,25.0,13.5,406.5
2025-06-14,49.7382,5486.8974,15.75,17.25,19.0,24.0,25.0,13.5,406.5
2025-06-13,49.7382,5486.8974,15.75,17.25,19.0,24.0,25.0,13.5,406.5
2025-06-12,49.4788,5378.26534,15.75,17.25,19.0,24.0,25.0,13.5,406.5
2025-06-11,49.4992,5285.63318,15.75,17.25,19.0,24.0,25.0,13.5,406.5
2025-06-10,49.6101,5296.83719,15.75,17.25,19.0,24.0,25.0,13.5,406.5
2025-06-09,49.39055,5291.18154,15.75,17.25,19.0,24.0,25.0,13.5,406.5
2025-06-08,49.621,5300.87254,15.75,17.25,19.0,24.0,25.0,13.5,406.5
2025-06-07,49.621,5300.87254,15.75,17.25,19.0,24.0,25.0,13.5,406.5
2025-06-06,49.621,5300.87254,15.75,17.25,19.0,24.0,25.0,13.5,406.5
2025-06-05,49.6353,5347.083,15.75,17.25,19.0,24.0,25.0,13.5,406.5
2025-06-04,49.6359,5383.53253,15.75,17.25,19.0,24.0,25.0,13.5,406.5
2025-06-03,49.6542,5348.32104,15.75,17.25,19.0,24.0,25.0,13.5,406.5
2025-06-02,49.50469,5364.68587,15.75,17.25,19.0,24.0,25.0,13.5,406.5
2025-06-01,49.7349,5258.99376,15.75,17.25,19.0,24.0,25.0,13.5,406.5
2025-05-31,49.7349,5258.99376,15.75,17.25,19.0,24.0,25.0,13.5,406.5
2025-05-30,49.7349,5258.99376,15.75,17.25,19.0,24.0,25.0,13.5,406.5
2025-05-29,49.7566,5306.40027,15.75,17.25,19.0,24.0,25.0,13.5,406.5
2025-05-28,49.7687,5270.08838,15.75,17.25,19.0,24.0,25.0,13.5,406.5
2025-05-27,49.78244,5280.34637,15.75,17.25,19.0,24.0,25.0,13.5,406.5
2025-05-26,49.83604,5389.37733,15.75,17.25,19.0,24.0,25.0,13.5,406.5
2025-05-25,49.8615,5392.13097,15.75,17.25,19.0,24.0,25.0,13.5,406.5
2025-05-24,49.8615,5392.13097,15.75,17.25,19.0,24.0,25.0,13.5,406.5
2025-05-23,49.8615,5392.13097,15.75,17.25,19.0,24.0,25.0,13.5,406.5
2025-05-22,49.9069,5282.6365,15.75,17.25,19.0,24.0,25.0,13.5,406.5
2025-05-21,49.8695,5305.93458,15.75,17.25,19.0,24.0,25.0,13.5,406.5
2025-05-20,50.0255,5275.89031,15.75,17.25,19.0,24.0,25.0,13.5,406.5
2025-05-19,49.97787,5188.2764,15.75,17.25,19.0,24.0,25.0,13.5,406.5
2025-05-18,50.117,5127.14954,15.75,17.25,19.0,24.0,25.0,13.5,406.5
2025-05-17,50.117,5127.14954,15.75,17.25,19.0,24.0,25.0,13.5,406.5
2025-05-16,50.117,5127.14954,15.75,17.25,19.0,24.0,25.0,13.5,406.5
2025-05-15,50.3619,5214.86553,15.75,17.25,19.0,24.0,25.0,13.5,406.5
2025-05-14,50.433,5158.50425,15.75,17.25,19.0,24.0,25.0,13.5,406.5
2025-05-13,50.4683,5257.68594,15.75,17.25,19.0,24.0,25.0,13.5,406.5
2025-05-12,50.6688,5245.50411,15.75,17.25,19.0,24.0,25.0,13.5,406.5
2025-05-11,50.5958,5425.66661,15.75,17.25,19.0,24.0,25.0,13.5,406.5
2025-05-10,50.5958,5425.66661,15.75,17.25,19.0,24.0,25.0,13.5,406.5
2025-05-09,50.5958,5425.66661,15.75,17.25,19.0,24.0,25.0,13.5,406.5
2025-05-08,50.6078,5363.82326,15.75,17.25,19.0,24.0,25.0,13.5,406.5
2025-05-07,50.6271,5503.89755,15.75,17.25,19.0,24.0,25.0,13.5,406.5
2025-05-06,50.6409,5554.24181,15.75,17.25,19.0,24.0,25.0,13.5,406.5
2025-05-05,50.63,5390.10481,15.75,17.25,19.0,24.0,25.0,13.5,406.5
2025-05-04,50.9437,5293.45364,15.75,17.25,19.0,24.0,25.0,13.5,406.5
2025-05-03,50.9437,5293.45364,15.75,17.25,19.0,24.0,25.0,13.5,406.5
2025-05-02,50.9437,5293.45364,15.75,17.25,19.0,24.0,25.0,13.5,406.5
2025-05-01,50.814,5244.1988,15.75,17.25,19.0,24.0,25.0,13.5,406.5
2025-04-30,50.7719,5394.92758,15.75,17.25,19.0,24.0,25.0,13.0,406.5
2025-04-29,50.8083,5421.33807,15.75,17.25,19.0,24.0,25.0,13.0,406.5
2025-04-28,51.0016,5464.42769,15.75,17.25,19.0,24.0,25.0,13.0,406.5
2025-04-27,50.9336,5375.10081,15.75,17.25,19.0,24.0,25.0,13.0,406.5
2025-04-26,50.9336,5375.10081,15.75,17.25,19.0,24.0,25.0,13.0,406.5
2025-04-25,50.9336,5375.10081,15.75,17.25,19.0,24.0,25.0,13.0,406.5
2025-04-24,50.9353,5456.50541,15.75,17.25,19.0,24.0,25.0,13.0,406.5
2025-04-23,51.01785,5373.98584,15.75,17.25,19.0,24.0,25.0,13.0,406.5
2025-04-22,50.4638,5517.61983,15.75,17.25,19.0,24.0,25.0,13.0,406.5
2025-04-21,51.0673,5592.4713,15.75,17.25,19.0,24.0,25.0,13.0,406.5
2025-04-20,51.0673,5432.39087,15.75,17.25,19.0,24.0,25.0,13.0,406.5
2025-04-19,51.0673,5432.39087,15.75,17.25,19.0,24.0,25.0,13.0,406.5
2025-04-18,51.0673,5432.39087,15.75,17.25,19.0,24.0,25.0,13.0,406.5
2025-04-17,51.0673,5432.39087,15.75,17.25,19.0,24.0,25.0,13.0,406.5
2025-04-16,50.9438,5448.57191,15.75,17.25,19.0,24.0,25.0,13.0,406.5
2025-04-15,50.97303,5274.86865,15.75,17.25,19.0,24.0,25.0,13.0,406.5
2025-04-14,51.335,5289.38568,15.75,17.25,19.0,24.0,25.0,13.0,406.5
2025-04-13,51.2903,5313.47267,15.75,17.25,19.0,24.0,25.0,13.0,406.5
2025-04-12,51.2903,5313.47267,13.75,15.25,17.0,24.0,25.0,13.0,406.5
2025-04-11,51.2903,5313.47267,13.75,15.25,17.0,24.0,25.0,13.0,406.5
2025-04-10,51.6318,5237.63107,13.75,15.25,17.0,24.0,25.0,13.0,406.5
2025-04-09,51.2412,5035.40522,13.75,15.25,17.0,24.0,25.0,13.0,406.5
2025-04-08,51.3668,4902.25214,13.75,15.25,17.0,24.0,25.0,13.0,406.5
2025-04-07,50.761,4816.53018,13.75,15.25,17.0,24.0,25.0,13.0,406.5
2025-04-06,50.5679,4896.89326,13.75,15.25,17.0,24.0,25.0,13.0,406.5
2025-04-05,50.5679,4896.89326,13.75,15.25,17.0,24.0,25.0,13.0,406.5
2025-04-04,50.5679,4896.89326,13.75,15.25,17.0,24.0,25.0,13.0,406.5
2025-04-03,50.5426,5032.56638,13.75,15.25,17.0,24.0,25.0,13.0,406.5
2025-04-02,50.55325,5103.3527,13.75,15.25,17.0,24.0,25.0,13.0,406.5
2025-04-01,50.5456,5068.45434,13.75,15.25,17.0,24.0,25.0,13.0,406.5
2025-03-31,50.5742,5077.66371,13.75,15.25,17.0,25.0,26.0,13.1,406.5
2025-03-30,50.5387,5015.1172,13.75,15.25,17.0,25.0,26.0,13.1,406.5
2025-03-29,50.5387,5015.1172,13.75,15.25,17.0,25.0,26.0,13.1,406.5
2025-03-28,50.5387,5015.1172,13.75,15.25,17.0,25.0,26.0,13.1,406.5
2025-03-27,50.51785,4970.33192,13.75,15.25,17.0,25.0,26.0,13.1,406.5
2025-03-26,50.54811,4909.4409,13.75,15.25,17.0,25.0,26.0,13.1,406.5
2025-03-25,50.57668,4916.76829,13.75,15.25,17.0,25.0,26.0,13.1,406.5
2025-03-24,50.44461,4886.73855,13.75,15.25,17.0,25.0,26.0,13.1,406.5
2025-03-23,50.5342,4903.70268,13.75,15.25,17.0,25.0,26.0,13.1,406.5
2025-03-22,50.5342,4903.70268,13.75,15.25,17.0,25.0,26.0,13.1,406.5
2025-03-21,50.5342,4903.70268,13.75,15.25,17.0,25.0,26.0,13.1,406.5
2025-03-20,50.6,4945.5526,13.75,15.25,17.0,25.0,26.0,13.1,406.5
2025-03-19,50.4708,4926.27171,13.75,15.25,17.0,25.0,26.0,13.1,406.5
2025-03-18,50.4799,4925.86206,13.75,15.25,17.0,25.0,26.0,13.1,406.5
2025-03-17,50.63595,4883.94697,13.75,15.25,17.0,25.0,26.0,13.1,406.5
2025-03-16,50.61674,4873.14354,13.75,15.25,17.0,25.0,26.0,13.1,406.5
2025-03-15,50.61674,4873.14354,13.75,15.25,17.0,25.0,26.0,13.1,406.5
2025-03-14,50.61674,4873.14354,13.75,15.25,17.0,25.0,26.0,13.1,406.5
2025-03-13,50.6282,4857.64436,13.75,15.25,17.0,25.0,26.0,13.1,406.5
2025-03-12,50.5754,4779.08168,13.75,15.25,17.0,25.0,26.0,13.1,406.5
2025-03-11,50.5695,4735.92655,13.75,15.25,17.0,25.0,26.0,13.1,406.5
2025-03-10,50.55651,4699.11374,13.75,15.25,17.0,25.0,26.0,13.1,406.5
2025-03-09,50.6512,4730.22445,13.75,15.25,17.0,25.0,26.0,13.1,406.5
2025-03-08,50.6512,4730.22445,13.75,15.25,17.0,25.0,26.0,13.1,406.5
2025-03-07,50.6512,4730.22445,13.75,15.25,17.0,25.0,26.0,13.1,406.5
2025-03-06,50.642,4748.74073,13.75,15.25,17.0,25.0,26.0,13.1,406.5
2025-03-05,50.5953,4742.24692,13.75,15.25,17.0,25.0,26.0,13.1,406.5
2025-03-04,50.6074,4734.10687,13.75,15.25,17.0,25.0,26.0,13.1,406.5
2025-03-03,50.44125,4687.10302,13.75,15.25,17.0,25.0,26.0,13.1,406.5
2025-03-02,50.63423,4618.10342,13.75,15.25,17.0,25.0,26.0,13.1,406.5
2025-03-01,50.63423,4618.10342,13.75,15.25,17.0,25.0,26.0,13.1,406.5
2025-02-28,50.63423,4618.10342,13.75,15.25,17.0,25.0,26.0,12.5,406.5
2025-02-27,50.5605,4686.80484,13.75,15.25,17.0,25.0,26.0,12.5,406.5
2025-02-26,50.5494,4740.3827,13.75,15.25,17.0,25.0,26.0,12.5,406.5
2025-02-25,50.57379,4722.67036,13.75,15.25,17.0,25.0,26.0,12.5,406.5
2025-02-24,50.48307,4784.63998,13.75,15.25,17.0,25.0,26.0,12.5,406.5
2025-02-23,50.5538,4774.60234,13.75,15.25,17.0,25.0,26.0,12.5,406.5
2025-02-22,50.5538,4774.60234,13.75,15.25,17.0,25.0,26.0,12.5,406.5
2025-02-21,50.5538,4774.60234,13.75,15.25,17.0,25.0,26.0,12.5,406.5
2025-02-20,50.6058,4783.41839,13.75,15.25,17.0,25.0,26.0,12.5,406.5
2025-02-19,50.6084,4750.14559,13.75,15.25,17.0,25.0,26.0,12.5,406.5
2025-02-18,50.5759,4766.93351,13.75,15.25,17.0,25.0,26.0,12.5,406.5
2025-02-17,50.61922,4692.89954,13.75,15.25,17.0,25.0,26.0,12.5,406.5
2025-02-16,50.5909,4690.27362,13.75,15.25,17.0,25.0,26.0,12.5,406.5
2025-02-15,50.5909,4690.27362,13.75,15.25,17.0,25.0,26.0,12.5,406.5
2025-02-14,50.5909,4690.27362,13.75,15.25,17.0,25.0,26.0,12.5,406.5
2025-02-13,50.58263,4758.2977,13.75,15.25,17.0,25.0,26.0,12.5,406.5
2025-02-12,50.40596,4714.29096,13.75,15.25,17.0,25.0,26.0,12.5,406.5
2025-02-11,50.2491,4705.27442,13.75,15.25,17.0,25.0,26.0,12.5,406.5
2025-02-10,50.35032,4717.66676,13.75,15.25,17.0,25.0,26.0,12.5,406.5
2025-02-09,50.2622,4633.45948,13.75,15.25,17.0,25.0,26.0,12.5,406.5
2025-02-08,50.2622,4633.45948,13.75,15.25,17.0,25.0,26.0,12.5,406.5
2025-02-07,50.2622,4633.45948,13.75,15.25,17.0,25.0,26.0,12.5,406.5
2025-02-06,50.29662,4618.35951,13.75,15.25,17.0,25.0,26.0,12.5,406.5
2025-02-05,50.2474,4639.04172,13.75,15.25,17.0,25.0,26.0,12.5,406.5
2025-02-04,50.3392,4617.89957,13.75,15.25,17.0,25.0,26.0,12.5,406.5
2025-02-03,50.77222,4625.95534,13.75,15.25,17.0,25.0,26.0,12.5,406.5
2025-02-02,50.1954,4538.86422,13.75,15.25,17.0,25.0,26.0,12.5,406.5
2025-02-01,50.1954,4538.86422,13.75,15.25,17.0,25.0,26.0,12.5,406.5
2025-01-31,50.1954,4538.86422,13.75,15.25,17.0,27.25,28.25,23.2,406.5
2025-01-30,50.1904,4555.35541,13.75,15.25,17.0,27.25,28.25,23.2,406.5
2025-01-29,50.1882,4468.1838,13.75,15.25,17.0,27.25,28.25,23.2,406.5
2025-01-28,50.219,4467.21226,13.75,15.25,17.0,27.25,28.25,23.2,406.5
2025-01-27,50.40701,4436.45209,13.75,15.25,17.0,27.25,28.25,23.2,406.5
2025-01-26,50.26859,4488.59342,13.75,15.25,17.0,27.25,28.25,23.2,406.5
2025-01-25,50.26859,4488.59342,13.75,15.25,17.0,27.25,28.25,23.2,406.5
2025-01-24,50.26859,4488.59342,13.75,15.25,17.0,27.25,28.25,23.2,406.5
2025-01-23,50.2907,4467.60768,13.75,15.25,17.0,27.25,28.25,23.2,406.5
2025-01-22,50.2651,4472.60571,13.75,15.25,17.0,27.25,28.25,23.2,406.5
2025-01-21,50.2905,4454.4932,13.75,15.25,17.0,27.25,28.25,23.2,406.5
2025-01-20,50.34204,4441.74051,13.75,15.25,17.0,27.25,28.25,23.2,406.5
2025-01-19,50.37324,4444.49269,13.75,15.25,17.0,27.25,28.25,23.2,406.5
2025-01-18,50.37324,4444.49269,13.75,15.25,17.0,27.25,28.25,23.2,406.5
2025-01-17,50.37324,4444.49269,13.75,15.25,17.0,27.25,28.25,23.2,406.5
2025-01-16,50.3872,4449.12629,13.75,15.25,17.0,27.25,28.25,23.2,406.5
2025-01-15,50.4178,4396.87768,13.75,15.25,17.0,27.25,28.25,23.2,406.5
2025-01-14,50.4741,4344.99005,13.75,15.25,17.0,27.25,28.25,23.2,406.5
2025-01-13,50.54178,4344.31672,13.75,15.25,17.0,27.25,28.25,23.2,406.5
2025-01-12,50.527,4399.90293,13.75,15.25,17.0,27.25,28.25,23.2,406.5
2025-01-11,50.527,4399.90293,13.75,15.25,17.0,27.25,28.25,23.2,406.5
2025-01-10,50.527,4399.90293,13.75,15.25,17.0,27.25,28.25,23.2,406.5
2025-01-09,50.58317,4364.62517,13.75,15.25,17.0,27.25,28.25,23.2,406.5
2025-01-08,50.6241,4336.74389,13.75,15.25,17.0,27.25,28.25,23.2,406.5
2025-01-07,50.622,4323.86932,13.75,15.25,17.0,27.25,28.25,23.2,406.5
2025-01-06,50.77052,4306.68327,13.75,15.25,17.0,27.25,28.25,23.2,406.5
2025-01-05,50.75675,4316.28592,13.75,15.25,17.0,27.25,28.25,23.2,406.5
2025-01-04,50.75675,4316.28592,13.75,15.25,17.0,27.25,28.25,23.2,406.5
2025-01-03,50.75675,4316.28592,13.75,15.25,17.0,27.25,28.25,23.2,406.5
2025-01-02,50.7989,4342.57212,13.75,15.25,17.0,27.25,28.25,23.2,406.5
2025-01-01,50.8066,4294.71624,13.75,15.25,17.0,27.25,28.25,23.2,406.5
2024-12-31,50.8066,4294.71624,13.75,15.25,17.0,27.25,28.25,23.4,389.06
2024-12-30,50.82272,4258.33441,13.75,15.25,17.0,27.25,28.25,23.4,389.06
2024-12-29,50.753,4270.60443,13.75,15.25,17.0,27.25,28.25,23.4,389.06
2024-12-28,50.753,4270.60443,13.75,15.25,17.0,27.25,28.25,23.4,389.06
2024-12-27,50.753,4270.60443,13.75,15.25,17.0,27.25,28.25,23.4,389.06
2024-12-26,50.8629,4315.17425,13.75,15.25,17.0,27.25,28.25,23.4,389.06
2024-12-25,50.84923,4283.2796,13.75,15.25,17.0,27.25,28.25,23.4,389.06
2024-12-24,51.0503,4300.21662,13.75,15.25,17.0,27.25,28.25,23.4,389.06
2024-12-23,50.86266,4271.8195,13.75,15.25,17.0,27.25,28.25,23.4,389.06
2024-12-22,50.8896,4300.91424,13.75,15.25,17.0,27.25,28.25,23.4,389.06
2024-12-21,50.8896,4300.91424,13.75,15.25,17.0,27.25,28.25,23.4,389.06
2024-12-20,50.8896,4300.91424,13.75,15.25,17.0,27.25,28.25,23.4,389.06
2024-12-19,50.842,4237.2282,13.75,15.25,17.0,27.25,28.25,23.4,389.06
2024-12-18,50.7507,4301.90254,13.75,15.25,17.0,27.25,28.25,23.4,389.06
2024-12-17,50.7703,4316.45896,13.75,15.25,17.0,27.25,28.25,23.4,389.06
2024-12-16,50.7674,4327.63793,13.75,15.25,17.0,27.25,28.25,23.4,389.06
2024-12-15,50.7878,4336.88801,13.75,15.25,17.0,27.25,28.25,23.4,389.06
2024-12-14,50.7878,4336.88801,13.75,15.25,17.0,27.25,28.25,23.4,389.06
2024-12-13,50.7878,4336.88801,13.75,15.25,17.0,27.25,28.25,23.4,389.06
2024-12-12,50.6073,4372.72713,13.75,15.25,17.0,27.25,28.25,23.4,389.06
2024-12-11,50.4236,4431.91403,13.75,15.25,17.0,27.25,28.25,23.4,389.06
2024-12-10,50.4726,4377.47804,13.75,15.25,17.0,27.25,28.25,23.4,389.06
2024-12-09,49.96877,4281.24673,13.75,15.25,17.0,27.25,28.25,23.4,389.06
2024-12-08,49.9504,4237.43739,13.75,15.25,17.0,27.25,28.25,23.4,389.06
2024-12-07,49.9504,4237.43739,13.75,15.25,17.0,27.25,28.25,23.4,389.06
2024-12-06,49.9504,4237.43739,13.75,15.25,17.0,27.25,28.25,23.4,389.06
2024-12-05,49.7845,4204.15622,13.75,15.25,17.0,27.25,28.25,23.4,389.06
2024-12-04,49.7136,4241.64337,13.75,15.25,17.0,27.25,28.25,23.4,389.06
2024-12-03,49.6929,4225.33845,13.75,15.25,17.0,27.25,28.25,23.4,389.06
2024-12-02,49.73301,4213.07864,13.75,15.25,17.0,27.25,28.25,23.4,389.06
2024-12-01,49.5631,4233.90145,13.75,15.25,17.0,27.25,28.25,23.4,389.06
2024-11-30,49.5631,4233.90145,13.75,15.25,17.0,27.25,28.25,25.0,389.06
2024-11-29,49.5631,4233.90145,13.75,15.25,17.0,27.25,28.25,25.0,389.06
2024-11-28,49.64638,4213.72088,13.75,15.25,17.0,27.25,28.25,25.0,389.06
2024-11-27,49.5911,4209.02911,13.75,15.25,17.0,27.25,28.25,25.0,389.06
2024-11-26,49.5948,4178.09103,13.75,15.25,17.0,27.25,28.25,25.0,389.06
2024-11-25,49.34205,4151.24585,13.75,15.25,17.0,27.25,28.25,25.0,389.06
2024-11-24,49.64,4324.89686,13.75,15.25,17.0,27.25,28.25,25.0,389.06
2024-11-23,49.64,4324.89686,13.75,15.25,17.0,27.25,28.25,25.0,389.06
2024-11-22,49.64,4324.89686,13.75,15.25,17.0,27.25,28.25,25.0,389.06
2024-11-21,49.6905,4268.90818,13.75,15.25,17.0,27.25,28.25,25.0,389.06
2024-11-20,49.52156,4216.34236,13.75,15.25,17.0,27.25,28.25,25.0,389.06
2024-11-19,49.4165,4173.87407,13.75,15.25,17.0,27.25,28.25,25.0,389.06
2024-11-18,49.32811,4137.0,13.75,15.25,17.0,27.25,28.25,25.0,389.06
2024-11-17,49.5764,4062.75,13.75,15.25,17.0,27.25,28.25,25.0,389.06
2024-11-16,49.5764,4064.26,13.75,15.25,17.0,27.25,28.25,25.0,389.06
2024-11-15,49.5764,4064.26,13.75,15.25,17.0,27.25,28.25,25.0,389.06
2024-11-14,49.2965,4070.0,13.75,15.25,17.0,27.25,28.25,25.0,389.06
2024-11-13,49.18711,4079.99,13.75,15.25,17.0,27.25,28.25,25.0,389.06
2024-11-12,49.1984,4111.23,13.75,15.25,17.0,27.25,28.25,25.0,389.06
2024-11-11,49.29279,4180.0,13.75,15.25,17.0,27.25,28.25,25.0,389.06
2024-11-10,49.274,4252.66,13.75,15.25,17.0,27.25,28.25,25.0,389.06
2024-11-09,49.274,4252.66,13.75,15.25,17.0,27.25,28.25,25.0,389.06
2024-11-08,49.274,4252.66,13.75,15.25,17.0,27.25,28.25,25.0,389.06
2024-11-07,49.2089,4287.65,13.75,15.25,17.0,27.25,28.25,25.0,389.06
2024-11-06,49.1173,4377.25,13.75,15.25,17.0,27.25,28.25,25.0,389.06
2024-11-05,49.0368,4334.0,13.75,15.25,17.0,27.25,28.25,25.0,389.06
2024-11-04,48.73228,4316.19,13.75,15.25,17.0,27.25,28.25,25.0,389.06
2024-11-03,48.92962,4299.05,13.75,15.25,17.0,27.25,28.25,25.0,389.06
2024-11-02,48.92962,4299.05,13.75,15.25,17.0,27.25,28.25,25.0,389.06
2024-11-01,48.92962,4299.05,13.75,15.25,17.0,27.25,28.25,25.0,389.06
2024-10-31,48.711,4331.5,13.75,15.25,17.0,27.25,28.25,26.5,389.06
2024-10-30,48.6738,4366.21,13.75,15.25,17.0,27.25,28.25,26.5,389.06
2024-10-29,48.666,4345.36,13.75,15.25,17.0,27.25,28.25,26.5,389.06
2024-10-28,48.75579,4293.43,13.75,15.25,17.0,27.25,28.25,26.5,389.06
2024-10-27,48.7523,4492.35,13.75,15.25,17.0,27.25,28.25,26.5,389.06
2024-10-26,48.7523,4492.35,13.75,15.25,17.0,27.25,28.25,26.5,389.06
2024-10-25,48.7523,4296.14593,13.75,15.25,17.0,27.25,28.25,26.5,389.06
2024-10-24,48.6982,4281.98444,13.75,15.25,17.0,27.25,28.25,26.5,389.06
2024-10-23,48.6746,4247.82825,13.75,15.25,17.0,27.25,28.25,26.5,389.06
2024-10-22,48.64143,4291.53629,13.75,15.25,17.0,27.25,28.25,26.5,389.06
2024-10-21,48.5965,4254.60591,13.75,15.25,17.0,27.25,28.25,26.5,389.06
2024-10-20,48.6049,4240.65155,13.75,15.25,17.0,27.25,28.25,26.5,389.06
2024-10-19,48.6049,4240.65155,13.75,15.25,17.0,27.25,28.25,26.5,389.06
2024-10-18,48.6049,4240.65155,13.75,15.25,17.0,27.25,28.25,26.5,389.06
2024-10-17,48.56248,4201.50936,12.25,13.75,15.0,27.25,28.25,26.5,389.06
2024-10-16,48.5184,4171.17678,12.25,13.75,15.0,27.25,28.25,26.5,389.06
2024-10-15,48.5665,4155.63788,12.25,13.75,15.0,27.25,28.25,26.5,389.06
2024-10-14,48.6028,4137.49231,12.25,13.75,15.0,27.25,28.25,26.5,389.06
2024-10-13,48.55949,4149.10527,12.25,13.75,15.0,27.25,28.25,26.5,389.06
2024-10-12,48.55949,4149.10527,12.25,13.75,15.0,27.25,28.25,26.5,389.06
2024-10-11,48.55949,4149.10527,12.25,13.75,15.0,27.25,28.25,26.5,389.06
2024-10-10,48.4671,4083.55595,12.25,13.75,15.0,27.25,28.25,26.5,389.06
2024-10-09,48.5761,4069.93795,12.25,13.75,15.0,27.25,28.25,26.5,389.06
2024-10-08,48.3727,4066.89311,12.25,13.75,15.0,27.25,28.25,26.5,389.06
2024-10-07,48.325,4109.18271,12.25,13.75,15.0,27.25,28.25,26.5,389.06
2024-10-06,48.3195,4110.26847,12.25,13.75,15.0,27.25,28.25,26.5,389.06
2024-10-05,48.3195,4110.26847,12.25,13.75,15.0,27.25,28.25,26.5,389.06
2024-10-04,48.3195,4110.26847,12.25,13.75,15.0,27.25,28.25,26.5,389.06
2024-10-03,48.34575,4130.06556,12.25,13.75,15.0,27.25,28.25,26.5,389.06
2024-10-02,48.2069,4086.0,12.25,13.75,15.0,27.25,28.25,26.5,389.06
2024-10-01,48.26063,4063.0,12.25,13.75,15.0,27.25,28.25,26.5,389.06
2024-09-30,48.2871,4097.0,12.25,13.75,15.0,27.25,28.25,26.0,389.06
2024-09-29,48.3396,4097.0,12.25,13.75,15.0,27.25,28.25,26.0,389.06
2024-09-28,48.3396,4086.0,12.25,13.75,15.0,27.25,28.25,26.0,389.06
2024-09-27,48.3396,4109.0,12.25,13.75,15.0,27.25,28.25,26.0,389.06
2024-09-26,48.5194,4097.0,12.25,13.75,15.0,27.25,28.25,26.0,389.06
2024-09-25,48.6625,4109.0,12.25,13.75,15.0,27.25,28.25,26.0,389.06
2024-09-24,48.6241,4063.0,12.25,13.75,15.0,27.25,28.25,26.0,389.06
2024-09-23,48.4791,4046.0,12.25,13.75,15.0,27.25,28.25,26.0,389.06
2024-09-22,48.50644,4029.0,12.25,13.75,15.0,27.25,28.25,26.0,389.06
2024-09-21,48.50644,4034.0,12.25,13.75,15.0,27.25,28.25,26.0,389.06
2024-09-20,48.50644,3989.0,12.25,13.75,15.0,27.25,28.25,26.0,389.06
2024-09-19,48.5026,3943.0,12.25,13.75,15.0,27.25,28.25,26.0,389.06
2024-09-18,48.3715,3937.0,12.25,13.75,15.0,27.25,28.25,26.0,389.06
2024-09-17,48.3938,3960.0,12.25,13.75,15.0,27.25,28.25,26.0,389.06
2024-09-16,48.3217,3949.0,12.25,13.75,15.0,27.25,28.25,26.0,389.06
2024-09-15,48.3876,3960.0,12.25,13.75,15.0,27.25,28.25,26.0,389.06
2024-09-14,48.3876,3966.0,12.25,13.75,15.0,27.25,28.25,26.0,389.06
2024-09-13,48.3876,3931.0,12.25,13.75,15.0,27.25,28.25,26.0,389.06
2024-09-12,48.3476,3869.0,12.25,13.75,15.0,27.25,28.25,26.0,389.06
2024-09-11,48.3328,3869.0,12.25,13.75,15.0,27.25,28.25,26.0,389.06
2024-09-10,48.3204,3857.0,12.25,13.75,15.0,27.25,28.25,26.0,389.06
2024-09-09,48.4043,3863.0,12.25,13.75,15.0,27.25,28.25,26.0,389.06
2024-09-08,48.4118,3869.0,12.25,13.75,15.0,27.25,28.25,26.0,389.06
2024-09-07,48.4118,3851.0,12.25,13.75,15.0,27.25,28.25,26.0,389.06
2024-09-06,48.4118,3863.0,12.25,13.75,15.0,27.25,28.25,26.0,389.06
2024-09-05,48.4579,3846.0,12.25,13.75,15.0,27.25,28.25,26.0,389.06
2024-09-04,48.4749,3851.0,12.25,13.75,15.0,27.25,28.25,26.0,389.06
2024-09-03,48.5042,3874.0,12.25,13.75,15.0,27.25,28.25,26.0,389.06
2024-09-02,48.6112,3926.0,12.25,13.75,15.0,27.25,28.25,26.0,389.06
2024-09-01,48.5876,3926.0,12.25,13.75,15.0,27.25,28.25,26.0,389.06
2024-08-31,48.5876,3909.0,12.25,13.75,15.0,27.25,28.25,25.6,389.06
2024-08-30,48.5876,3920.0,12.25,13.75,15.0,27.25,28.25,25.6,389.06
2024-08-29,48.6299,3914.0,12.25,13.75,15.0,27.25,28.25,25.6,389.06
2024-08-28,48.6684,3937.0,12.25,13.75,15.0,27.25,28.25,25.6,389.06
2024-08-27,48.7002,3943.0,12.25,13.75,15.0,27.25,28.25,25.6,389.06
2024-08-26,48.78212,3949.0,12.25,13.75,15.0,27.25,28.25,25.6,389.06
2024-08-25,48.7475,3943.0,12.25,13.75,15.0,27.25,28.25,25.6,389.06
2024-08-24,48.7475,3937.0,12.25,13.75,15.0,27.25,28.25,25.6,389.06
2024-08-23,48.7475,3937.0,12.25,13.75,15.0,27.25,28.25,25.6,389.06
2024-08-22,48.7526,3949.0,12.25,13.75,15.0,27.25,28.25,25.6,389.06
2024-08-21,48.8777,3954.0,12.25,13.75,15.0,27.25,28.25,25.6,389.06
2024-08-20,48.7505,3943.0,12.25,13.75,15.0,27.25,28.25,25.6,389.06
2024-08-19,48.8748,3954.0,12.25,13.75,15.0,27.25,28.25,25.6,389.06
2024-08-18,48.8918,3971.0,12.25,13.75,15.0,27.25,28.25,25.6,389.06
2024-08-17,48.8918,3954.0,12.25,13.75,15.0,27.25,28.25,25.6,389.06
2024-08-16,48.8918,3937.0,12.25,13.75,15.0,27.25,28.25,25.6,389.06
2024-08-15,49.0637,3931.0,12.25,13.75,15.0,27.25,28.25,25.6,389.06
2024-08-14,49.3385,3954.0,12.25,13.75,15.0,27.25,28.25,25.6,389.06
2024-08-13,49.2895,3949.0,12.25,13.75,15.0,27.25,28.25,25.6,389.06
2024-08-12,49.23558,3931.0,12.25,13.75,15.0,27.25,28.25,25.6,389.06
2024-08-11,49.219,3937.0,12.25,13.75,15.0,27.25,28.25,25.6,389.06
2024-08-10,49.219,3920.0,12.25,13.75,15.0,27.25,28.25,25.6,389.06
2024-08-09,49.219,3874.0,12.25,13.75,15.0,27.25,28.25,25.6,389.06
2024-08-08,49.2156,3754.0,12.25,13.75,15.0,27.25,28.25,25.6,389.06
2024-08-07,49.1687,3834.0,12.25,13.75,15.0,27.25,28.25,25.6,389.06
2024-08-06,49.2171,3806.0,12.25,13.75,15.0,27.25,28.25,25.6,389.06
2024-08-05,48.6447,3800.0,12.25,13.75,15.0,27.25,28.25,25.6,389.06
2024-08-04,48.67318,3777.0,12.25,13.75,15.0,27.25,28.25,25.6,389.06
2024-08-03,48.67318,3777.0,12.25,13.75,15.0,27.25,28.25,25.6,389.06
2024-08-02,48.67318,3766.0,12.25,13.75,15.0,27.25,28.25,25.6,389.06
2024-08-01,48.5375,3771.0,12.25,13.75,15.0,27.25,28.25,25.6,389.06
2024-07-31,48.4158,3718.0,12.25,13.75,15.0,27.25,28.25,25.7,389.06
2024-07-30,48.2929,3718.0,12.25,13.75,15.0,27.25,28.25,25.7,389.06
2024-07-29,48.3192,3714.0,12.25,13.75,15.0,27.25,28.25,25.7,389.06
2024-07-28,48.3045,3714.0,12.25,13.75,15.0,27.25,28.25,25.7,389.06
2024-07-27,48.3045,3703.0,12.25,13.75,15.0,27.25,28.25,25.7,389.06
2024-07-26,48.3045,3691.0,12.25,13.75,15.0,27.25,28.25,25.7,389.06
2024-07-25,48.3056,3737.0,12.25,13.75,15.0,27.25,28.25,25.7,389.06
2024-07-24,48.3395,3743.0,11.0,12.5,13.5,27.25,28.25,25.7,389.06
2024-07-23,48.3837,3745.0,11.0,12.5,13.5,27.25,28.25,25.7,389.06
2024-07-22,48.1542,3728.0,11.0,12.5,13.5,27.25,28.25,25.7,389.06
2024-07-21,48.2196,3709.0,11.0,12.5,13.5,27.25,28.25,25.7,389.06
2024-07-20,48.2196,3728.0,11.0,12.5,13.5,27.25,28.25,25.7,389.06
2024-07-19,48.2196,3749.0,11.0,12.5,13.5,27.25,28.25,25.7,389.06
2024-07-18,48.1695,3760.0,11.0,12.5,13.5,27.25,28.25,25.7,389.06
2024-07-17,48.0078,3754.0,11.0,12.5,13.5,27.25,28.25,25.7,389.06
2024-07-16,47.914,3709.0,11.0,12.5,13.5,27.25,28.25,25.7,389.06
2024-07-15,48.09524,3686.0,11.0,12.5,13.5,27.25,28.25,25.7,389.06
2024-07-14,47.9671,3699.0,11.0,12.5,13.5,27.25,28.25,25.7,389.06
2024-07-13,47.9671,3683.0,11.0,12.5,13.5,27.25,28.25,25.7,389.06
2024-07-12,47.9671,3697.0,11.0,12.5,13.5,27.25,28.25,25.7,389.06
2024-07-11,47.967,3663.0,11.0,12.5,13.5,27.25,28.25,25.7,389.06
2024-07-10,48.04938,3651.0,11.0,12.5,13.5,27.25,28.25,25.7,389.06
2024-07-09,47.9009,3640.0,11.0,12.5,13.5,27.25,28.25,25.7,389.06
2024-07-08,48.0267,3665.0,11.0,12.5,13.5,27.25,28.25,25.7,389.06
2024-07-07,47.96355,3669.0,11.0,12.5,13.5,27.25,28.25,25.7,389.06
2024-07-06,47.96355,3663.0,11.0,12.5,13.5,27.25,28.25,25.7,389.06
2024-07-05,47.96355,3623.0,11.0,12.5,13.5,27.25,28.25,25.7,389.06
2024-07-04,48.1105,3617.0,11.0,12.5,13.5,27.25,28.25,25.7,389.06
2024-07-03,48.1284,3600.0,11.0,12.5,13.5,27.25,28.25,25.7,389.06
2024-07-02,48.27,3600.0,11.0,12.5,13.5,27.25,28.25,25.7,389.06
2024-07-01,47.8749,3594.0,11.0,12.5,13.5,27.25,28.25,25.7,389.06
2024-06-30,48.0024,3594.0,11.0,12.5,13.5,27.25,28.25,27.1,389.06
2024-06-29,48.0024,3577.0,11.0,12.5,13.5,27.25,28.25,27.1,389.06
2024-06-28,48.0024,3577.0,11.0,12.5,13.5,27.25,28.25,27.1,389.06
2024-06-27,48.022,3566.0,11.0,12.5,13.5,27.25,28.25,27.1,389.06
2024-06-26,48.3505,3589.0,11.0,12.5,13.5,27.25,28.25,27.1,389.06
2024-06-25,48.29636,3594.0,11.0,12.5,13.5,27.25,28.25,27.1,389.06
2024-06-24,47.70785,3583.0,11.0,12.5,13.5,27.25,28.25,27.1,389.06
2024-06-23,47.6658,3577.0,11.0,12.5,13.5,27.25,28.25,27.1,389.06
2024-06-22,47.6658,3571.0,11.0,12.5,13.5,27.25,28.25,27.1,389.06
2024-06-21,47.6658,3589.0,11.0,12.5,13.5,27.25,28.25,27.1,389.06
2024-06-20,47.6821,3571.0,11.0,12.5,13.5,27.25,28.25,27.1,389.06
2024-06-19,47.6837,3577.0,11.0,12.5,13.5,27.25,28.25,27.1,389.06
2024-06-18,47.6729,3571.0,11.0,12.5,13.5,27.25,28.25,27.1,389.06
2024-06-17,47.70287,3571.0,11.0,12.5,13.5,27.25,28.25,27.1,389.06
2024-06-16,47.68649,3571.0,11.0,12.5,13.5,27.25,28.25,27.1,389.06
2024-06-15,47.68649,3560.0,11.0,12.5,13.5,27.25,28.25,27.1,389.06
2024-06-14,47.68649,3543.0,11.0,12.5,13.5,27.25,28.25,27.1,389.06
2024-06-13,47.662,3543.0,11.0,12.5,13.5,27.25,28.25,27.1,389.06
2024-06-12,47.53538,3537.0,11.0,12.5,13.5,27.25,28.25,27.1,389.06
2024-06-11,47.6778,3543.0,11.0,12.5,13.5,27.25,28.25,27.1,389.06
2024-06-10,47.6722,3520.0,11.0,12.5,13.5,27.25,28.25,27.1,389.06
2024-06-09,47.4821,3520.0,11.0,12.5,13.5,27.25,28.25,27.1,389.06
2024-06-08,47.4821,3509.0,11.0,12.5,13.5,27.25,28.25,27.1,389.06
2024-06-07,47.4821,3571.0,11.0,12.5,13.5,27.25,28.25,27.1,389.06
2024-06-06,47.57023,3554.0,11.0,12.5,13.5,27.25,28.25,27.1,389.06
2024-06-05,47.4159,3526.0,11.0,12.5,13.5,27.25,28.25,27.1,389.06
2024-06-04,47.0668,3543.0,11.0,12.5,13.5,27.25,28.25,27.1,389.06
2024-06-03,47.1596,3537.0,11.0,12.5,13.5,27.25,28.25,27.1,389.06
2024-06-02,47.2211,3531.0,11.0,12.5,13.5,27.25,28.25,27.1,389.06
2024-06-01,47.2211,3520.0,11.0,12.5,13.5,27.25,28.25,27.1,389.06
2024-05-31,47.2211,3537.0,11.0,12.5,13.5,27.25,28.25,27.5,389.06
2024-05-30,47.3701,3543.0,11.0,12.5,13.5,27.25,28.25,27.5,389.06
2024-05-29,47.5717,3566.0,11.0,12.5,13.5,27.25,28.25,27.5,389.06
2024-05-28,47.1376,3543.0,11.0,12.5,13.5,27.25,28.25,27.5,389.06
2024-05-27,47.12748,3520.0,11.0,12.5,13.5,27.25,28.25,27.5,389.06
2024-05-26,47.12654,3549.0,11.0,12.5,13.5,27.25,28.25,27.5,389.06
2024-05-25,47.12654,3554.0,11.0,12.5,13.5,27.25,28.25,27.5,389.06
2024-05-24,47.12654,3560.0,11.0,12.5,13.5,27.25,28.25,27.5,389.06
2024-05-23,46.7607,3583.0,11.0,12.5,13.5,27.25,28.25,27.5,389.06
2024-05-22,46.7069,3611.0,11.0,12.5,13.5,27.25,28.25,27.5,389.06
2024-05-21,46.6069,3617.0,11.0,12.5,13.5,27.25,28.25,27.5,389.06
2024-05-20,46.8846,3606.0,11.0,12.5,13.5,27.25,28.25,27.5,389.06
2024-05-19,46.8786,3606.0,11.0,12.5,13.5,27.25,28.25,27.5,389.06
2024-05-18,46.8786,3606.0,11.0,12.5,13.5,27.25,28.25,27.5,389.06
2024-05-17,46.8786,3635.62169,11.0,12.5,13.5,27.25,28.25,27.5,389.06
2024-05-16,46.8022,3554.0,11.0,12.5,13.5,27.25,28.25,27.5,389.06
2024-05-15,46.82944,3526.0,11.0,12.5,13.5,27.25,28.25,27.5,389.06
2024-05-14,47.0387,3526.0,11.0,12.5,13.5,27.25,28.25,27.5,389.06
2024-05-13,47.3752,3549.0,11.0,12.5,13.5,27.25,28.25,27.5,389.06
2024-05-12,47.369,3554.0,11.0,12.5,13.5,27.25,28.25,27.5,389.06
2024-05-11,47.369,3566.0,11.0,12.5,13.5,27.25,28.25,27.5,389.06
2024-05-10,47.369,3526.0,11.0,12.5,13.5,27.25,28.25,27.5,389.06
2024-05-09,47.5294,3509.0,11.0,12.5,13.5,27.25,28.25,27.5,389.06
2024-05-08,47.6896,3514.0,11.0,12.5,13.5,27.25,28.25,27.5,389.06
2024-05-07,47.9238,3531.0,11.0,12.5,13.5,27.25,28.25,27.5,389.06
2024-05-06,47.9343,3503.0,11.0,12.5,13.5,27.25,28.25,27.5,389.06
2024-05-05,47.9197,3497.0,11.0,12.5,13.5,27.25,28.25,27.5,389.06
2024-05-04,47.9197,3509.0,11.0,12.5,13.5,27.25,28.25,27.5,389.06
2024-05-03,47.9197,3509.0,11.0,12.5,13.5,27.25,28.25,27.5,389.06
2024-05-02,47.6409,3497.0,11.0,12.5,13.5,27.25,28.25,27.5,389.06
2024-05-01,47.8378,3469.0,11.0,12.5,13.5,27.25,28.25,27.5,389.06
2024-04-30,47.8257,3514.0,11.0,12.5,13.5,27.25,28.25,31.2,389.06
2024-04-29,47.81514,3509.0,11.0,12.5,13.5,27.25,28.25,31.2,389.06
2024-04-28,47.88214,3520.0,11.0,12.5,13.5,27.25,28.25,31.2,389.06
2024-04-27,47.88214,3531.0,11.0,12.5,13.5,27.25,28.25,31.2,389.06
2024-04-26,47.88214,3531.0,11.0,12.5,13.5,27.25,28.25,31.2,389.06
2024-04-25,47.86975,3514.0,11.0,12.5,13.5,27.25,28.25,31.2,389.06
2024-04-24,48.0199,3543.0,11.0,12.5,13.5,27.25,28.25,31.2,389.06
2024-04-23,48.14321,3577.0,11.0,12.5,13.5,27.25,28.25,31.2,389.06
2024-04-22,48.2513,3714.0,11.0,12.5,13.5,27.25,28.25,31.2,389.06
2024-04-21,48.31215,3714.0,11.0,12.5,13.5,27.25,28.25,31.2,389.06
2024-04-20,48.31215,3714.0,11.0,12.5,13.5,27.25,28.25,31.2,389.06
2024-04-19,48.31215,3691.0,11.0,12.5,13.5,27.25,28.25,31.2,389.06
2024-04-18,48.4769,3697.0,11.0,12.5,13.5,27.25,28.25,31.2,389.06
2024-04-17,48.47615,3703.0,11.0,12.5,13.5,27.25,28.25,31.2,389.06
2024-04-16,48.2265,3703.0,11.0,12.5,13.5,27.25,28.25,31.2,389.06
2024-04-15,47.5128,3714.0,11.0,12.5,13.5,27.25,28.25,31.2,389.06
2024-04-14,47.5193,3657.0,11.0,12.5,13.5,27.25,28.25,31.2,389.06
2024-04-13,47.5193,3640.0,11.0,12.5,13.5,27.25,28.25,31.2,389.06
2024-04-12,47.5193,3669.0,11.0,12.5,13.5,27.25,28.25,31.2,389.06
2024-04-11,47.5166,3611.0,11.0,12.5,13.5,27.25,28.25,31.2,389.06
2024-04-10,47.5218,3646.0,11.0,12.5,13.5,27.25,28.25,31.2,389.06
2024-04-09,47.5246,3629.0,11.0,12.5,13.5,27.25,28.25,31.2,389.06
2024-04-08,47.26959,3634.0,11.0,12.5,13.5,27.25,28.25,31.2,389.06
2024-04-07,47.326,3634.0,11.0,12.5,13.5,27.25,28.25,31.2,389.06
2024-04-06,47.326,3554.0,11.0,12.5,13.5,27.25,28.25,31.2,389.06
2024-04-05,47.326,3543.0,11.0,12.5,13.5,27.25,28.25,31.2,389.06
2024-04-04,47.32705,3531.0,11.0,12.5,13.5,27.25,28.25,31.2,389.06
2024-04-03,47.1254,3497.0,11.0,12.5,13.5,27.25,28.25,31.2,389.06
2024-04-02,47.60827,3491.0,11.0,12.5,13.5,27.25,28.25,31.2,389.06
2024-04-01,47.28754,3497.0,11.0,12.5,13.5,27.25,28.25,31.2,389.06
2024-03-31,47.3653,3497.0,11.0,12.5,13.5,27.25,28.25,33.1,389.06
2024-03-30,47.3653,3531.0,11.0,12.5,13.5,27.25,28.25,33.1,389.06
2024-03-29,47.3653,3497.0,11.0,12.5,13.5,27.25,28.25,33.1,389.06
2024-03-28,47.2185,3366.25439,11.0,12.5,13.5,27.25,28.25,33.1,389.06
2024-03-27,47.79,3520.0,11.0,12.5,13.5,27.25,28.25,33.1,389.06
2024-03-26,47.3701,3486.0,11.0,12.5,13.5,27.25,28.25,33.1,389.06
2024-03-25,46.64949,3400.0,11.0,12.5,13.5,27.25,28.25,33.1,389.06
2024-03-24,46.6216,3400.0,11.0,12.5,13.5,27.25,28.25,33.1,389.06
2024-03-23,46.6216,3394.0,11.0,12.5,13.5,27.25,28.25,33.1,389.06
2024-03-22,46.6216,3429.0,11.0,12.5,13.5,27.25,28.25,33.1,389.06
2024-03-21,46.8692,3429.0,10.0,11.5,12.5,27.25,28.25,33.1,389.06
2024-03-20,47.018,3429.0,10.0,11.5,12.5,27.25,28.25,33.1,389.06
2024-03-19,47.08669,3400.0,10.0,11.5,12.5,27.25,28.25,33.1,389.06
2024-03-18,47.71331,3331.0,10.0,11.5,12.5,27.25,28.25,33.1,389.06
2024-03-17,47.77,3371.0,10.0,11.5,12.5,27.25,28.25,33.1,389.06
2024-03-16,47.77,3343.0,10.0,11.5,12.5,27.25,28.25,33.1,389.06
2024-03-15,47.77,3297.0,10.0,11.5,12.5,27.25,28.25,33.1,389.06
2024-03-14,48.4197,3383.0,10.0,11.5,12.5,27.25,28.25,33.1,389.06
2024-03-13,48.7728,3514.0,10.0,11.5,12.5,27.25,28.25,33.1,389.06
2024-03-12,49.0156,3571.0,10.0,11.5,12.5,27.25,28.25,33.1,389.06
2024-03-11,49.2252,3520.0,10.0,11.5,12.5,27.25,28.25,33.1,389.06
2024-03-10,49.3193,3600.0,10.0,11.5,12.5,27.25,28.25,33.1,389.06
2024-03-09,49.3193,3680.0,10.0,11.5,12.5,27.25,28.25,33.1,389.06
2024-03-08,49.3193,3600.0,10.0,11.5,12.5,27.25,28.25,33.1,389.06
2024-03-07,49.5302,3600.0,10.0,11.5,12.5,27.25,28.25,33.1,389.06
2024-03-06,30.8722,3286.0,10.0,11.5,12.5,27.25,28.25,33.1,389.06
2024-03-05,30.8781,3160.0,10.0,11.5,12.5,27.25,28.25,33.1,389.06
2024-03-04,30.85877,2983.0,10.0,11.5,12.5,27.25,28.25,33.1,389.06
2024-03-03,30.8655,3131.0,10.0,11.5,12.5,27.25,28.25,33.1,389.06
2024-03-02,30.8655,3314.0,10.0,11.5,12.5,27.25,28.25,33.1,389.06
2024-03-01,30.8655,3280.0,10.0,11.5,12.5,27.25,28.25,33.1,389.06
2024-02-29,30.9076,3360.0,10.0,11.5,12.5,27.25,28.25,36.0,389.06
2024-02-28,30.8727,3429.0,10.0,11.5,12.5,27.25,28.25,36.0,389.06
2024-02-27,30.9118,3314.0,10.0,11.5,12.5,27.25,28.25,36.0,389.06
2024-02-26,30.87175,3257.0,10.0,11.5,12.5,27.25,28.25,36.0,389.06
2024-02-25,30.8771,3400.0,10.0,11.5,12.5,27.25,28.25,36.0,389.06
2024-02-24,30.8771,3600.0,10.0,11.5,12.5,27.25,28.25,36.0,389.06
2024-02-23,30.8771,3886.0,10.0,11.5,12.5,27.25,28.25,36.0,389.06
2024-02-22,30.87914,4023.0,10.0,11.5,12.5,27.25,28.25,36.0,389.06
2024-02-21,30.9092,4080.0,10.0,11.5,12.5,27.25,28.25,36.0,389.06
2024-02-20,30.8736,4080.0,10.0,11.5,12.5,27.25,28.25,36.0,389.06
2024-02-19,30.74133,4057.0,10.0,11.5,12.5,27.25,28.25,36.0,389.06
2024-02-18,30.8717,4114.0,10.0,11.5,12.5,27.25,28.25,36.0,389.06
2024-02-17,30.8717,4114.0,10.0,11.5,12.5,27.25,28.25,36.0,389.06
2024-02-16,30.8717,4114.0,10.0,11.5,12.5,27.25,28.25,36.0,389.06
2024-02-15,30.8708,4114.0,10.0,11.5,12.5,27.25,28.25,36.0,389.06
2024-02-14,30.87827,4114.0,10.0,11.5,12.5,27.25,28.25,36.0,389.06
2024-02-13,30.8671,4057.0,10.0,11.5,12.5,27.25,28.25,36.0,389.06
2024-02-12,30.68423,4057.0,10.0,11.5,12.5,27.25,28.25,36.0,389.06
2024-02-11,30.8675,4057.0,10.0,11.5,12.5,27.25,28.25,36.0,389.06
2024-02-10,30.8675,4057.0,10.0,11.5,12.5,27.25,28.25,36.0,389.06
2024-02-09,30.8675,4057.0,10.0,11.5,12.5,27.25,28.25,36.0,389.06
2024-02-08,30.8659,4057.0,10.0,11.5,12.5,27.25,28.25,36.0,389.06
2024-02-07,30.87521,4057.0,10.0,11.5,12.5,27.25,28.25,36.0,389.06
2024-02-06,30.871,3857.0,10.0,11.5,12.5,27.25,28.25,36.0,389.06
2024-02-05,31.05898,3943.0,10.0,11.5,12.5,27.25,28.25,36.0,389.06
2024-02-04,30.8642,4057.0,10.0,11.5,12.5,27.25,28.25,36.0,389.06
2024-02-03,30.8642,4371.0,10.0,11.5,12.5,27.25,28.25,36.0,389.06
2024-02-02,30.8642,4371.0,10.0,11.5,12.5,27.25,28.25,36.0,389.06
2024-02-01,30.872,4371.0,10.0,11.5,12.5,27.25,28.25,36.0,389.06
2024-01-31,30.913,4371.0,10.0,11.5,12.5,27.25,28.25,23.4,389.06
2024-01-30,30.8769,4343.0,10.0,11.5,12.5,27.25,28.25,23.4,389.06
2024-01-29,30.85114,4343.0,10.0,11.5,12.5,27.25,28.25,23.4,389.06
2024-01-28,30.8714,4314.0,10.0,11.5,12.5,27.25,28.25,23.4,389.06
2024-01-27,30.8714,4314.0,10.0,11.5,12.5,27.25,28.25,23.4,389.06
2024-01-26,30.8714,4314.0,10.0,11.5,12.5,27.25,28.25,23.4,389.06
2024-01-25,30.8722,4314.0,10.0,11.5,12.5,27.25,28.25,23.4,389.06
2024-01-24,30.8745,4171.0,10.0,11.5,12.5,27.25,28.25,23.4,389.06
2024-01-23,30.8774,4137.0,10.0,11.5,12.5,27.25,28.25,23.4,389.06
2024-01-22,30.7494,4011.0,10.0,11.5,12.5,27.25,28.25,23.4,389.06
2024-01-21,30.8624,3943.0,10.0,11.5,12.5,27.25,28.25,23.4,389.06
2024-01-20,30.8624,3977.0,10.0,11.5,12.5,27.25,28.25,23.4,389.06
2024-01-19,30.8624,3829.0,10.0,11.5,12.5,27.25,28.25,23.4,389.06
2024-01-18,30.866,3851.0,10.0,11.5,12.5,27.25,28.25,23.4,389.06
2024-01-17,30.87155,3817.0,10.0,11.5,12.5,27.25,28.25,23.4,389.06
2024-01-16,30.9132,3806.0,10.0,11.5,12.5,27.25,28.25,23.4,389.06
2024-01-15,30.89314,3714.0,10.0,11.5,12.5,27.25,28.25,23.4,389.06
2024-01-14,30.87564,3703.0,10.0,11.5,12.5,27.25,28.25,23.4,389.06
2024-01-13,30.87564,3691.0,10.0,11.5,12.5,27.25,28.25,23.4,389.06
2024-01-12,30.87564,3640.0,10.0,11.5,12.5,27.25,28.25,23.4,389.06
2024-01-11,30.8643,3606.0,10.0,11.5,12.5,27.25,28.25,23.4,389.06
2024-01-10,30.87309,3657.0,10.0,11.5,12.5,27.25,28.25,23.4,389.06
2024-01-09,30.87728,3686.0,10.0,11.5,12.5,27.25,28.25,23.4,389.06
2024-01-08,30.58565,3726.0,10.0,11.5,12.5,27.25,28.25,23.4,389.06
2024-01-07,30.7615,3714.0,10.0,11.5,12.5,27.25,28.25,23.4,389.06
2024-01-06,30.7615,3657.0,10.0,11.5,12.5,27.25,28.25,23.4,389.06
2024-01-05,30.7615,3611.0,10.0,11.5,12.5,27.25,28.25,23.4,389.06
2024-01-04,30.8986,3583.0,10.0,11.5,12.5,27.25,28.25,23.4,389.06
2024-01-03,30.8952,3611.0,10.0,11.5,12.5,27.25,28.25,23.4,389.06
2024-01-02,31.0048,3617.0,10.0,11.5,12.5,27.25,28.25,23.4,389.06
2024-01-01,30.89426,3589.0,10.0,11.5,12.5,27.25,28.25,23.4,389.06
2023-12-31,30.8903,3589.0,10.0,11.5,12.5,19.25,20.25,33.88,395.93
2023-12-30,30.8903,3583.0,10.0,11.5,12.5,19.25,20.25,33.88,395.93
2023-12-29,30.8903,3509.0,10.0,11.5,12.5,19.25,20.25,33.88,395.93
2023-12-28,30.7702,3600.0,10.0,11.5,12.5,19.25,20.25,33.88,395.93
2023-12-27,30.7761,3737.0,10.0,11.5,12.5,19.25,20.25,33.88,395.93
2023-12-26,30.84469,3611.0,10.0,11.5,12.5,19.25,20.25,33.88,395.93
2023-12-25,30.85883,3486.0,10.0,11.5,12.5,19.25,20.25,33.88,395.93
2023-12-24,30.8761,3463.0,10.0,11.5,12.5,19.25,20.25,33.88,395.93
2023-12-23,30.8761,3446.0,10.0,11.5,12.5,19.25,20.25,33.88,395.93
2023-12-22,30.8761,3383.0,10.0,11.5,12.5,19.25,20.25,33.88,395.93
2023-12-21,30.8749,3406.0,10.0,11.5,12.5,19.25,20.25,33.88,395.93
2023-12-20,30.8918,3349.0,10.0,11.5,12.5,19.25,20.25,33.88,395.93
2023-12-19,30.87634,3291.0,10.0,11.5,12.5,19.25,20.25,33.88,395.93
2023-12-18,30.90105,3280.0,10.0,11.5,12.5,19.25,20.25,33.88,395.93
2023-12-17,30.9013,3286.0,10.0,11.5,12.5,19.25,20.25,33.88,395.93
2023-12-16,30.9013,3280.0,10.0,11.5,12.5,19.25,20.25,33.88,395.93
2023-12-15,30.9013,3269.0,10.0,11.5,12.5,19.25,20.25,33.88,395.93
2023-12-14,30.871,3234.0,10.0,11.5,12.5,19.25,20.25,33.88,395.93
2023-12-13,30.8955,3189.0,10.0,11.5,12.5,19.25,20.25,33.88,395.93
2023-12-12,30.8917,3177.0,10.0,11.5,12.5,19.25,20.25,33.88,395.93
2023-12-11,30.81161,3177.0,10.0,11.5,12.5,19.25,20.25,33.88,395.93
2023-12-10,30.8749,3166.0,10.0,11.5,12.5,19.25,20.25,33.88,395.93
2023-12-09,30.8749,3154.0,10.0,11.5,12.5,19.25,20.25,33.88,395.93
2023-12-08,30.8749,3154.0,10.0,11.5,12.5,19.25,20.25,33.88,395.93
2023-12-07,30.92463,3154.0,10.0,11.5,12.5,19.25,20.25,33.88,395.93
2023-12-06,30.7664,3171.0,10.0,11.5,12.5,19.25,20.25,33.88,395.93
2023-12-05,30.90239,3177.0,10.0,11.5,12.5,19.25,20.25,33.88,395.93
2023-12-04,30.78922,3166.0,10.0,11.5,12.5,19.25,20.25,33.88,395.93
2023-12-03,30.8737,3171.0,10.0,11.5,12.5,19.25,20.25,33.88,395.93
2023-12-02,30.8737,3177.0,10.0,11.5,12.5,19.25,20.25,33.88,395.93
2023-12-01,30.8737,3143.0,10.0,11.5,12.5,19.25,20.25,33.88,395.93
2023-11-30,30.9193,3206.0,10.0,11.5,12.5,19.25,20.25,33.88,395.93
2023-11-29,30.8889,3189.0,10.0,11.5,12.5,19.25,20.25,33.88,395.93
2023-11-28,30.8697,3189.0,10.0,11.5,12.5,19.25,20.25,33.88,395.93
2023-11-27,30.69027,3189.0,10.0,11.5,12.5,19.25,20.25,33.88,395.93
2023-11-26,30.8743,3166.0,10.0,11.5,12.5,19.25,20.25,33.88,395.93
2023-11-25,30.8743,3137.0,10.0,11.5,12.5,19.25,20.25,33.88,395.93
2023-11-24,30.8743,3114.0,10.0,11.5,12.5,19.25,20.25,33.88,395.93
2023-11-23,30.87648,3097.0,10.0,11.5,12.5,19.25,20.25,33.88,395.93
2023-11-22,30.8723,3183.0,10.0,11.5,12.5,19.25,20.25,33.88,395.93
2023-11-21,30.9032,3143.0,10.0,11.5,12.5,19.25,20.25,33.88,395.93
2023-11-20,30.67322,3103.0,10.0,11.5,12.5,19.25,20.25,33.88,395.93
2023-11-19,30.8977,3097.0,10.0,11.5,12.5,19.25,20.25,33.88,395.93
2023-11-18,30.8977,3074.0,10.0,11.5,12.5,19.25,20.25,33.88,395.93
2023-11-17,30.8977,3063.0,10.0,11.5,12.5,19.25,20.25,33.88,395.93
2023-11-16,30.8893,3051.0,10.0,11.5,12.5,19.25,20.25,33.88,395.93
2023-11-15,30.8786,3040.0,10.0,11.5,12.5,19.25,20.25,33.88,395.93
2023-11-14,30.8712,2994.0,10.0,11.5,12.5,19.25,20.25,33.88,395.93
2023-11-13,30.7228,2966.0,10.0,11.5,12.5,19.25,20.25,33.88,395.93
2023-11-12,30.87452,2954.0,10.0,11.5,12.5,19.25,20.25,33.88,395.93
2023-11-11,30.87452,2943.0,10.0,11.5,12.5,19.25,20.25,33.88,395.93
2023-11-10,30.87452,2949.0,10.0,11.5,12.5,19.25,20.25,33.88,395.93
2023-11-09,30.8684,2931.0,10.0,11.5,12.5,19.25,20.25,33.88,395.93
2023-11-08,30.7725,2977.0,10.0,11.5,12.5,19.25,20.25,33.88,395.93
2023-11-07,30.867,2960.0,10.0,11.5,12.5,19.25,20.25,33.88,395.93
2023-11-06,30.51504,2926.0,10.0,11.5,12.5,19.25,20.25,33.88,395.93
2023-11-05,30.871,2914.0,10.0,11.5,12.5,19.25,20.25,33.88,395.93
2023-11-04,30.871,2903.0,10.0,11.5,12.5,19.25,20.25,33.88,395.93
2023-11-03,30.871,2891.0,10.0,11.5,12.5,19.25,20.25,33.88,395.93
2023-11-02,30.87016,2891.0,8.75,10.25,11.5,19.25,20.25,33.88,395.93
2023-11-01,30.8938,2914.0,8.75,10.25,11.5,19.25,20.25,33.88,395.93
2023-10-31,30.8699,2920.0,8.75,10.25,11.5,19.25,20.25,33.88,395.93
2023-10-30,30.73966,2926.0,8.75,10.25,11.5,19.25,20.25,33.88,395.93
2023-10-29,30.8703,2926.0,8.75,10.25,11.5,19.25,20.25,33.88,395.93
2023-10-28,30.8703,2926.0,8.75,10.25,11.5,19.25,20.25,33.88,395.93
2023-10-27,30.8703,2874.0,8.75,10.25,11.5,19.25,20.25,33.88,395.93
2023-10-26,30.8611,2880.0,8.75,10.25,11.5,19.25,20.25,33.88,395.93
2023-10-25,30.8927,2880.0,8.75,10.25,11.5,19.25,20.25,33.88,395.93
2023-10-24,30.8678,2823.0,8.75,10.25,11.5,19.25,20.25,33.88,395.93
2023-10-23,30.8721,2800.0,8.75,10.25,11.5,19.25,20.25,33.88,395.93
2023-10-22,30.8698,2754.0,8.75,10.25,11.5,19.25,20.25,33.88,395.93
2023-10-21,30.8698,2760.0,8.75,10.25,11.5,19.25,20.25,33.88,395.93
2023-10-20,30.8698,2749.0,8.75,10.25,11.5,19.25,20.25,33.88,395.93
2023-10-19,30.8925,2686.0,8.75,10.25,11.5,19.25,20.25,33.88,395.93
2023-10-18,30.8722,2686.0,8.75,10.25,11.5,19.25,20.25,33.88,395.93
2023-10-17,30.8937,2646.0,8.75,10.25,11.5,19.25,20.25,33.88,395.93
2023-10-16,30.83438,2640.0,8.75,10.25,11.5,19.25,20.25,33.88,395.93
2023-10-15,30.8677,2674.0,8.75,10.25,11.5,19.25,20.25,33.88,395.93
2023-10-14,30.8677,2651.0,8.75,10.25,11.5,19.25,20.25,33.88,395.93
2023-10-13,30.8677,2634.0,8.75,10.25,11.5,19.25,20.25,33.88,395.93
2023-10-12,30.8915,2686.0,8.75,10.25,11.5,19.25,20.25,33.88,395.93
2023-10-11,30.8773,2594.0,8.75,10.25,11.5,19.25,20.25,33.88,395.93
2023-10-10,30.8677,2543.0,8.75,10.25,11.5,19.25,20.25,33.88,395.93
2023-10-09,30.7342,2503.0,8.75,10.25,11.5,19.25,20.25,33.88,395.93
2023-10-08,30.7726,2480.0,8.75,10.25,11.5,19.25,20.25,33.88,395.93
2023-10-07,30.7726,2463.0,8.75,10.25,11.5,19.25,20.25,33.88,395.93
2023-10-06,30.7726,2451.0,8.75,10.25,11.5,19.25,20.25,33.88,395.93
2023-10-05,30.7715,2451.0,8.75,10.25,11.5,19.25,20.25,33.88,395.93
2023-10-04,30.8916,2457.0,8.75,10.25,11.5,19.25,20.25,33.88,395.93
2023-10-03,30.901,2440.0,8.75,10.25,11.5,19.25,20.25,33.88,395.93
2023-10-02,31.0021,2446.0,8.75,10.25,11.5,19.25,20.25,33.88,395.93
2023-10-01,30.87964,2463.0,8.75,10.25,11.5,19.25,20.25,33.88,395.93
2023-09-30,30.87964,2474.0,8.75,10.25,11.5,19.25,20.25,33.88,395.93
2023-09-29,30.87964,2497.0,8.75,10.25,11.5,19.25,20.25,33.88,395.93
2023-09-28,30.868,2503.0,8.75,10.25,11.5,19.25,20.25,33.88,395.93
2023-09-27,30.90002,2514.0,8.75,10.25,11.5,19.25,20.25,33.88,395.93
2023-09-26,30.8981,2509.0,8.75,10.25,11.5,19.25,20.25,33.88,395.93
2023-09-25,30.833,2519.0,8.75,10.25,11.5,19.25,20.25,33.88,395.93
2023-09-24,30.8721,2514.0,8.75,10.25,11.5,19.25,20.25,33.88,395.93
2023-09-23,30.8721,2522.0,8.75,10.25,11.5,19.25,20.25,33.88,395.93
2023-09-22,30.8721,2514.0,8.75,10.25,11.5,19.25,20.25,33.88,395.93
2023-09-21,30.8693,2531.0,8.75,10.25,11.5,19.25,20.25,33.88,395.93
2023-09-20,30.87646,2509.0,8.75,10.25,11.5,19.25,20.25,33.88,395.93
2023-09-19,30.8702,2509.0,8.75,10.25,11.5,19.25,20.25,33.88,395.93
2023-09-18,30.888,2474.0,8.75,10.25,11.5,19.25,20.25,33.88,395.93
2023-09-17,30.9204,2480.0,8.75,10.25,11.5,19.25,20.25,33.88,395.93
2023-09-16,30.9204,2497.0,8.75,10.25,11.5,19.25,20.25,33.88,395.93
2023-09-15,30.9204,2491.0,8.75,10.25,11.5,19.25,20.25,33.88,395.93
2023-09-14,30.8714,2491.0,8.75,10.25,11.5,19.25,20.25,33.88,395.93
2023-09-13,30.8743,2503.0,8.75,10.25,11.5,19.25,20.25,33.88,395.93
2023-09-12,30.8966,2497.0,8.75,10.25,11.5,19.25,20.25,33.88,395.93
2023-09-11,30.8209,2503.0,8.75,10.25,11.5,19.25,20.25,33.88,395.93
2023-09-10,30.8691,2503.0,8.75,10.25,11.5,19.25,20.25,33.88,395.93
2023-09-09,30.8691,2503.0,8.75,10.25,11.5,19.25,20.25,33.88,395.93
2023-09-08,30.8691,2520.0,8.75,10.25,11.5,19.25,20.25,33.88,395.93
2023-09-07,30.8638,2514.0,8.75,10.25,11.5,19.25,20.25,33.88,395.93
2023-09-06,30.9023,2480.0,8.75,10.25,11.5,19.25,20.25,33.88,395.93
2023-09-05,30.884,2509.0,8.75,10.25,11.5,19.25,20.25,33.88,395.93
2023-09-04,30.88181,2520.0,8.75,10.25,11.5,19.25,20.25,33.88,395.93
2023-09-03,30.8649,2520.0,8.75,10.25,11.5,19.25,20.25,33.88,395.93
2023-09-02,30.8649,2509.0,8.75,10.25,11.5,19.25,20.25,33.88,395.93
2023-09-01,30.8649,2509.0,8.75,10.25,11.5,19.25,20.25,33.88,395.93
2023-08-31,30.8756,2503.0,8.75,10.25,11.5,19.25,20.25,33.88,395.93
2023-08-30,30.9216,2509.0,8.75,10.25,11.5,19.25,20.25,33.88,395.93
2023-08-29,30.86969,2503.0,8.75,10.25,11.5,19.25,20.25,33.88,395.93
2023-08-28,30.8863,2531.0,8.75,10.25,11.5,19.25,20.25,33.88,395.93
2023-08-27,30.8706,2566.0,8.75,10.25,11.5,19.25,20.25,33.88,395.93
2023-08-26,30.8706,2577.0,8.75,10.25,11.5,19.25,20.25,33.88,395.93
2023-08-25,30.8706,2583.0,8.75,10.25,11.5,19.25,20.25,33.88,395.93
2023-08-24,30.8679,2583.0,8.75,10.25,11.5,19.25,20.25,33.88,395.93
2023-08-23,30.8732,2589.0,8.75,10.25,11.5,19.25,20.25,33.88,395.93
2023-08-22,30.8771,2560.0,8.75,10.25,11.5,19.25,20.25,33.88,395.93
2023-08-21,30.72772,2537.0,8.75,10.25,11.5,19.25,20.25,33.88,395.93
2023-08-20,30.8598,2549.0,8.75,10.25,11.5,19.25,20.25,33.88,395.93
2023-08-19,30.8598,2549.0,8.75,10.25,11.5,19.25,20.25,33.88,395.93
2023-08-18,30.8598,2577.0,8.75,10.25,11.5,19.25,20.25,33.88,395.93
2023-08-17,30.8743,2549.0,8.75,10.25,11.5,19.25,20.25,33.88,395.93
2023-08-16,30.8697,2549.0,8.75,10.25,11.5,19.25,20.25,33.88,395.93
2023-08-15,30.8644,2554.0,8.75,10.25,11.5,19.25,20.25,33.88,395.93
2023-08-14,31.0112,2594.0,8.75,10.25,11.5,19.25,20.25,33.88,395.93
2023-08-13,30.8701,2686.0,8.75,10.25,11.5,19.25,20.25,33.88,395.93
2023-08-12,30.8701,2651.0,8.75,10.25,11.5,19.25,20.25,33.88,395.93
2023-08-11,30.8701,2486.0,8.75,10.25,11.5,19.25,20.25,33.88,395.93
2023-08-10,30.87,2462.0,8.75,10.25,11.5,19.25,20.25,33.88,395.93
2023-08-09,30.8688,2457.0,8.75,10.25,11.5,19.25,20.25,33.88,395.93
2023-08-08,30.8737,2451.0,8.75,10.25,11.5,19.25,20.25,33.88,395.93
2023-08-07,30.7571,2451.0,8.75,10.25,11.5,19.25,20.25,33.88,395.93
2023-08-06,30.92678,2457.0,8.75,10.25,11.5,19.25,20.25,33.88,395.93
2023-08-05,30.92678,2463.0,8.75,10.25,11.5,19.25,20.25,33.88,395.93
2023-08-04,30.92678,2455.0,8.75,10.25,11.5,19.25,20.25,33.88,395.93
2023-08-03,30.8713,2451.0,8.75,10.25,11.5,19.25,20.25,33.88,395.93
2023-08-02,30.873,2451.0,8.75,10.25,11.5,19.25,20.25,33.88,395.93
2023-08-01,30.8794,2457.0,8.75,10.25,11.5,19.25,20.25,33.88,395.93
2023-07-31,30.7843,2450.0,8.75,10.25,11.5,8.25,9.25,33.88,395.93
2023-07-30,30.8765,2446.0,8.75,10.25,11.5,8.25,9.25,33.88,395.93
2023-07-29,30.8765,2451.0,8.75,10.25,11.5,8.25,9.25,33.88,395.93
2023-07-28,30.8765,2451.0,8.75,10.25,11.5,8.25,9.25,33.88,395.93
2023-07-27,30.8726,2466.0,8.75,10.25,11.5,8.25,9.25,33.88,395.93
2023-07-26,30.87393,2451.0,8.75,10.25,11.5,8.25,9.25,33.88,395.93
2023-07-25,30.8684,2457.0,8.75,10.25,11.5,8.25,9.25,33.88,395.93
2023-07-24,30.7686,2463.0,8.75,10.25,11.5,8.25,9.25,33.88,395.93
2023-07-23,30.7744,2463.0,8.75,10.25,11.5,8.25,9.25,33.88,395.93
2023-07-22,30.7744,2463.0,8.75,10.25,11.5,8.25,9.25,33.88,395.93
2023-07-21,30.7744,2457.0,8.75,10.25,11.5,8.25,9.25,33.88,395.93
2023-07-20,30.77438,2457.0,8.75,10.25,11.5,8.25,9.25,33.88,395.93
2023-07-19,30.8654,2463.0,8.75,10.25,11.5,8.25,9.25,33.88,395.93
2023-07-18,30.88403,2463.0,8.75,10.25,11.5,8.25,9.25,33.88,395.93
2023-07-17,30.8718,2474.0,8.75,10.25,11.5,8.25,9.25,33.88,395.93
2023-07-16,30.8729,2480.0,8.75,10.25,11.5,8.25,9.25,33.88,395.93
2023-07-15,30.8729,2497.0,8.75,10.25,11.5,8.25,9.25,33.88,395.93
2023-07-14,30.8729,2497.0,8.75,10.25,11.5,8.25,9.25,33.88,395.93
2023-07-13,30.8905,2491.0,8.75,10.25,11.5,8.25,9.25,33.88,395.93
2023-07-12,30.8927,2480.0,8.75,10.25,11.5,8.25,9.25,33.88,395.93
2023-07-11,30.8683,2469.0,8.75,10.25,11.5,8.25,9.25,33.88,395.93
2023-07-10,30.8684,2463.0,8.75,10.25,11.5,8.25,9.25,33.88,395.93
2023-07-09,30.8719,2486.0,8.75,10.25,11.5,8.25,9.25,33.88,395.93
2023-07-08,30.8719,2474.0,8.75,10.25,11.5,8.25,9.25,33.88,395.93
2023-07-07,30.8719,2474.0,8.75,10.25,11.5,8.25,9.25,33.88,395.93
2023-07-06,30.863,2480.0,8.75,10.25,11.5,8.25,9.25,33.88,395.93
2023-07-05,30.8653,2526.0,8.75,10.25,11.5,8.25,9.25,33.88,395.93
2023-07-04,30.87793,2531.0,8.75,10.25,11.5,8.25,9.25,33.88,395.93
2023-07-03,30.8828,2526.0,8.75,10.25,11.5,8.25,9.25,33.88,395.93
2023-07-02,30.8683,2560.0,8.75,10.25,11.5,8.25,9.25,33.88,395.93
2023-07-01,30.8683,2600.0,8.75,10.25,11.5,8.25,9.25,33.88,395.93
2023-06-30,30.8683,2577.0,8.75,10.25,11.5,8.25,9.25,33.88,395.93
2023-06-29,30.8718,2606.0,8.75,10.25,11.5,8.25,9.25,33.88,395.93
2023-06-28,30.867,1897.75963,8.75,10.25,11.5,8.25,9.25,33.88,395.93
2023-06-27,30.864,2560.0,8.75,10.25,11.5,8.25,9.25,33.88,395.93
2023-06-26,30.8231,2543.0,8.75,10.25,11.5,8.25,9.25,33.88,395.93
2023-06-25,30.8766,2537.0,8.75,10.25,11.5,8.25,9.25,33.88,395.93
2023-06-24,30.8766,2549.0,8.75,10.25,11.5,8.25,9.25,33.88,395.93
2023-06-23,30.8766,2514.0,8.75,10.25,11.5,8.25,9.25,33.88,395.93
2023-06-22,30.8699,2451.0,8.75,10.25,11.5,8.25,9.25,33.88,395.93
2023-06-21,30.867,2434.0,8.75,10.25,11.5,8.25,9.25,33.88,395.93
2023-06-20,30.87408,2457.0,8.75,10.25,11.5,8.25,9.25,33.88,395.93
2023-06-19,30.8572,2503.0,8.75,10.25,11.5,8.25,9.25,33.88,395.93
2023-06-18,30.8674,2560.0,8.75,10.25,11.5,8.25,9.25,33.88,395.93
2023-06-17,30.8674,2583.0,8.75,10.25,11.5,8.25,9.25,33.88,395.93
2023-06-16,30.8674,2600.0,8.75,10.25,11.5,8.25,9.25,33.88,395.93
2023-06-15,30.8691,2577.0,8.75,10.25,11.5,8.25,9.25,33.88,395.93
2023-06-14,30.8696,2600.0,8.75,10.25,11.5,8.25,9.25,33.88,395.93
2023-06-13,30.8743,2617.0,8.75,10.25,11.5,8.25,9.25,33.88,395.93
2023-06-12,30.91941,2640.0,8.75,10.25,11.5,8.25,9.25,33.88,395.93
2023-06-11,30.9239,2651.0,8.75,10.25,11.5,8.25,9.25,33.88,395.93
2023-06-10,30.9239,2657.0,8.75,10.25,11.5,8.25,9.25,33.88,395.93
2023-06-09,30.9239,2669.0,8.75,10.25,11.5,8.25,9.25,33.88,395.93
2023-06-08,30.9157,2657.0,8.75,10.25,11.5,8.25,9.25,33.88,395.93
2023-06-07,30.8635,2674.0,8.75,10.25,11.5,8.25,9.25,33.88,395.93
2023-06-06,30.7722,2674.0,8.75,10.25,11.5,8.25,9.25,33.88,395.93
2023-06-05,30.9002,2651.0,8.75,10.25,11.5,8.25,9.25,33.88,395.93
2023-06-04,30.8727,2669.0,8.75,10.25,11.5,8.25,9.25,33.88,395.93
2023-06-03,30.8727,2680.0,8.75,10.25,11.5,8.25,9.25,33.88,395.93
2023-06-02,30.8727,2697.0,8.75,10.25,11.5,8.25,9.25,33.88,395.93
2023-06-01,30.8694,2640.0,8.75,10.25,11.5,8.25,9.25,33.88,395.93
2023-05-31,30.7714,2651.0,8.75,10.25,11.5,8.25,9.25,33.88,395.93
2023-05-30,30.8718,2629.0,8.75,10.25,11.5,8.25,9.25,33.88,395.93
2023-05-29,30.88078,2629.0,8.75,10.25,11.5,8.25,9.25,33.88,395.93
2023-05-28,30.8685,2663.0,8.75,10.25,11.5,8.25,9.25,33.88,395.93
2023-05-27,30.8685,2686.0,8.75,10.25,11.5,8.25,9.25,33.88,395.93
2023-05-26,30.8685,2686.0,8.75,10.25,11.5,8.25,9.25,33.88,395.93
2023-05-25,30.8665,2674.0,8.75,10.25,11.5,8.25,9.25,33.88,395.93
2023-05-24,30.7689,2737.0,8.75,10.25,11.5,8.25,9.25,33.88,395.93
2023-05-23,30.87219,2760.0,8.75,10.25,11.5,8.25,9.25,33.88,395.93
2023-05-22,30.7872,2829.0,8.75,10.25,11.5,8.25,9.25,33.88,395.93
2023-05-21,30.8669,2709.0,8.75,10.25,11.5,8.25,9.25,33.88,395.93
2023-05-20,30.8669,2651.0,8.75,10.25,11.5,8.25,9.25,33.88,395.93
2023-05-19,30.8669,2514.0,8.75,10.25,11.5,8.25,9.25,33.88,395.93
2023-05-18,30.8694,2491.0,8.75,10.25,11.5,8.25,9.25,33.88,395.93
2023-05-17,30.8662,2503.0,8.75,10.25,11.5,8.25,9.25,33.88,395.93
2023-05-16,30.8723,2583.0,8.75,10.25,11.5,8.25,9.25,33.88,395.93
2023-05-15,30.8577,2594.0,8.75,10.25,11.5,8.25,9.25,33.88,395.93
2023-05-14,30.8702,2663.0,8.75,10.25,11.5,8.25,9.25,33.88,395.93
2023-05-13,30.8702,2686.0,8.75,10.25,11.5,8.25,9.25,33.88,395.93
2023-05-12,30.8702,2811.0,8.75,10.25,11.5,8.25,9.25,33.88,395.93
2023-05-11,30.8644,2874.0,8.75,10.25,11.5,8.25,9.25,33.88,395.93
2023-05-10,30.8715,2891.0,8.75,10.25,11.5,8.25,9.25,33.88,395.93
2023-05-09,30.8741,2897.0,8.75,10.25,11.5,8.25,9.25,33.88,395.93
2023-05-08,30.7746,2949.0,8.75,10.25,11.5,8.25,9.25,33.88,395.93
2023-05-07,30.9203,2960.0,8.75,10.25,11.5,8.25,9.25,33.88,395.93
2023-05-06,30.9203,2960.0,8.75,10.25,11.5,8.25,9.25,33.88,395.93
2023-05-05,30.9203,2994.0,8.75,10.25,11.5,8.25,9.25,33.88,395.93
2023-05-04,30.9224,2994.0,8.75,10.25,11.5,8.25,9.25,33.88,395.93
2023-05-03,30.882,2994.0,8.75,10.25,11.5,8.25,9.25,33.88,395.93
2023-05-02,31.02794,3000.0,8.75,10.25,11.5,8.25,9.25,33.88,395.93
2023-05-01,30.9023,2994.0,8.75,10.25,11.5,8.25,9.25,33.88,395.93
2023-04-30,30.88415,2994.0,8.75,10.25,11.5,8.25,9.25,33.88,395.93
2023-04-29,30.88415,2914.0,8.75,10.25,11.5,8.25,9.25,33.88,395.93
2023-04-28,30.88415,3086.0,8.75,10.25,11.5,8.25,9.25,33.88,395.93
2023-04-27,30.9239,2971.0,8.75,10.25,11.5,8.25,9.25,33.88,395.93
2023-04-26,30.872,2869.0,8.75,10.25,11.5,8.25,9.25,33.88,395.93
2023-04-25,30.8713,2834.0,8.75,10.25,11.5,8.25,9.25,33.88,395.93
2023-04-24,30.86867,2811.0,8.75,10.25,11.5,8.25,9.25,33.88,395.93
2023-04-23,30.8745,2731.0,8.75,10.25,11.5,8.25,9.25,33.88,395.93
2023-04-22,30.8745,2777.0,8.75,10.25,11.5,8.25,9.25,33.88,395.93
2023-04-21,30.8745,2777.0,8.75,10.25,11.5,8.25,9.25,33.88,395.93
2023-04-20,30.8681,2760.0,8.75,10.25,11.5,8.25,9.25,33.88,395.93
2023-04-19,30.8731,2686.0,8.75,10.25,11.5,8.25,9.25,33.88,395.93
2023-04-18,30.8683,2611.0,8.75,10.25,11.5,8.25,9.25,33.88,395.93
2023-04-17,30.9182,2651.0,8.75,10.25,11.5,8.25,9.25,33.88,395.93
2023-04-16,30.8634,2583.0,8.75,10.25,11.5,8.25,9.25,33.88,395.93
2023-04-15,30.8634,2583.0,8.75,10.25,11.5,8.25,9.25,33.88,395.93
2023-04-14,30.8634,2594.0,8.75,10.25,11.5,8.25,9.25,33.88,395.93
2023-04-13,30.8759,2571.0,8.75,10.25,11.5,8.25,9.25,33.88,395.93
2023-04-12,30.7675,2514.0,8.75,10.25,11.5,8.25,9.25,33.88,395.93
2023-04-11,31.0164,2474.0,8.75,10.25,11.5,8.25,9.25,33.88,395.93
2023-04-10,30.8409,2463.0,8.75,10.25,11.5,8.25,9.25,33.88,395.93
2023-04-09,30.8714,2457.0,8.75,10.25,11.5,8.25,9.25,33.88,395.93
2023-04-08,30.8714,2457.0,8.75,10.25,11.5,8.25,9.25,33.88,395.93
2023-04-07,30.8714,2451.0,8.75,10.25,11.5,8.25,9.25,33.88,395.93
2023-04-06,30.872,2480.0,8.75,10.25,11.5,8.25,9.25,33.88,395.93
2023-04-05,30.8685,2497.0,8.75,10.25,11.5,8.25,9.25,33.88,395.93
2023-04-04,30.8698,2423.0,8.75,10.25,11.5,8.25,9.25,33.88,395.93
2023-04-03,30.8821,2434.0,8.75,10.25,11.5,8.25,9.25,33.88,395.93
2023-04-02,30.866,2446.0,8.75,10.25,11.5,8.25,9.25,33.88,395.93
2023-04-01,30.866,1953.96507,8.75,10.25,11.5,8.25,9.25,33.88,395.93
2023-03-31,30.866,2491.0,8.75,10.25,11.5,8.25,9.25,33.88,395.93
2023-03-30,30.7739,2423.0,8.75,10.25,11.5,8.25,9.25,33.88,395.93
2023-03-29,30.87611,2377.0,8.75,10.25,11.5,8.25,9.25,33.88,395.93
2023-03-28,30.8705,2354.0,8.75,10.25,11.5,8.25,9.25,33.88,395.93
2023-03-27,30.823,2263.0,8.75,10.25,11.5,8.25,9.25,33.88,395.93
2023-03-26,30.9195,2286.0,8.75,10.25,11.5,8.25,9.25,33.88,395.93
2023-03-25,30.9195,2286.0,8.75,10.25,11.5,8.25,9.25,33.88,395.93
2023-03-24,30.9195,1970.37442,8.75,10.25,11.5,8.25,9.25,33.88,395.93
2023-03-23,30.8729,2303.0,8.75,10.25,11.5,8.25,9.25,33.88,395.93
2023-03-22,30.86883,2269.0,8.75,10.25,11.5,8.25,9.25,33.88,395.93
2023-03-21,30.8681,2246.0,8.75,10.25,11.5,8.25,9.25,33.88,395.93
2023-03-20,30.74603,2354.0,8.75,10.25,11.5,8.25,9.25,33.88,395.93
2023-03-19,30.773,2343.0,8.75,10.25,11.5,8.25,9.25,33.88,395.93
2023-03-18,30.773,2354.0,8.75,10.25,11.5,8.25,9.25,33.88,395.93
2023-03-17,30.773,2217.0,8.75,10.25,11.5,8.25,9.25,33.88,395.93
2023-03-16,30.8775,2189.0,8.75,10.25,11.5,8.25,9.25,33.88,395.93
2023-03-15,30.8715,2183.0,8.75,10.25,11.5,8.25,9.25,33.88,395.93
2023-03-14,30.8734,2177.0,8.75,10.25,11.5,8.25,9.25,33.88,395.93
2023-03-13,30.48848,2149.0,8.75,10.25,11.5,8.25,9.25,33.88,395.93
2023-03-12,30.8719,2114.0,8.75,10.25,11.5,8.25,9.25,33.88,395.93
2023-03-11,30.8719,2114.0,8.75,10.25,11.5,8.25,9.25,33.88,395.93
2023-03-10,30.8719,2097.0,8.75,10.25,11.5,8.25,9.25,33.88,395.93
2023-03-09,30.8515,2114.0,8.75,10.25,11.5,8.25,9.25,33.88,395.93
2023-03-08,30.70725,2057.0,8.75,10.25,11.5,8.25,9.25,33.88,395.93
2023-03-07,30.79,2086.0,8.75,10.25,11.5,8.25,9.25,33.88,395.93
2023-03-06,30.76923,2091.0,8.75,10.25,11.5,8.25,9.25,33.88,395.93
2023-03-05,30.7381,2080.0,8.75,10.25,11.5,8.25,9.25,33.88,395.93
2023-03-04,30.7381,2069.0,8.75,10.25,11.5,8.25,9.25,33.88,395.93
2023-03-03,30.7381,2023.0,8.75,10.25,11.5,8.25,9.25,33.88,395.93
2023-03-02,30.6002,1989.0,8.75,10.25,11.5,8.25,9.25,33.88,395.93
2023-03-01,30.6036,1920.0,8.0,9.25,10.75,8.25,9.25,33.88,395.93
2023-02-28,30.5997,1909.0,8.0,9.25,10.75,8.25,9.25,33.88,395.93
2023-02-27,30.58834,1909.0,8.0,9.25,10.75,8.25,9.25,33.88,395.93
2023-02-26,30.6017,1909.0,8.0,9.25,10.75,8.25,9.25,33.88,395.93
2023-02-25,30.6017,1909.0,8.0,9.25,10.75,8.25,9.25,33.88,395.93
2023-02-24,30.6017,1779.61825,8.0,9.25,10.75,8.25,9.25,33.88,395.93
2023-02-23,30.6017,1914.0,8.0,9.25,10.75,8.25,9.25,33.88,395.93
2023-02-22,30.5708,1922.0,8.0,9.25,10.75,8.25,9.25,33.88,395.93
2023-02-21,30.5328,1799.36739,8.0,9.25,10.75,8.25,9.25,33.88,395.93
2023-02-20,30.56259,1808.39426,8.0,9.25,10.75,8.25,9.25,33.88,395.93
2023-02-19,30.5378,1920.0,8.0,9.25,10.75,8.25,9.25,33.88,395.93
2023-02-18,30.5378,1920.0,8.0,9.25,10.75,8.25,9.25,33.88,395.93
2023-02-17,30.5378,1914.0,8.0,9.25,10.75,8.25,9.25,33.88,395.93
2023-02-16,30.514,1920.0,8.0,9.25,10.75,8.25,9.25,33.88,395.93
2023-02-15,30.56769,1931.0,8.0,9.25,10.75,8.25,9.25,33.88,395.93
2023-02-14,30.4961,1943.0,8.0,9.25,10.75,8.25,9.25,33.88,395.93
2023-02-13,30.47615,1949.0,8.0,9.25,10.75,8.25,9.25,33.88,395.93
2023-02-12,30.4658,1949.0,8.0,9.25,10.75,8.25,9.25,33.88,395.93
2023-02-11,30.4658,1949.0,8.0,9.25,10.75,8.25,9.25,33.88,395.93
2023-02-10,30.4658,1960.0,8.0,9.25,10.75,8.25,9.25,33.88,395.93
2023-02-09,30.3375,1966.0,8.0,9.25,10.75,8.25,9.25,33.88,395.93
2023-02-08,30.2631,1954.0,8.0,9.25,10.75,8.25,9.25,33.88,395.93
2023-02-07,30.1634,1943.0,8.0,9.25,10.75,8.25,9.25,33.88,395.93
2023-02-06,30.25593,1949.0,8.0,9.25,10.75,8.25,9.25,33.88,395.93
2023-02-05,30.2518,1943.0,8.0,9.25,10.75,8.25,9.25,33.88,395.93
2023-02-04,30.2518,1931.0,8.0,9.25,10.75,8.25,9.25,33.88,395.93
2023-02-03,30.2518,1966.0,8.0,9.25,10.75,8.25,9.25,33.88,395.93
2023-02-02,30.1739,1989.0,8.0,9.25,10.75,8.25,9.25,33.88,395.93
2023-02-01,30.1515,1977.0,8.0,9.25,10.75,8.25,9.25,33.88,395.93
2023-01-31,30.0521,1931.0,8.0,9.25,10.75,8.25,9.25,33.88,395.93
2023-01-30,29.85986,1960.0,8.0,9.25,10.75,8.25,9.25,33.88,395.93
2023-01-29,29.86735,2000.0,8.0,9.25,10.75,8.25,9.25,33.88,395.93
2023-01-28,29.86735,2000.0,8.0,9.25,10.75,8.25,9.25,33.88,395.93
2023-01-27,29.86735,1994.0,8.0,9.25,10.75,8.25,9.25,33.88,395.93
2023-01-26,29.8606,1994.0,8.0,9.25,10.75,8.25,9.25,33.88,395.93
2023-01-25,29.8179,1994.0,8.0,9.25,10.75,8.25,9.25,33.88,395.93
2023-01-24,29.8441,2017.0,8.0,9.25,10.75,8.25,9.25,33.88,395.93
2023-01-23,29.79005,2017.0,8.0,9.25,10.75,8.25,9.25,33.88,395.93
2023-01-22,29.8118,2011.0,8.0,9.25,10.75,8.25,9.25,33.88,395.93
2023-01-21,29.8118,2011.0,8.0,9.25,10.75,8.25,9.25,33.88,395.93
2023-01-20,29.8118,2017.0,8.0,9.25,10.75,8.25,9.25,33.88,395.93
2023-01-19,29.6182,1989.0,8.0,9.25,10.75,8.25,9.25,33.88,395.93
2023-01-18,29.5524,2034.0,8.0,9.25,10.75,8.25,9.25,33.88,395.93
2023-01-17,29.6157,2023.0,8.0,9.25,10.75,8.25,9.25,33.88,395.93
2023-01-16,29.54156,2000.0,8.0,9.25,10.75,8.25,9.25,33.88,395.93
2023-01-15,29.5173,2057.0,8.0,9.25,10.75,8.25,9.25,33.88,395.93
2023-01-14,29.5173,2069.0,8.0,9.25,10.75,8.25,9.25,33.88,395.93
2023-01-13,29.5173,2080.0,8.0,9.25,10.75,8.25,9.25,33.88,395.93
2023-01-12,29.67508,2080.0,8.0,9.25,10.75,8.25,9.25,33.88,395.93
2023-01-11,27.6433,2057.0,8.0,9.25,10.75,8.25,9.25,33.88,395.93
2023-01-10,27.5744,1943.0,8.0,9.25,10.75,8.25,9.25,33.88,395.93
2023-01-09,27.14958,1960.0,8.0,9.25,10.75,8.25,9.25,33.88,395.93
2023-01-08,27.1686,2023.0,8.0,9.25,10.75,8.25,9.25,33.88,395.93
2023-01-07,27.1686,2034.0,8.0,9.25,10.75,8.25,9.25,33.88,395.93
2023-01-06,27.1686,1989.0,8.0,9.25,10.75,8.25,9.25,33.88,395.93
2023-01-05,26.4246,1966.0,8.0,9.25,10.75,8.25,9.25,33.88,395.93
2023-01-04,24.75193,1954.0,8.0,9.25,10.75,8.25,9.25,33.88,395.93
2023-01-03,24.6856,1880.0,8.0,9.25,10.75,8.25,9.25,33.88,395.93
2023-01-02,24.72957,1869.0,8.0,9.25,10.75,8.25,9.25,33.88,395.93
2023-01-01,24.7388,1886.0,8.0,9.25,10.75,8.25,9.25,33.88,395.93
2022-12-31,24.7388,1886.0,8.0,9.25,10.75,8.25,9.25,13.89,476.75
2022-12-30,24.7388,1886.0,8.0,9.25,10.75,8.25,9.25,13.89,476.75
2022-12-29,24.71293,1829.0,8.0,9.25,10.75,8.25,9.25,13.89,476.75
2022-12-28,24.669,1766.0,8.0,9.25,10.75,8.25,9.25,13.89,476.75
2022-12-27,24.6646,1800.0,8.0,9.25,10.75,8.25,9.25,13.89,476.75
2022-12-26,24.71751,1749.0,8.0,9.25,10.75,8.25,9.25,13.89,476.75
2022-12-25,24.7222,1863.0,8.0,9.25,10.75,8.25,9.25,13.89,476.75
2022-12-24,24.7222,1886.0,8.0,9.25,10.75,8.25,9.25,13.89,476.75
2022-12-23,24.7222,1920.0,8.0,9.25,10.75,8.25,9.25,13.89,476.75
2022-12-22,24.7082,1966.0,8.0,9.25,10.75,8.25,9.25,13.89,476.75
2022-12-21,24.6691,1989.0,8.0,9.25,10.75,8.25,9.25,13.89,476.75
2022-12-20,24.7027,1966.0,8.0,9.25,10.75,8.25,9.25,13.89,476.75
2022-12-19,24.66071,1874.0,8.0,9.25,10.75,8.25,9.25,13.89,476.75
2022-12-18,24.6185,1943.0,8.0,9.25,10.75,8.25,9.25,13.89,476.75
2022-12-17,24.6185,2000.0,8.0,9.25,10.75,8.25,9.25,13.89,476.75
2022-12-16,24.6185,2091.0,8.0,9.25,10.75,8.25,9.25,13.89,476.75
2022-12-15,24.6802,2114.0,8.0,9.25,10.75,8.25,9.25,13.89,476.75
2022-12-14,24.63287,1897.0,8.0,9.25,10.75,8.25,9.25,13.89,476.75
2022-12-13,24.6246,1874.0,8.0,9.25,10.75,8.25,9.25,13.89,476.75
2022-12-12,24.60374,1886.0,8.0,9.25,10.75,8.25,9.25,13.89,476.75
2022-12-11,24.5702,1886.0,8.0,9.25,10.75,8.25,9.25,13.89,476.75
2022-12-10,24.5702,1886.0,8.0,9.25,10.75,8.25,9.25,13.89,476.75
2022-12-09,24.5702,1886.0,8.0,9.25,10.75,8.25,9.25,13.89,476.75
2022-12-08,24.6134,1840.0,8.0,9.25,10.75,8.25,9.25,13.89,476.75
2022-12-07,24.5684,1920.0,8.0,9.25,10.75,8.25,9.25,13.89,476.75
2022-12-06,24.5301,1966.0,8.0,9.25,10.75,8.25,9.25,13.89,476.75
2022-12-05,24.5301,2034.0,8.0,9.25,10.75,8.25,9.25,13.89,476.75
2022-12-04,24.5297,1920.0,8.0,9.25,10.75,8.25,9.25,13.89,476.75
2022-12-03,24.5297,1840.0,8.0,9.25,10.75,8.25,9.25,13.89,476.75
2022-12-02,24.5297,1806.0,8.0,9.25,10.75,8.25,9.25,13.89,476.75
2022-12-01,24.5238,1746.0,8.0,9.25,10.75,8.25,9.25,13.89,476.75
2022-11-30,24.5177,1691.0,8.0,9.25,10.75,8.25,9.25,13.89,476.75
2022-11-29,24.5363,1651.0,8.0,9.25,10.75,8.25,9.25,13.89,476.75
2022-11-28,24.62224,1646.0,8.0,9.25,10.75,8.25,9.25,13.89,476.75
2022-11-27,24.5456,1669.0,8.0,9.25,10.75,8.25,9.25,13.89,476.75
2022-11-26,24.5456,1638.0,8.0,9.25,10.75,8.25,9.25,13.89,476.75
2022-11-25,24.5456,1629.0,8.0,9.25,10.75,8.25,9.25,13.89,476.75
2022-11-24,24.5222,1589.0,8.0,9.25,10.75,8.25,9.25,13.89,476.75
2022-11-23,24.47931,1549.0,8.0,9.25,10.75,8.25,9.25,13.89,476.75
2022-11-22,24.4895,1520.0,8.0,9.25,10.75,8.25,9.25,13.89,476.75
2022-11-21,24.4546,1491.0,8.0,9.25,10.75,8.25,9.25,13.89,476.75
2022-11-20,24.4873,1472.0,8.0,9.25,10.75,8.25,9.25,13.89,476.75
2022-11-19,24.4873,1475.0,8.0,9.25,10.75,8.25,9.25,13.89,476.75
2022-11-18,24.4873,1466.0,8.0,9.25,10.75,8.25,9.25,13.89,476.75
2022-11-17,24.4523,1449.0,8.0,9.25,10.75,8.25,9.25,13.89,476.75
2022-11-16,24.4273,1438.0,8.0,9.25,10.75,8.25,9.25,13.89,476.75
2022-11-15,24.4233,1442.0,8.0,9.25,10.75,8.25,9.25,13.89,476.75
2022-11-14,24.42597,1438.0,8.0,9.25,10.75,8.25,9.25,13.89,476.75
2022-11-13,24.367,1429.0,8.0,9.25,10.75,8.25,9.25,13.89,476.75
2022-11-12,24.367,1446.0,8.0,9.25,10.75,8.25,9.25,13.89,476.75
2022-11-11,24.367,1431.0,8.0,9.25,10.75,8.25,9.25,13.89,476.75
2022-11-10,24.357,1398.0,8.0,9.25,10.75,8.25,9.25,13.89,476.75
2022-11-09,24.31824,1394.0,8.0,9.25,10.75,8.25,9.25,13.89,476.75
2022-11-08,24.2985,1337.51704,8.0,9.25,10.75,8.25,9.25,13.89,476.75
2022-11-07,23.77811,1281.65668,8.0,9.25,10.75,8.25,9.25,13.89,476.75
2022-11-06,24.2208,1302.4029,8.0,9.25,10.75,8.25,9.25,13.89,476.75
2022-11-05,24.2208,1302.4029,8.0,9.25,10.75,8.25,9.25,13.89,476.75
2022-11-04,24.2208,1302.4029,8.0,9.25,10.75,8.25,9.25,13.89,476.75
2022-11-03,24.0569,1258.62988,8.0,9.25,10.75,8.25,9.25,13.89,476.75
2022-11-02,24.1697,1278.82956,8.0,9.25,10.75,8.25,9.25,13.89,476.75
2022-11-01,24.15307,1277.40611,8.0,9.25,10.75,8.25,9.25,13.89,476.75
2022-10-31,23.14898,1217.52918,8.0,9.25,10.75,8.25,9.25,13.89,476.75
2022-10-30,23.13152,1219.3626,8.0,9.25,10.75,8.25,9.25,13.89,476.75
2022-10-29,23.13152,1219.3626,8.0,9.25,10.75,8.25,9.25,13.89,476.75
2022-10-28,23.13152,1219.3626,8.0,9.25,10.75,8.25,9.25,13.89,476.75
2022-10-27,19.6739,1050.44274,8.0,9.25,10.75,8.25,9.25,13.89,476.75
2022-10-26,19.6726,1052.46053,8.0,9.25,10.75,8.25,9.25,13.89,476.75
2022-10-25,19.63676,1043.47225,8.0,9.25,10.75,8.25,9.25,13.89,476.75
2022-10-24,19.5903,1038.42095,8.0,9.25,10.75,8.25,9.25,13.89,476.75
2022-10-23,19.5855,1039.61489,8.0,9.25,10.75,8.25,9.25,13.89,476.75
2022-10-22,19.5855,1039.61489,8.0,9.25,10.75,8.25,9.25,13.89,476.75
2022-10-21,19.5855,1039.61489,8.0,9.25,10.75,8.25,9.25,13.89,476.75
2022-10-20,19.6417,1029.84187,8.0,9.25,10.75,8.25,9.25,13.89,476.75
2022-10-19,19.6366,1027.49103,8.0,9.25,10.75,8.25,9.25,13.89,476.75
2022-10-18,19.6456,1041.54173,8.0,9.25,10.75,8.25,9.25,13.89,476.75
2022-10-17,19.592,1043.73921,8.0,9.25,10.75,8.25,9.25,13.89,476.75
2022-10-16,19.63,1036.10747,8.0,9.25,10.75,8.25,9.25,13.89,476.75
2022-10-15,19.63,1036.10747,8.0,9.25,10.75,8.25,9.25,13.89,476.75
2022-10-14,19.63,1036.10747,8.0,9.25,10.75,8.25,9.25,13.89,476.75
2022-10-13,19.6519,1055.14402,8.0,9.25,10.75,8.25,9.25,13.89,476.75
2022-10-12,19.6526,1055.37118,8.0,9.25,10.75,8.25,9.25,13.89,476.75
2022-10-11,19.6356,1059.7611,8.0,9.25,10.75,8.25,9.25,13.89,476.75
2022-10-10,19.7353,1057.90881,8.0,9.25,10.75,8.25,9.25,13.89,476.75
2022-10-09,19.6097,1072.10743,8.0,9.25,10.75,8.25,9.25,13.89,476.75
2022-10-08,19.6097,1072.10743,8.0,9.25,10.75,8.25,9.25,13.89,476.75
2022-10-07,19.6097,1072.10743,8.0,9.25,10.75,8.25,9.25,13.89,476.75
2022-10-06,19.6268,1080.10975,8.0,9.25,10.75,8.25,9.25,13.89,476.75
2022-10-05,19.6259,1079.87095,8.0,9.25,10.75,8.25,9.25,13.89,476.75
2022-10-04,19.5927,1084.15432,8.0,9.25,10.75,8.25,9.25,13.89,476.75
2022-10-03,19.5288,1062.91268,8.0,9.25,10.75,8.25,9.25,13.89,476.75
2022-10-02,19.5223,1043.41547,8.0,9.25,10.75,8.25,9.25,13.89,476.75
2022-10-01,19.5223,1043.41547,8.0,9.25,10.75,8.25,9.25,13.89,476.75
2022-09-30,19.5223,1043.41547,8.0,9.25,10.75,8.25,9.25,13.89,476.75
2022-09-29,19.5073,1040.1677,8.0,9.25,10.75,8.25,9.25,13.89,476.75
2022-09-28,19.4611,1038.89306,8.0,9.25,10.75,8.25,9.25,13.89,476.75
2022-09-27,19.5326,1021.54678,8.0,9.25,10.75,8.25,9.25,13.89,476.75
2022-09-26,19.585,1022.14638,8.0,9.25,10.75,8.25,9.25,13.89,476.75
2022-09-25,19.4591,1029.33944,8.0,9.25,10.75,8.25,9.25,13.89,476.75
2022-09-24,19.4591,1029.33944,8.0,9.25,10.75,8.25,9.25,13.89,476.75
2022-09-23,19.4591,1029.33944,8.0,9.25,10.75,8.25,9.25,13.89,476.75
2022-09-22,19.4496,1044.78252,8.0,9.25,10.75,8.25,9.25,13.89,476.75
2022-09-21,19.41557,1039.08412,8.0,9.25,10.75,8.25,9.25,13.89,476.75
2022-09-20,19.387,1034.50099,8.0,9.25,10.75,8.25,9.25,13.89,476.75
2022-09-19,19.21847,1029.52443,8.0,9.25,10.75,8.25,9.25,13.89,476.75
2022-09-18,19.3959,1042.45909,8.0,9.25,10.75,8.25,9.25,13.89,476.75
2022-09-17,19.3959,1042.45909,8.0,9.25,10.75,8.25,9.25,13.89,476.75
2022-09-16,19.3959,1042.45909,8.0,9.25,10.75,8.25,9.25,13.89,476.75
2022-09-15,19.3394,1035.5052,8.0,9.25,10.75,8.25,9.25,13.89,476.75
2022-09-14,19.32565,1054.09254,8.0,9.25,10.75,8.25,9.25,13.89,476.75
2022-09-13,19.3287,1059.54095,8.0,9.25,10.75,8.25,9.25,13.89,476.75
2022-09-12,19.2392,1068.9235,8.0,9.25,10.75,8.25,9.25,13.89,476.75
2022-09-11,19.29909,1064.86707,8.0,9.25,10.75,8.25,9.25,13.89,476.75
2022-09-10,19.29909,1064.86707,8.0,9.25,10.75,8.25,9.25,13.89,476.75
2022-09-09,19.29909,1064.86707,8.0,9.25,10.75,8.25,9.25,13.89,476.75
2022-09-08,19.2348,1056.24894,8.0,9.25,10.75,8.25,9.25,13.89,476.75
2022-09-07,19.22881,1060.43289,8.0,9.25,10.75,8.25,9.25,13.89,476.75
2022-09-06,19.2091,1050.14415,8.0,9.25,10.75,8.25,9.25,13.89,476.75
2022-09-05,19.2845,1060.09418,8.0,9.25,10.75,8.25,9.25,13.89,476.75
2022-09-04,19.2027,1055.5975,8.0,9.25,10.75,8.25,9.25,13.89,476.75
2022-09-03,19.2027,1055.5975,8.0,9.25,10.75,8.25,9.25,13.89,476.75
2022-09-02,19.2027,1055.5975,8.0,9.25,10.75,8.25,9.25,13.89,476.75
2022-09-01,19.199,1047.24619,8.0,9.25,10.75,8.25,9.25,13.89,476.75
2022-08-31,19.20865,1057.77735,8.0,9.25,10.75,8.25,9.25,13.89,476.75
2022-08-30,19.1785,1062.52958,8.0,9.25,10.75,8.25,9.25,13.89,476.75
2022-08-29,19.2136,1072.75186,8.0,9.25,10.75,8.25,9.25,13.89,476.75
2022-08-28,19.1653,1069.74705,8.0,9.25,10.75,8.25,9.25,13.89,476.75
2022-08-27,19.1653,1069.74705,8.0,9.25,10.75,8.25,9.25,13.89,476.75
2022-08-26,19.1653,1069.74705,8.0,9.25,10.75,8.25,9.25,13.89,476.75
2022-08-25,19.18076,1083.93021,8.0,9.25,10.75,8.25,9.25,13.89,476.75
2022-08-24,19.1382,1075.43347,8.0,9.25,10.75,8.25,9.25,13.89,476.75
2022-08-23,19.1374,1074.77328,8.0,9.25,10.75,8.25,9.25,13.89,476.75
2022-08-22,19.1234,1066.11716,8.0,9.25,10.75,8.25,9.25,13.89,476.75
2022-08-21,19.1226,1074.43395,8.0,9.25,10.75,8.25,9.25,13.89,476.75
2022-08-20,19.1226,1074.43395,8.0,9.25,10.75,8.25,9.25,13.89,476.75
2022-08-19,19.1226,1074.43395,8.0,9.25,10.75,8.25,9.25,13.89,476.75
2022-08-18,19.1001,1077.89817,8.0,9.25,10.75,8.25,9.25,13.89,476.75
2022-08-17,19.13138,1082.73911,8.0,9.25,10.75,8.25,9.25,13.89,476.75
2022-08-16,19.1207,1090.06465,8.0,9.25,10.75,8.25,9.25,13.89,476.75
2022-08-15,19.1306,1095.67255,8.0,9.25,10.75,8.25,9.25,13.89,476.75
2022-08-14,19.1135,1105.26281,8.0,9.25,10.75,8.25,9.25,13.89,476.75
2022-08-13,19.1135,1105.26281,8.0,9.25,10.75,8.25,9.25,13.89,476.75
2022-08-12,19.1135,1105.26281,8.0,9.25,10.75,8.25,9.25,13.89,476.75
2022-08-11,19.1032,1099.20098,8.0,9.25,10.75,8.25,9.25,13.89,476.75
2022-08-10,19.13723,1104.78938,8.0,9.25,10.75,8.25,9.25,13.89,476.75
2022-08-09,19.1431,1104.14335,8.0,9.25,10.75,8.25,9.25,13.89,476.75
2022-08-08,19.1038,1097.45432,8.0,9.25,10.75,8.25,9.25,13.89,476.75
2022-08-07,19.10515,1088.99378,8.0,9.25,10.75,8.25,9.25,13.89,476.75
2022-08-06,19.10515,1088.99378,8.0,9.25,10.75,8.25,9.25,13.89,476.75
2022-08-05,19.10515,1088.99378,8.0,9.25,10.75,8.25,9.25,13.89,476.75
2022-08-04,19.0552,1095.7039,8.0,9.25,10.75,8.25,9.25,13.89,476.75
2022-08-03,19.0158,1074.79149,8.0,9.25,10.75,8.25,9.25,13.89,476.75
2022-08-02,18.9479,1078.93409,8.0,9.25,10.75,8.25,9.25,13.89,476.75
2022-08-01,18.9129,1075.66421,8.0,9.25,10.75,8.25,9.25,13.89,476.75
2022-07-31,18.89512,1070.94717,8.0,9.25,10.75,8.25,9.25,13.89,476.75
2022-07-30,18.89512,1070.94717,8.0,9.25,10.75,8.25,9.25,13.89,476.75
2022-07-29,18.89512,1070.94717,8.0,9.25,10.75,8.25,9.25,13.89,476.75
2022-07-28,18.9096,1064.10766,8.0,9.25,10.75,8.25,9.25,13.89,476.75
2022-07-27,18.9306,1046.30002,8.0,9.25,10.75,8.25,9.25,13.89,476.75
2022-07-26,18.9299,1045.40926,8.0,9.25,10.75,8.25,9.25,13.89,476.75
2022-07-25,18.9117,1045.19463,8.0,9.25,10.75,8.25,9.25,13.89,476.75
2022-07-24,18.8888,1048.84805,8.0,9.25,10.75,8.25,9.25,13.89,476.75
2022-07-23,18.8888,1048.84805,8.0,9.25,10.75,8.25,9.25,13.89,476.75
2022-07-22,18.8888,1048.84805,8.0,9.25,10.75,8.25,9.25,13.89,476.75
2022-07-21,18.9207,1041.85967,8.0,9.25,10.75,8.25,9.25,13.89,476.75
2022-07-20,18.8774,1031.46399,8.0,9.25,10.75,8.25,9.25,13.89,476.75
2022-07-19,18.8935,1038.72181,8.0,9.25,10.75,8.25,9.25,13.89,476.75
2022-07-18,18.833,1034.91128,8.0,9.25,10.75,8.25,9.25,13.89,476.75
2022-07-17,18.8479,1031.6095,8.0,9.25,10.75,8.25,9.25,13.89,476.75
2022-07-16,18.8479,1031.6095,8.0,9.25,10.75,8.25,9.25,13.89,476.75
2022-07-15,18.8479,1031.6095,8.0,9.25,10.75,8.25,9.25,13.89,476.75
2022-07-14,18.8429,1032.60797,8.0,9.25,10.75,8.25,9.25,13.89,476.75
2022-07-13,18.8556,1051.30873,8.0,9.25,10.75,8.25,9.25,13.89,476.75
2022-07-12,18.8441,1044.06385,7.5,8.75,9.75,8.25,9.25,13.89,476.75
2022-07-11,18.8637,1049.21319,7.5,8.75,9.75,8.25,9.25,13.89,476.75
2022-07-10,18.853,1055.04308,7.5,8.75,9.75,8.25,9.25,13.89,476.75
2022-07-09,18.853,1055.04308,7.5,8.75,9.75,8.25,9.25,13.89,476.75
2022-07-08,18.853,1055.04308,7.5,8.75,9.75,8.25,9.25,13.89,476.75
2022-07-07,18.859,1053.74171,7.5,8.75,9.75,8.25,9.25,13.89,476.75
2022-07-06,18.8296,1050.28284,7.5,8.75,9.75,8.25,9.25,13.89,476.75
2022-07-05,18.84058,1067.1897,7.5,8.75,9.75,8.25,9.25,13.89,476.75
2022-07-04,18.7622,1085.12936,7.5,8.75,9.75,8.25,9.25,13.89,476.75
2022-07-03,18.7721,1085.70199,7.5,8.75,9.75,8.25,9.25,13.89,476.75
2022-07-02,18.7721,1085.70199,7.5,8.75,9.75,8.25,9.25,13.89,476.75
2022-07-01,18.7721,1085.70199,7.5,8.75,9.75,8.25,9.25,13.89,476.75
2022-06-30,18.7689,1088.65471,7.5,8.75,9.75,8.25,9.25,13.89,476.75
2022-06-29,18.7662,1094.29017,7.5,8.75,9.75,8.25,9.25,13.89,476.75
2022-06-28,18.75053,1095.66744,7.5,8.75,9.75,8.25,9.25,13.89,476.75
2022-06-27,18.7266,1096.31609,7.5,8.75,9.75,8.25,9.25,13.89,476.75
2022-06-26,18.75511,1101.36184,7.5,8.75,9.75,8.25,9.25,13.89,476.75
2022-06-25,18.75511,1101.36184,7.5,8.75,9.75,8.25,9.25,13.89,476.75
2022-06-24,18.75511,1101.36184,7.5,8.75,9.75,8.25,9.25,13.89,476.75
2022-06-23,18.7113,1098.30789,7.5,8.75,9.75,8.25,9.25,13.89,476.75
2022-06-22,18.7214,1104.07715,7.5,8.75,9.75,8.25,9.25,13.89,476.75
2022-06-21,18.7403,1105.37247,7.5,8.75,9.75,8.25,9.25,13.89,476.75
2022-06-20,18.7238,1105.0013,7.5,8.75,9.75,8.25,9.25,13.89,476.75
2022-06-19,18.7092,1104.13963,7.5,8.75,9.75,8.25,9.25,13.89,476.75
2022-06-18,18.7092,1104.13963,7.5,8.75,9.75,8.25,9.25,13.89,476.75
2022-06-17,18.7092,1104.13963,7.5,8.75,9.75,8.25,9.25,13.89,476.75
2022-06-16,18.7351,1111.75182,7.5,8.75,9.75,8.25,9.25,13.89,476.75
2022-06-15,18.7105,1092.00485,7.5,8.75,9.75,8.25,9.25,13.89,476.75
2022-06-14,18.6911,1087.38708,7.5,8.75,9.75,8.25,9.25,13.89,476.75
2022-06-13,18.73537,1101.10634,7.5,8.75,9.75,8.25,9.25,13.89,476.75
2022-06-12,18.6775,1123.82661,7.5,8.75,9.75,8.25,9.25,13.89,476.75
2022-06-11,18.6775,1123.82661,7.5,8.75,9.75,8.25,9.25,13.89,476.75
2022-06-10,18.6775,1123.82661,7.5,8.75,9.75,8.25,9.25,13.89,476.75
2022-06-09,18.6602,1109.1671,7.5,8.75,9.75,8.25,9.25,13.89,476.75
2022-06-08,18.6577,1110.87801,7.5,8.75,9.75,8.25,9.25,13.89,476.75
2022-06-07,18.6205,1106.02906,7.5,8.75,9.75,8.25,9.25,13.89,476.75
2022-06-06,18.5911,1099.32167,7.5,8.75,9.75,8.25,9.25,13.89,476.75
2022-06-05,18.6197,1104.72435,7.5,8.75,9.75,8.25,9.25,13.89,476.75
2022-06-04,18.6197,1104.72435,7.5,8.75,9.75,8.25,9.25,13.89,476.75
2022-06-03,18.6197,1104.72435,7.5,8.75,9.75,8.25,9.25,13.89,476.75
2022-06-02,18.6013,1116.25139,7.5,8.75,9.75,8.25,9.25,13.89,476.75
2022-06-01,18.58327,1101.30835,7.5,8.75,9.75,8.25,9.25,13.89,476.75
2022-05-31,18.5715,1100.2525,7.5,8.75,9.75,8.25,9.25,13.89,476.75
2022-05-30,18.5704,1105.322,7.5,8.75,9.75,8.25,9.25,13.89,476.75
2022-05-29,18.576,1105.65532,7.5,8.75,9.75,8.25,9.25,13.89,476.75
2022-05-28,18.576,1105.65532,7.5,8.75,9.75,8.25,9.25,13.89,476.75
2022-05-27,18.576,1105.65532,7.5,8.75,9.75,8.25,9.25,13.89,476.75
2022-05-26,18.5743,1103.22516,7.5,8.75,9.75,8.25,9.25,13.89,476.75
2022-05-25,18.4909,1097.55811,7.5,8.75,9.75,8.25,9.25,13.89,476.75
2022-05-24,18.37866,1102.06348,7.5,8.75,9.75,8.25,9.25,13.89,476.75
2022-05-23,18.2374,1083.44941,7.5,8.75,9.75,8.25,9.25,13.89,476.75
2022-05-22,18.2537,1080.89656,7.5,8.75,9.75,8.25,9.25,13.89,476.75
2022-05-21,18.2537,1080.89656,7.5,8.75,9.75,8.25,9.25,13.89,476.75
2022-05-20,18.2537,1080.89656,7.5,8.75,9.75,8.25,9.25,13.89,476.75
2022-05-19,18.2309,1079.19468,7.5,8.75,9.75,8.25,9.25,13.89,476.75
2022-05-18,18.2513,1065.55653,7.5,8.75,9.75,8.25,9.25,13.89,476.75
2022-05-17,18.2479,1066.70731,7.5,8.75,9.75,8.25,9.25,13.89,476.75
2022-05-16,18.3049,1067.27329,7.5,8.75,9.75,8.25,9.25,13.89,476.75
2022-05-15,18.2915,1062.90474,7.5,8.75,9.75,8.25,9.25,13.89,476.75
2022-05-14,18.2915,1062.90474,7.5,8.75,9.75,8.25,9.25,13.89,476.75
2022-05-13,18.2915,1062.90474,7.5,8.75,9.75,8.25,9.25,13.89,476.75
2022-05-12,18.3596,1076.5425,7.5,8.75,9.75,8.25,9.25,13.89,476.75
2022-05-11,18.4509,1098.98035,7.5,8.75,9.75,8.25,9.25,13.89,476.75
2022-05-10,18.45337,1091.59273,7.5,8.75,9.75,8.25,9.25,13.89,476.75
2022-05-09,18.4877,1103.84704,7.5,8.75,9.75,8.25,9.25,13.89,476.75
2022-05-08,18.4555,1116.22438,7.5,8.75,9.75,8.25,9.25,13.89,476.75
2022-05-07,18.4555,1116.22438,7.5,8.75,9.75,8.25,9.25,13.89,476.75
2022-05-06,18.4555,1116.22438,7.5,8.75,9.75,8.25,9.25,13.89,476.75
2022-05-05,18.453,1111.80158,7.5,8.75,9.75,8.25,9.25,13.89,476.75
2022-05-04,18.4441,1107.11443,7.5,8.75,9.75,8.25,9.25,13.89,476.75
2022-05-03,18.4511,1108.60242,7.5,8.75,9.75,8.25,9.25,13.89,476.75
2022-05-02,18.4666,1105.37777,7.5,8.75,9.75,8.25,9.25,13.89,476.75
2022-05-01,18.4554,1132.8917,7.5,8.75,9.75,8.25,9.25,13.89,476.75
2022-04-30,18.4554,1132.8917,7.5,8.75,9.75,8.25,9.25,13.89,476.75
2022-04-29,18.4554,1132.8917,7.5,8.75,9.75,8.25,9.25,13.89,476.75
2022-04-28,18.4718,1121.66436,7.5,8.75,9.75,8.25,9.25,13.89,476.75
2022-04-27,18.4873,1120.94141,7.5,8.75,9.75,8.25,9.25,13.89,476.75
2022-04-26,18.53293,1132.94393,7.5,8.75,9.75,8.25,9.25,13.89,476.75
2022-04-25,18.5239,1127.50799,7.5,8.75,9.75,8.25,9.25,13.89,476.75
2022-04-24,18.5573,1152.09373,7.5,8.75,9.75,8.25,9.25,13.89,476.75
2022-04-23,18.5573,1152.09373,7.5,8.75,9.75,8.25,9.25,13.89,476.75
2022-04-22,18.5573,1152.09373,7.5,8.75,9.75,8.25,9.25,13.89,476.75
2022-04-21,18.459,1154.24016,7.5,8.75,9.75,8.25,9.25,13.89,476.75
2022-04-20,18.4344,1157.08782,7.5,8.75,9.75,8.25,9.25,13.89,476.75
2022-04-19,18.5867,1168.67906,7.5,8.75,9.75,8.25,9.25,13.89,476.75
2022-04-18,18.3917,1172.50161,7.5,8.75,9.75,8.25,9.25,13.89,476.75
2022-04-17,18.3813,1164.74688,7.5,8.75,9.75,8.25,9.25,13.89,476.75
2022-04-16,18.3813,1164.74688,7.5,8.75,9.75,8.25,9.25,13.89,476.75
2022-04-15,18.3813,1164.74688,7.5,8.75,9.75,8.25,9.25,13.89,476.75
2022-04-14,18.3789,1164.59484,7.25,8.5,9.5,8.25,9.25,13.89,476.75
2022-04-13,18.4689,1176.29502,7.25,8.5,9.5,8.25,9.25,13.89,476.75
2022-04-12,18.4095,1167.24403,7.25,8.5,9.5,8.25,9.25,13.89,476.75
2022-04-11,18.2957,1143.67613,7.25,8.5,9.5,8.25,9.25,13.89,476.75
2022-04-10,18.3063,1142.74953,7.25,8.5,9.5,8.25,9.25,13.89,476.75
2022-04-09,18.3063,1142.74953,7.25,8.5,9.5,8.25,9.25,13.89,476.75
2022-04-08,18.3063,1142.74953,7.25,8.5,9.5,8.25,9.25,13.89,476.75
2022-04-07,18.28,1136.52374,7.25,8.5,9.5,8.25,9.25,13.89,476.75
2022-04-06,18.2113,1123.23559,7.25,8.5,9.5,8.25,9.25,13.89,476.75
2022-04-05,18.2055,1125.51178,7.25,8.5,9.5,8.25,9.25,13.89,476.75
2022-04-04,18.2456,1131.68647,7.25,8.5,9.5,8.25,9.25,13.89,476.75
2022-04-03,18.2479,1125.90366,7.25,8.5,9.5,8.25,9.25,13.89,476.75
2022-04-02,18.2479,1125.90366,7.25,8.5,9.5,8.25,9.25,13.89,476.75
2022-04-01,18.2479,1125.90366,7.25,8.5,9.5,8.25,9.25,13.89,476.75
2022-03-31,18.2355,1142.78574,7.25,8.5,9.5,8.25,9.25,13.89,476.75
2022-03-30,18.2922,1137.10576,7.25,8.5,9.5,8.25,9.25,13.89,476.75
2022-03-29,18.2706,1123.1336,7.25,8.5,9.5,8.25,9.25,13.89,476.75
2022-03-28,18.42245,1148.8157,7.25,8.5,9.5,8.25,9.25,13.89,476.75
2022-03-27,18.3015,1149.62857,7.25,8.5,9.5,8.25,9.25,13.89,476.75
2022-03-26,18.3015,1149.62857,7.25,8.5,9.5,8.25,9.25,13.89,476.75
2022-03-25,18.3015,1149.62857,7.25,8.5,9.5,8.25,9.25,13.89,476.75
2022-03-24,18.3433,1156.85426,7.25,8.5,9.5,8.25,9.25,13.89,476.75
2022-03-23,18.5088,1152.41509,7.25,8.5,9.5,8.25,9.25,13.89,476.75
2022-03-22,18.1944,1123.53866,7.25,8.5,9.5,8.25,9.25,13.89,476.75
2022-03-21,15.71808,974.61316,7.25,8.5,9.5,8.25,9.25,13.89,476.75
2022-03-20,15.6903,972.68911,7.25,8.5,9.5,8.25,9.25,13.89,476.75
2022-03-19,15.6903,972.68911,7.25,8.5,9.5,8.25,9.25,13.89,476.75
2022-03-18,15.6903,972.68911,7.25,8.5,9.5,8.25,9.25,13.89,476.75
2022-03-17,15.6915,979.77595,7.25,8.5,9.5,8.25,9.25,13.89,476.75
2022-03-16,15.6789,961.79982,7.25,8.5,9.5,8.25,9.25,13.89,476.75
2022-03-15,15.7126,974.22311,7.25,8.5,9.5,8.25,9.25,13.89,476.75
2022-03-14,15.63602,985.10913,7.25,8.5,9.5,8.25,9.25,13.89,476.75
2022-03-13,15.6899,1000.15641,7.25,8.5,9.5,8.25,9.25,13.89,476.75
2022-03-12,15.6899,1000.15641,7.25,8.5,9.5,8.25,9.25,13.89,476.75
2022-03-11,15.6899,1000.15641,7.25,8.5,9.5,8.25,9.25,13.89,476.75
2022-03-10,15.7063,1008.97832,7.25,8.5,9.5,8.25,9.25,13.89,476.75
2022-03-09,15.7096,1003.02847,7.25,8.5,9.5,8.25,9.25,13.89,476.75
2022-03-08,15.7048,1030.08862,7.25,8.5,9.5,8.25,9.25,13.89,476.75
2022-03-07,15.7461,1009.40873,7.25,8.5,9.5,8.25,9.25,13.89,476.75
2022-03-06,15.7007,991.96054,7.25,8.5,9.5,8.25,9.25,13.89,476.75
2022-03-05,15.7007,991.96054,7.25,8.5,9.5,8.25,9.25,13.89,476.75
2022-03-04,15.7007,991.96054,7.25,8.5,9.5,8.25,9.25,13.89,476.75
2022-03-03,15.6966,976.20857,7.25,8.5,9.5,8.25,9.25,13.89,476.75
2022-03-02,15.6741,968.00614,7.25,8.5,9.5,8.25,9.25,13.89,476.75
2022-03-01,15.685,979.52144,7.25,8.5,9.5,8.25,9.25,13.89,476.75
2022-02-28,15.61686,953.67617,7.25,8.5,9.5,8.25,9.25,13.89,476.75
2022-02-27,15.7127,953.01199,7.25,8.5,9.5,8.25,9.25,13.89,476.75
2022-02-26,15.7127,953.01199,7.25,8.5,9.5,8.25,9.25,13.89,476.75
2022-02-25,15.7127,953.01199,7.25,8.5,9.5,8.25,9.25,13.89,476.75
2022-02-24,15.6899,971.10058,7.25,8.5,9.5,8.25,9.25,13.89,476.75
2022-02-23,15.69335,963.29185,7.25,8.5,9.5,8.25,9.25,13.89,476.75
2022-02-22,15.677,960.72562,7.25,8.5,9.5,8.25,9.25,13.89,476.75
2022-02-21,15.72231,959.7115,7.25,8.5,9.5,8.25,9.25,13.89,476.75
2022-02-20,15.7073,958.79498,7.25,8.5,9.5,8.25,9.25,13.89,476.75
2022-02-19,15.7073,958.79498,7.25,8.5,9.5,8.25,9.25,13.89,476.75
2022-02-18,15.7073,958.79498,7.25,8.5,9.5,8.25,9.25,13.89,476.75
2022-02-17,15.6814,958.27276,7.25,8.5,9.5,8.25,9.25,13.89,476.75
2022-02-16,15.6944,943.67726,7.25,8.5,9.5,8.25,9.25,13.89,476.75
2022-02-15,15.6888,935.57274,7.25,8.5,9.5,8.25,9.25,13.89,476.75
2022-02-14,15.66601,940.86188,7.25,8.5,9.5,8.25,9.25,13.89,476.75
2022-02-13,15.69012,928.58934,7.25,8.5,9.5,8.25,9.25,13.89,476.75
2022-02-12,15.69012,928.58934,7.25,8.5,9.5,8.25,9.25,13.89,476.75
2022-02-11,15.69012,928.58934,7.25,8.5,9.5,8.25,9.25,13.89,476.75
2022-02-10,15.7079,927.31832,7.25,8.5,9.5,8.25,9.25,13.89,476.75
2022-02-09,15.6895,925.72763,7.25,8.5,9.5,8.25,9.25,13.89,476.75
2022-02-08,15.6777,920.69659,7.25,8.5,9.5,8.25,9.25,13.89,476.75
2022-02-07,15.70469,919.25234,7.25,8.5,9.5,8.25,9.25,13.89,476.75
2022-02-06,15.7047,912.18389,7.25,8.5,9.5,8.25,9.25,13.89,476.75
2022-02-05,15.7047,912.18389,7.25,8.5,9.5,8.25,9.25,13.89,476.75
2022-02-04,15.7047,912.18389,7.25,8.5,9.5,8.25,9.25,13.89,476.75
2022-02-03,15.6836,909.14307,7.0,8.25,9.25,8.25,9.25,13.89,476.75
2022-02-02,15.6772,911.89705,7.0,8.25,9.25,8.25,9.25,13.89,476.75
2022-02-01,15.6956,908.47617,7.0,8.25,9.25,8.25,9.25,13.89,476.75
2022-01-31,15.70876,906.56137,7.0,8.25,9.25,8.25,9.25,13.89,476.75
2022-01-30,15.71967,902.08626,7.0,8.25,9.25,8.25,9.25,13.89,476.75
2022-01-29,15.71967,902.08626,7.0,8.25,9.25,8.25,9.25,13.89,476.75
2022-01-28,15.71967,902.08626,7.0,8.25,9.25,8.25,9.25,13.89,476.75
2022-01-27,15.71769,906.21758,7.0,8.25,9.25,8.25,9.25,13.89,476.75
2022-01-26,15.71849,924.75963,7.0,8.25,9.25,8.25,9.25,13.89,476.75
2022-01-25,15.68546,934.31456,7.0,8.25,9.25,8.25,9.25,13.89,476.75
2022-01-24,15.69438,929.29554,7.0,8.25,9.25,8.25,9.25,13.89,476.75
2022-01-23,15.7087,925.1434,7.0,8.25,9.25,8.25,9.25,13.89,476.75
2022-01-22,15.7087,925.1434,7.0,8.25,9.25,8.25,9.25,13.89,476.75
2022-01-21,15.7087,925.1434,7.0,8.25,9.25,8.25,9.25,13.89,476.75
2022-01-20,15.6804,928.87092,7.0,8.25,9.25,8.25,9.25,13.89,476.75
2022-01-19,15.7096,930.90373,7.0,8.25,9.25,8.25,9.25,13.89,476.75
2022-01-18,15.6807,913.66354,7.0,8.25,9.25,8.25,9.25,13.89,476.75
2022-01-17,15.67715,915.57352,7.0,8.25,9.25,8.25,9.25,13.89,476.75
2022-01-16,15.67037,915.1779,7.0,8.25,9.25,8.25,9.25,13.89,476.75
2022-01-15,15.67037,915.1779,7.0,8.25,9.25,8.25,9.25,13.89,476.75
2022-01-14,15.67037,915.1779,7.0,8.25,9.25,8.25,9.25,13.89,476.75
2022-01-13,15.6913,918.77105,7.0,8.25,9.25,8.25,9.25,13.89,476.75
2022-01-12,15.6807,921.17526,7.0,8.25,9.25,8.25,9.25,13.89,476.75
2022-01-11,15.7001,917.97391,7.0,8.25,9.25,8.25,9.25,13.89,476.75
2022-01-10,15.70318,907.9558,7.0,8.25,9.25,8.25,9.25,13.89,476.75
2022-01-09,15.6866,906.29092,7.0,8.25,9.25,8.25,9.25,13.89,476.75
2022-01-08,15.6866,906.29092,7.0,8.25,9.25,8.25,9.25,13.89,476.75
2022-01-07,15.6866,906.29092,7.0,8.25,9.25,8.25,9.25,13.89,476.75
2022-01-06,15.6867,902.11067,7.0,8.25,9.25,8.25,9.25,13.89,476.75
2022-01-05,15.7019,921.10809,7.0,8.25,9.25,8.25,9.25,13.89,476.75
2022-01-04,15.712,916.346,7.0,8.25,9.25,8.25,9.25,13.89,476.75
2022-01-03,15.68377,907.33792,7.0,8.25,9.25,8.25,9.25,13.89,476.75
2022-01-02,15.6774,921.1326,7.0,8.25,9.25,8.25,9.25,13.89,476.75
2022-01-01,15.6774,921.1326,7.0,8.25,9.25,8.25,9.25,13.89,476.75
2021-12-31,15.6774,921.1326,7.0,8.25,9.25,8.25,9.25,5.21,424.67
2021-12-30,15.678,913.7078,7.0,8.25,9.25,8.25,9.25,5.21,424.67
2021-12-29,15.701,911.21176,7.0,8.25,9.25,8.25,9.25,5.21,424.67
2021-12-28,15.6898,913.1344,7.0,8.25,9.25,8.25,9.25,5.21,424.67
2021-12-27,15.6812,911.5752,7.0,8.25,9.25,8.25,9.25,5.21,424.67
2021-12-26,15.69088,913.7017,7.0,8.25,9.25,8.25,9.25,5.21,424.67
2021-12-25,15.69088,913.7017,7.0,8.25,9.25,8.25,9.25,5.21,424.67
2021-12-24,15.69088,913.7017,7.0,8.25,9.25,8.25,9.25,5.21,424.67
2021-12-23,15.6798,913.05651,7.0,8.25,9.25,8.25,9.25,5.21,424.67
2021-12-22,15.685,908.51822,7.0,8.25,9.25,8.25,9.25,5.21,424.67
2021-12-21,15.68474,901.5948,7.0,8.25,9.25,8.25,9.25,5.21,424.67
2021-12-20,15.71481,906.25324,7.0,8.25,9.25,8.25,9.25,5.21,424.67
2021-12-19,15.7079,910.95571,7.0,8.25,9.25,8.25,9.25,5.21,424.67
2021-12-18,15.7079,910.95571,7.0,8.25,9.25,8.25,9.25,5.21,424.67
2021-12-17,15.7079,910.95571,7.0,8.25,9.25,8.25,9.25,5.21,424.67
2021-12-16,15.7151,907.73543,7.0,8.25,9.25,8.25,9.25,5.21,424.67
2021-12-15,15.7052,889.99584,7.0,8.25,9.25,8.25,9.25,5.21,424.67
2021-12-14,15.68523,892.79777,7.0,8.25,9.25,8.25,9.25,5.21,424.67
2021-12-13,15.69036,901.11079,7.0,8.25,9.25,8.25,9.25,5.21,424.67
2021-12-12,15.6817,898.89893,7.0,8.25,9.25,8.25,9.25,5.21,424.67
2021-12-11,15.6817,898.89893,7.0,8.25,9.25,8.25,9.25,5.21,424.67
2021-12-10,15.6817,898.89893,7.0,8.25,9.25,8.25,9.25,5.21,424.67
2021-12-09,15.6911,895.25056,7.0,8.25,9.25,8.25,9.25,5.21,424.67
2021-12-08,15.6812,899.12237,7.0,8.25,9.25,8.25,9.25,5.21,424.67
2021-12-07,15.6927,899.37812,7.0,8.25,9.25,8.25,9.25,5.21,424.67
2021-12-06,15.70329,897.41025,7.0,8.25,9.25,8.25,9.25,5.21,424.67
2021-12-05,15.6787,898.27332,7.0,8.25,9.25,8.25,9.25,5.21,424.67
2021-12-04,15.6787,898.27332,7.0,8.25,9.25,8.25,9.25,5.21,424.67
2021-12-03,15.6787,898.27332,7.0,8.25,9.25,8.25,9.25,5.21,424.67
2021-12-02,15.6815,887.69486,7.0,8.25,9.25,8.25,9.25,5.21,424.67
2021-12-01,15.7275,900.8669,7.0,8.25,9.25,8.25,9.25,5.21,424.67
2021-11-30,15.6946,894.94566,7.0,8.25,9.25,8.25,9.25,5.21,424.67
2021-11-29,15.73475,901.63659,7.0,8.25,9.25,8.25,9.25,5.21,424.67
2021-11-28,15.69639,900.95191,7.0,8.25,9.25,8.25,9.25,5.21,424.67
2021-11-27,15.69639,900.95191,7.0,8.25,9.25,8.25,9.25,5.21,424.67
2021-11-26,15.69639,900.95191,7.0,8.25,9.25,8.25,9.25,5.21,424.67
2021-11-25,15.6901,899.98574,7.0,8.25,9.25,8.25,9.25,5.21,424.67
2021-11-24,15.689,899.92267,7.0,8.25,9.25,8.25,9.25,5.21,424.67
2021-11-23,15.6902,899.68883,7.0,8.25,9.25,8.25,9.25,5.21,424.67
2021-11-22,15.69603,911.37748,7.0,8.25,9.25,8.25,9.25,5.21,424.67
2021-11-21,15.6752,932.94743,7.0,8.25,9.25,8.25,9.25,5.21,424.67
2021-11-20,15.6752,932.94743,7.0,8.25,9.25,8.25,9.25,5.21,424.67
2021-11-19,15.6752,932.94743,7.0,8.25,9.25,8.25,9.25,5.21,424.67
2021-11-18,15.6982,939.26248,7.0,8.25,9.25,8.25,9.25,5.21,424.67
2021-11-17,15.6749,942.2528,7.0,8.25,9.25,8.25,9.25,5.21,424.67
2021-11-16,15.714,936.46919,7.0,8.25,9.25,8.25,9.25,5.21,424.67
2021-11-15,15.71325,942.73937,7.0,8.25,9.25,8.25,9.25,5.21,424.67
2021-11-14,15.6897,942.23452,7.0,8.25,9.25,8.25,9.25,5.21,424.67
2021-11-13,15.6897,942.23452,7.0,8.25,9.25,8.25,9.25,5.21,424.67
2021-11-12,15.6897,942.23452,7.0,8.25,9.25,8.25,9.25,5.21,424.67
2021-11-11,15.6699,938.67754,7.0,8.25,9.25,8.25,9.25,5.21,424.67
2021-11-10,15.6792,931.37074,7.0,8.25,9.25,8.25,9.25,5.21,424.67
2021-11-09,15.6972,923.65857,7.0,8.25,9.25,8.25,9.25,5.21,424.67
2021-11-08,15.67692,921.05397,7.0,8.25,9.25,8.25,9.25,5.21,424.67
2021-11-07,15.6668,914.91874,7.0,8.25,9.25,8.25,9.25,5.21,424.67
2021-11-06,15.6668,914.91874,7.0,8.25,9.25,8.25,9.25,5.21,424.67
2021-11-05,15.6668,914.91874,7.0,8.25,9.25,8.25,9.25,5.21,424.67
2021-11-04,15.6974,904.89618,7.0,8.25,9.25,8.25,9.25,5.21,424.67
2021-11-03,15.6683,888.40847,7.0,8.25,9.25,8.25,9.25,5.21,424.67
2021-11-02,15.7047,903.14585,7.0,8.25,9.25,8.25,9.25,5.21,424.67
2021-11-01,15.69761,905.96806,7.0,8.25,9.25,8.25,9.25,5.21,424.67
2021-10-31,15.6819,898.96082,7.0,8.25,9.25,8.25,9.25,5.21,424.67
2021-10-30,15.6819,898.96082,7.0,8.25,9.25,8.25,9.25,5.21,424.67
2021-10-29,15.6819,898.96082,7.0,8.25,9.25,8.25,9.25,5.21,424.67
2021-10-28,15.6789,908.16485,7.0,8.25,9.25,8.25,9.25,5.21,424.67
2021-10-27,15.6834,906.55989,7.0,8.25,9.25,8.25,9.25,5.21,424.67
2021-10-26,15.6994,904.86002,7.0,8.25,9.25,8.25,9.25,5.21,424.67
2021-10-25,15.6834,910.64416,7.0,8.25,9.25,8.25,9.25,5.21,424.67
2021-10-24,15.6696,904.55306,7.0,8.25,9.25,8.25,9.25,5.21,424.67
2021-10-23,15.6696,904.55306,7.0,8.25,9.25,8.25,9.25,5.21,424.67
2021-10-22,15.6696,904.55306,7.0,8.25,9.25,8.25,9.25,5.21,424.67
2021-10-21,15.673,897.5436,7.0,8.25,9.25,8.25,9.25,5.21,424.67
2021-10-20,15.6905,900.00872,7.0,8.25,9.25,8.25,9.25,5.21,424.67
2021-10-19,15.709,893.79703,7.0,8.25,9.25,8.25,9.25,5.21,424.67
2021-10-18,15.6958,890.57335,7.0,8.25,9.25,8.25,9.25,5.21,424.67
2021-10-17,15.6916,891.54579,7.0,8.25,9.25,8.25,9.25,5.21,424.67
2021-10-16,15.6916,891.54579,7.0,8.25,9.25,8.25,9.25,5.21,424.67
2021-10-15,15.6916,891.54579,7.0,8.25,9.25,8.25,9.25,5.21,424.67
2021-10-14,15.6846,906.02408,7.0,8.25,9.25,8.25,9.25,5.21,424.67
2021-10-13,15.6788,904.17677,7.0,8.25,9.25,8.25,9.25,5.21,424.67
2021-10-12,15.6877,886.83538,7.0,8.25,9.25,8.25,9.25,5.21,424.67
2021-10-11,15.6745,884.22454,7.0,8.25,9.25,8.25,9.25,5.21,424.67
2021-10-10,15.667,884.65776,7.0,8.25,9.25,8.25,9.25,5.21,424.67
2021-10-09,15.667,884.65776,7.0,8.25,9.25,8.25,9.25,5.21,424.67
2021-10-08,15.667,884.65776,7.0,8.25,9.25,8.25,9.25,5.21,424.67
2021-10-07,15.6691,885.58236,6.75,8.0,9.0,8.25,9.25,5.21,424.67
2021-10-06,15.6811,887.57138,6.75,8.0,9.0,8.25,9.25,5.21,424.67
2021-10-05,15.6813,887.12895,6.75,8.0,9.0,8.25,9.25,5.21,424.67
2021-10-04,15.6754,890.12138,6.75,8.0,9.0,8.25,9.25,5.21,424.67
2021-10-03,15.6885,886.22487,6.75,8.0,9.0,8.25,9.25,5.21,424.67
2021-10-02,15.6885,886.22487,6.75,8.0,9.0,8.25,9.25,5.21,424.67
2021-10-01,15.6885,886.22487,6.75,8.0,9.0,8.25,9.25,5.21,424.67
2021-09-30,15.6786,884.80872,6.75,8.0,9.0,8.25,9.25,5.21,424.67
2021-09-29,15.6801,867.85387,6.75,8.0,9.0,8.25,9.25,5.21,424.67
2021-09-28,15.6777,874.92895,6.75,8.0,9.0,8.25,9.25,5.21,424.67
2021-09-27,15.66,881.09054,6.75,8.0,9.0,8.25,9.25,5.21,424.67
2021-09-26,15.669,881.44575,6.75,8.0,9.0,8.25,9.25,5.21,424.67
2021-09-25,15.669,881.44575,6.75,8.0,9.0,8.25,9.25,5.21,424.67
2021-09-24,15.669,881.44575,6.75,8.0,9.0,8.25,9.25,5.21,424.67
2021-09-23,15.6818,881.15745,6.75,8.0,9.0,8.25,9.25,5.21,424.67
2021-09-22,15.6708,895.15038,6.75,8.0,9.0,8.25,9.25,5.21,424.67
2021-09-21,15.70241,896.60257,6.75,8.0,9.0,8.25,9.25,5.21,424.67
2021-09-20,15.6817,888.26079,6.75,8.0,9.0,8.25,9.25,5.21,424.67
2021-09-19,15.69322,882.65714,6.75,8.0,9.0,8.25,9.25,5.21,424.67
2021-09-18,15.69322,882.65714,6.75,8.0,9.0,8.25,9.25,5.21,424.67
2021-09-17,15.69322,882.65714,6.75,8.0,9.0,8.25,9.25,5.21,424.67
2021-09-16,15.6834,884.72659,6.75,8.0,9.0,8.25,9.25,5.21,424.67
2021-09-15,15.6858,903.92488,6.75,8.0,9.0,8.25,9.25,5.21,424.67
2021-09-14,15.6891,910.31937,6.75,8.0,9.0,8.25,9.25,5.21,424.67
2021-09-13,15.6831,903.5676,6.75,8.0,9.0,8.25,9.25,5.21,424.67
2021-09-12,15.68596,902.52195,6.75,8.0,9.0,8.25,9.25,5.21,424.67
2021-09-11,15.68596,902.52195,6.75,8.0,9.0,8.25,9.25,5.21,424.67
2021-09-10,15.68596,902.52195,6.75,8.0,9.0,8.25,9.25,5.21,424.67
2021-09-09,15.6948,906.96657,6.75,8.0,9.0,8.25,9.25,5.21,424.67
2021-09-08,15.69437,903.56101,6.75,8.0,9.0,8.25,9.25,5.21,424.67
2021-09-07,15.6747,905.04907,6.75,8.0,9.0,8.25,9.25,5.21,424.67
2021-09-06,15.6715,922.49908,6.75,8.0,9.0,8.25,9.25,5.21,424.67
2021-09-05,15.6743,922.6639,6.75,8.0,9.0,8.25,9.25,5.21,424.67
2021-09-04,15.6743,922.6639,6.75,8.0,9.0,8.25,9.25,5.21,424.67
2021-09-03,15.6743,922.6639,6.75,8.0,9.0,8.25,9.25,5.21,424.67
2021-09-02,15.68437,912.06196,6.75,8.0,9.0,8.25,9.25,5.21,424.67
2021-09-01,15.6678,913.31483,6.75,8.0,9.0,8.25,9.25,5.21,424.67
2021-08-31,15.6779,914.86121,6.75,8.0,9.0,8.25,9.25,5.21,424.67
2021-08-30,15.6727,911.53442,6.75,8.0,9.0,8.25,9.25,5.21,424.67
2021-08-29,15.6742,915.45168,6.75,8.0,9.0,8.25,9.25,5.21,424.67
2021-08-28,15.6742,915.45168,6.75,8.0,9.0,8.25,9.25,5.21,424.67
2021-08-27,15.6742,915.45168,6.75,8.0,9.0,8.25,9.25,5.21,424.67
2021-08-26,15.67891,903.42718,6.75,8.0,9.0,8.25,9.25,5.21,424.67
2021-08-25,15.6713,900.97313,6.75,8.0,9.0,8.25,9.25,5.21,424.67
2021-08-24,15.6705,909.69357,6.75,8.0,9.0,8.25,9.25,5.21,424.67
2021-08-23,15.6713,908.53079,6.75,8.0,9.0,8.25,9.25,5.21,424.67
2021-08-22,15.669,897.21377,6.75,8.0,9.0,8.25,9.25,5.21,424.67
2021-08-21,15.669,897.21377,6.75,8.0,9.0,8.25,9.25,5.21,424.67
2021-08-20,15.669,897.21377,6.75,8.0,9.0,8.25,9.25,5.21,424.67
2021-08-19,15.6731,897.04544,6.75,8.0,9.0,8.25,9.25,5.21,424.67
2021-08-18,15.6793,898.10603,6.75,8.0,9.0,8.25,9.25,5.21,424.67
2021-08-17,15.66971,899.26957,6.75,8.0,9.0,8.25,9.25,5.21,424.67
2021-08-16,15.668,900.1286,6.75,8.0,9.0,8.25,9.25,5.21,424.67
2021-08-15,15.6689,894.28616,6.75,8.0,9.0,8.25,9.25,5.21,424.67
2021-08-14,15.6689,894.28616,6.75,8.0,9.0,8.25,9.25,5.21,424.67
2021-08-13,15.6689,894.28616,6.75,8.0,9.0,8.25,9.25,5.21,424.67
2021-08-12,15.6712,881.21685,6.75,8.0,9.0,8.25,9.25,5.21,424.67
2021-08-11,15.6701,881.86036,6.75,8.0,9.0,8.25,9.25,5.21,424.67
2021-08-10,15.6713,871.04487,6.75,8.0,9.0,8.25,9.25,5.21,424.67
2021-08-09,15.69817,869.81318,6.75,8.0,9.0,8.25,9.25,5.21,424.67
2021-08-08,15.68561,887.5746,6.75,8.0,9.0,8.25,9.25,5.21,424.67
2021-08-07,15.68561,887.5746,6.75,8.0,9.0,8.25,9.25,5.21,424.67
2021-08-06,15.68561,887.5746,6.75,8.0,9.0,8.25,9.25,5.21,424.67
2021-08-05,15.6701,909.41847,6.75,8.0,9.0,8.25,9.25,5.21,424.67
2021-08-04,15.6686,912.05171,6.75,8.0,9.0,8.25,9.25,5.21,424.67
2021-08-03,15.6742,912.17609,6.75,8.0,9.0,8.25,9.25,5.21,424.67
2021-08-02,15.6814,916.62847,6.75,8.0,9.0,8.25,9.25,5.21,424.67
2021-08-01,15.6792,913.72732,6.75,8.0,9.0,8.25,9.25,5.21,424.67
2021-07-31,15.6792,913.72732,6.75,8.0,9.0,8.25,9.25,5.21,424.67
2021-07-30,15.6792,913.72732,6.75,8.0,9.0,8.25,9.25,5.21,424.67
2021-07-29,15.67806,923.03666,6.75,8.0,9.0,8.25,9.25,5.21,424.67
2021-07-28,15.66854,906.50702,6.75,8.0,9.0,8.25,9.25,5.21,424.67
2021-07-27,15.66719,906.42895,6.75,8.0,9.0,8.25,9.25,5.21,424.67
2021-07-26,15.6391,904.40139,6.75,8.0,9.0,8.25,9.25,5.21,424.67
2021-07-25,15.643,905.98486,6.75,8.0,9.0,8.25,9.25,5.21,424.67
2021-07-24,15.643,905.98486,6.75,8.0,9.0,8.25,9.25,5.21,424.67
2021-07-23,15.643,905.98486,6.75,8.0,9.0,8.25,9.25,5.21,424.67
2021-07-22,15.6414,907.70259,6.5,7.75,8.75,8.25,9.25,5.21,424.67
2021-07-21,15.6396,906.54219,6.5,7.75,8.75,8.25,9.25,5.21,424.67
2021-07-20,15.6403,910.60554,6.5,7.75,8.75,8.25,9.25,5.21,424.67
2021-07-19,15.666,910.99375,6.5,7.75,8.75,8.25,9.25,5.21,424.67
2021-07-18,15.6747,914.42258,6.5,7.75,8.75,8.25,9.25,5.21,424.67
2021-07-17,15.6747,914.42258,6.5,7.75,8.75,8.25,9.25,5.21,424.67
2021-07-16,15.6747,914.42258,6.5,7.75,8.75,8.25,9.25,5.21,424.67
2021-07-15,15.6709,921.20419,6.5,7.75,8.75,8.25,9.25,5.21,424.67
2021-07-14,15.6625,918.64582,6.5,7.75,8.75,8.25,9.25,5.21,424.67
2021-07-13,15.6482,910.31085,6.5,7.75,8.75,8.25,9.25,5.21,424.67
2021-07-12,15.64,907.87277,6.5,7.75,8.75,8.25,9.25,5.21,424.67
2021-07-11,15.6629,911.46813,6.5,7.75,8.75,8.25,9.25,5.21,424.67
2021-07-10,15.6629,911.46813,6.5,7.75,8.75,8.25,9.25,5.21,424.67
2021-07-09,15.6629,911.46813,6.5,7.75,8.75,8.25,9.25,5.21,424.67
2021-07-08,15.6436,905.11431,6.5,7.75,8.75,8.25,9.25,5.21,424.67
2021-07-07,15.6605,907.04872,6.5,7.75,8.75,8.25,9.25,5.21,424.67
2021-07-06,15.658,902.87662,6.5,7.75,8.75,8.25,9.25,5.21,424.67
2021-07-05,15.6509,896.98245,6.5,7.75,8.75,8.25,9.25,5.21,424.67
2021-07-04,15.67384,898.29744,6.5,7.75,8.75,8.25,9.25,5.21,424.67
2021-07-03,15.67384,898.29744,6.5,7.75,8.75,8.25,9.25,5.21,424.67
2021-07-02,15.67384,898.29744,6.5,7.75,8.75,8.25,9.25,5.21,424.67
2021-07-01,15.6617,894.22778,6.5,7.75,8.75,8.25,9.25,5.21,424.67
2021-06-30,15.6281,889.74684,6.5,7.75,8.75,8.25,9.25,5.21,424.67
2021-06-29,15.6407,886.44131,6.5,7.75,8.75,8.25,9.25,5.21,424.67
2021-06-28,15.6314,894.3572,6.5,7.75,8.75,8.25,9.25,5.21,424.67
2021-06-27,15.6417,893.43783,6.5,7.75,8.75,8.25,9.25,5.21,424.67
2021-06-26,15.6417,893.43783,6.5,7.75,8.75,8.25,9.25,5.21,424.67
2021-06-25,15.6417,893.43783,6.5,7.75,8.75,8.25,9.25,5.21,424.67
2021-06-24,15.627,892.09576,6.5,7.75,8.75,8.25,9.25,5.21,424.67
2021-06-23,15.6553,897.08368,6.5,7.75,8.75,8.25,9.25,5.21,424.67
2021-06-22,15.6326,892.7673,6.5,7.75,8.75,8.25,9.25,5.21,424.67
2021-06-21,15.6062,894.01927,6.5,7.75,8.75,8.25,9.25,5.21,424.67
2021-06-20,15.6334,888.59094,6.5,7.75,8.75,8.25,9.25,5.21,424.67
2021-06-19,15.6334,888.59094,6.5,7.75,8.75,8.25,9.25,5.21,424.67
2021-06-18,15.6334,888.59094,6.5,7.75,8.75,8.25,9.25,5.21,424.67
2021-06-17,15.6184,890.70098,6.5,7.75,8.75,8.25,9.25,5.21,424.67
2021-06-16,15.6413,935.10369,6.5,7.75,8.75,8.25,9.25,5.21,424.67
2021-06-15,15.6297,931.89764,6.5,7.75,8.75,8.25,9.25,5.21,424.67
2021-06-14,15.6069,935.30509,6.5,7.75,8.75,8.25,9.25,5.21,424.67
2021-06-13,15.6424,944.17161,6.5,7.75,8.75,8.25,9.25,5.21,424.67
2021-06-12,15.6424,944.17161,6.5,7.75,8.75,8.25,9.25,5.21,424.67
2021-06-11,15.6424,944.17161,6.5,7.75,8.75,8.25,9.25,5.21,424.67
2021-06-10,15.6475,952.93114,6.5,7.75,8.75,8.25,9.25,5.21,424.67
2021-06-09,15.6211,950.82118,6.5,7.75,8.75,8.25,9.25,5.21,424.67
2021-06-08,15.6592,952.63674,6.5,7.75,8.75,8.25,9.25,5.21,424.67
2021-06-07,15.6596,954.97711,6.5,7.75,8.75,8.25,9.25,5.21,424.67
2021-06-06,15.6608,951.52573,6.5,7.75,8.75,8.25,9.25,5.21,424.67
2021-06-05,15.6608,951.52573,6.5,7.75,8.75,8.25,9.25,5.21,424.67
2021-06-04,15.6608,951.52573,6.5,7.75,8.75,8.25,9.25,5.21,424.67
2021-06-03,15.6613,942.19053,6.5,7.75,8.75,8.25,9.25,5.21,424.67
2021-06-02,15.6485,959.68346,6.5,7.75,8.75,8.25,9.25,5.21,424.67
2021-06-01,15.665,958.3786,6.5,7.75,8.75,8.25,9.25,5.21,424.67
2021-05-31,15.6279,955.90786,6.5,7.75,8.75,8.25,9.25,5.21,424.67
2021-05-30,15.6492,957.21073,6.5,7.75,8.75,8.25,9.25,5.21,424.67
2021-05-29,15.6492,957.21073,6.5,7.75,8.75,8.25,9.25,5.21,424.67
2021-05-28,15.6492,957.21073,6.5,7.75,8.75,8.25,9.25,5.21,424.67
2021-05-27,15.6493,953.79544,6.5,7.75,8.75,8.25,9.25,5.21,424.67
2021-05-26,15.6403,956.06291,6.5,7.75,8.75,8.25,9.25,5.21,424.67
2021-05-25,15.6395,954.40494,6.5,7.75,8.75,8.25,9.25,5.21,424.67
2021-05-24,15.6248,946.72616,6.5,7.75,8.75,8.25,9.25,5.21,424.67
2021-05-23,15.65943,944.84695,6.5,7.75,8.75,8.25,9.25,5.21,424.67
2021-05-22,15.65943,944.84695,6.5,7.75,8.75,8.25,9.25,5.21,424.67
2021-05-21,15.65943,944.84695,6.5,7.75,8.75,8.25,9.25,5.21,424.67
2021-05-20,15.6575,947.29805,6.5,7.75,8.75,8.25,9.25,5.21,424.67
2021-05-19,15.6506,946.62901,6.5,7.75,8.75,8.25,9.25,5.21,424.67
2021-05-18,15.6598,940.38852,6.5,7.75,8.75,8.25,9.25,5.21,424.67
2021-05-17,15.62893,938.38429,6.5,7.75,8.75,8.25,9.25,5.21,424.67
2021-05-16,15.6276,923.43196,6.5,7.75,8.75,8.25,9.25,5.21,424.67
2021-05-15,15.6276,923.43196,6.5,7.75,8.75,8.25,9.25,5.21,424.67
2021-05-14,15.6276,923.43196,6.5,7.75,8.75,8.25,9.25,5.21,424.67
2021-05-13,15.6474,917.5086,6.5,7.75,8.75,8.25,9.25,5.21,424.67
2021-05-12,15.6563,917.42637,6.5,7.75,8.75,8.25,9.25,5.21,424.67
2021-05-11,15.64934,923.71018,6.5,7.75,8.75,8.25,9.25,5.21,424.67
2021-05-10,15.631,923.43182,6.5,7.75,8.75,8.25,9.25,5.21,424.67
2021-05-09,15.6369,920.56287,6.5,7.75,8.75,8.25,9.25,5.21,424.67
2021-05-08,15.6369,920.56287,6.5,7.75,8.75,8.25,9.25,5.21,424.67
2021-05-07,15.6369,920.56287,6.5,7.75,8.75,8.25,9.25,5.21,424.67
2021-05-06,15.6364,912.691,6.5,7.75,8.75,8.25,9.25,5.21,424.67
2021-05-05,15.6376,896.97435,6.5,7.75,8.75,8.25,9.25,5.21,424.67
2021-05-04,15.64006,892.94179,6.5,7.75,8.75,8.25,9.25,5.21,424.67
2021-05-03,15.62938,900.171,6.5,7.75,8.75,8.25,9.25,5.21,424.67
2021-05-02,15.63724,888.5077,6.5,7.75,8.75,8.25,9.25,5.21,424.67
2021-05-01,15.63724,888.5077,6.5,7.75,8.75,8.25,9.25,5.21,424.67
2021-04-30,15.63724,888.5077,6.5,7.75,8.75,8.25,9.25,5.21,424.67
2021-04-29,15.6298,888.48679,6.5,7.75,8.75,8.25,9.25,5.21,424.67
2021-04-28,15.6448,891.90474,6.5,7.75,8.75,8.25,9.25,5.21,424.67
2021-04-27,15.6614,895.26802,6.5,7.75,8.75,8.25,9.25,5.21,424.67
2021-04-26,15.69302,897.68108,6.5,7.75,8.75,8.25,9.25,5.21,424.67
2021-04-25,15.6707,895.29584,6.5,7.75,8.75,8.25,9.25,5.21,424.67
2021-04-24,15.6707,895.29584,6.5,7.75,8.75,8.25,9.25,5.21,424.67
2021-04-23,15.6707,895.29584,6.5,7.75,8.75,8.25,9.25,5.21,424.67
2021-04-22,15.6507,896.26651,6.25,7.5,8.5,8.25,9.25,5.21,424.67
2021-04-21,15.6767,903.35009,6.25,7.5,8.5,8.25,9.25,5.21,424.67
2021-04-20,15.6631,895.01274,6.25,7.5,8.5,8.25,9.25,5.21,424.67
2021-04-19,15.6699,891.42127,6.25,7.5,8.5,8.25,9.25,5.21,424.67
2021-04-18,15.66028,895.70724,6.25,7.5,8.5,8.25,9.25,5.21,424.67
2021-04-17,15.66028,895.70724,6.25,7.5,8.5,8.25,9.25,5.21,424.67
2021-04-16,15.66028,895.70724,6.25,7.5,8.5,8.25,9.25,5.21,424.67
2021-04-15,15.6399,887.70332,6.25,7.5,8.5,8.25,9.25,5.21,424.67
2021-04-14,15.67155,874.13197,6.25,7.5,8.5,8.25,9.25,5.21,424.67
2021-04-13,15.6631,879.35136,6.25,7.5,8.5,8.25,9.25,5.21,424.67
2021-04-12,15.6774,872.59355,6.25,7.5,8.5,8.25,9.25,5.21,424.67
2021-04-11,15.6815,878.92232,6.25,7.5,8.5,8.25,9.25,5.21,424.67
2021-04-10,15.6815,878.92232,6.25,7.5,8.5,8.25,9.25,5.21,424.67
2021-04-09,15.6815,878.92232,6.25,7.5,8.5,8.25,9.25,5.21,424.67
2021-04-08,15.6703,885.09599,6.25,7.5,8.5,8.25,9.25,5.21,424.67
2021-04-07,15.68145,877.30627,6.25,7.5,8.5,8.25,9.25,5.21,424.67
2021-04-06,15.59526,873.18629,6.25,7.5,8.5,8.25,9.25,5.21,424.67
2021-04-05,15.6919,871.28174,6.25,7.5,8.5,8.25,9.25,5.21,424.67
2021-04-04,15.68754,870.78746,6.25,7.5,8.5,8.25,9.25,5.21,424.67
2021-04-03,15.68754,870.78746,6.25,7.5,8.5,8.25,9.25,5.21,424.67
2021-04-02,15.68754,870.78746,6.25,7.5,8.5,8.25,9.25,5.21,424.67
2021-04-01,15.6894,870.89069,6.25,7.5,8.5,8.25,9.25,5.21,424.67
2021-03-31,15.6884,864.42944,6.25,7.5,8.5,8.25,9.25,5.21,424.67
2021-03-30,15.6897,849.41844,6.25,7.5,8.5,8.25,9.25,5.21,424.67
2021-03-29,15.691,863.71504,6.25,7.5,8.5,8.25,9.25,5.21,424.67
2021-03-28,15.6738,872.89715,6.25,7.5,8.5,8.25,9.25,5.21,424.67
2021-03-27,15.6738,872.89715,6.25,7.5,8.5,8.25,9.25,5.21,424.67
2021-03-26,15.6738,872.89715,6.25,7.5,8.5,8.25,9.25,5.21,424.67
2021-03-25,15.7313,872.4073,6.25,7.5,8.5,8.25,9.25,5.21,424.67
2021-03-24,15.7319,876.4869,6.25,7.5,8.5,8.25,9.25,5.21,424.67
2021-03-23,15.6987,870.4984,6.25,7.5,8.5,8.25,9.25,5.21,424.67
2021-03-22,15.68687,876.44931,6.25,7.5,8.5,8.25,9.25,5.21,424.67
2021-03-21,15.65801,876.6493,6.25,7.5,8.5,8.25,9.25,5.21,424.67
2021-03-20,15.65801,876.6493,6.25,7.5,8.5,8.25,9.25,5.21,424.67
2021-03-19,15.65801,876.6493,6.25,7.5,8.5,8.25,9.25,5.21,424.67
2021-03-18,15.68737,873.65292,6.25,7.5,8.5,8.25,9.25,5.21,424.67
2021-03-17,15.6596,869.38764,6.25,7.5,8.5,8.25,9.25,5.21,424.67
2021-03-16,15.6802,872.44693,6.25,7.5,8.5,8.25,9.25,5.21,424.67
2021-03-15,15.68517,871.86649,6.25,7.5,8.5,8.25,9.25,5.21,424.67
2021-03-14,15.672,866.3978,6.25,7.5,8.5,8.25,9.25,5.21,424.67
2021-03-13,15.672,866.3978,6.25,7.5,8.5,8.25,9.25,5.21,424.67
2021-03-12,15.672,866.3978,6.25,7.5,8.5,8.25,9.25,5.21,424.67
2021-03-11,15.702,869.46983,6.25,7.5,8.5,8.25,9.25,5.21,424.67
2021-03-10,15.70918,869.4635,6.25,7.5,8.5,8.25,9.25,5.21,424.67
2021-03-09,15.7001,866.48741,6.25,7.5,8.5,8.25,9.25,5.21,424.67
2021-03-08,15.66424,844.9177,6.25,7.5,8.5,8.25,9.25,5.21,424.67
2021-03-07,15.6647,855.16613,6.25,7.5,8.5,8.25,9.25,5.21,424.67
2021-03-06,15.6647,855.16613,6.25,7.5,8.5,8.25,9.25,5.21,424.67
2021-03-05,15.6647,855.16613,6.25,7.5,8.5,8.25,9.25,5.21,424.67
2021-03-04,15.6428,855.07703,6.25,7.5,8.5,8.25,9.25,5.21,424.67
2021-03-03,15.65,863.06831,6.25,7.5,8.5,8.25,9.25,5.21,424.67
2021-03-02,15.6996,874.78826,6.25,7.5,8.5,8.25,9.25,5.21,424.67
2021-03-01,15.66217,867.36515,6.25,7.5,8.5,8.25,9.25,5.21,424.67
2021-02-28,15.68092,871.22666,6.25,7.5,8.5,8.25,9.25,5.21,424.67
2021-02-27,15.68092,871.22666,6.25,7.5,8.5,8.25,9.25,5.21,424.67
2021-02-26,15.68092,871.22666,6.25,7.5,8.5,8.25,9.25,5.21,424.67
2021-02-25,15.6586,893.29545,6.25,7.5,8.5,8.25,9.25,5.21,424.67
2021-02-24,15.65722,904.29137,6.25,7.5,8.5,8.25,9.25,5.21,424.67
2021-02-23,15.6483,907.80115,6.25,7.5,8.5,8.25,9.25,5.21,424.67
2021-02-22,15.61026,906.74857,6.25,7.5,8.5,8.25,9.25,5.21,424.67
2021-02-21,15.6329,892.53316,6.25,7.5,8.5,8.25,9.25,5.21,424.67
2021-02-20,15.6329,892.53316,6.25,7.5,8.5,8.25,9.25,5.21,424.67
2021-02-19,15.6329,892.53316,6.25,7.5,8.5,8.25,9.25,5.21,424.67
2021-02-18,15.60692,889.84544,6.25,7.5,8.5,8.25,9.25,5.21,424.67
2021-02-17,15.595,888.01275,6.25,7.5,8.5,8.25,9.25,5.21,424.67
2021-02-16,15.5897,900.79276,6.25,7.5,8.5,8.25,9.25,5.21,424.67
2021-02-15,15.5582,911.17773,6.25,7.5,8.5,8.25,9.25,5.21,424.67
2021-02-14,15.5971,913.45596,6.25,7.5,8.5,8.25,9.25,5.21,424.67
2021-02-13,15.5971,913.45596,6.25,7.5,8.5,8.25,9.25,5.21,424.67
2021-02-12,15.5971,913.45596,6.25,7.5,8.5,8.25,9.25,5.21,424.67
2021-02-11,15.6296,917.01759,6.25,7.5,8.5,8.25,9.25,5.21,424.67
2021-02-10,15.63,924.93057,6.25,7.5,8.5,8.25,9.25,5.21,424.67
2021-02-09,15.6299,922.26136,6.25,7.5,8.5,8.25,9.25,5.21,424.67
2021-02-08,15.66278,922.4891,6.25,7.5,8.5,8.25,9.25,5.21,424.67
2021-02-07,15.6616,911.84568,6.25,7.5,8.5,8.25,9.25,5.21,424.67
2021-02-06,15.6616,911.84568,6.25,7.5,8.5,8.25,9.25,5.21,424.67
2021-02-05,15.6616,911.84568,6.25,7.5,8.5,8.25,9.25,5.21,424.67
2021-02-04,15.6899,902.39565,6.25,7.5,8.5,8.25,9.25,5.21,424.67
2021-02-03,15.7042,925.08027,6.25,7.5,8.5,8.25,9.25,5.21,424.67
2021-02-02,15.694,923.6217,6.25,7.5,8.5,8.25,9.25,5.21,424.67
2021-02-01,15.6954,938.99405,6.25,7.5,8.5,8.25,9.25,5.21,424.67
2021-01-31,15.6875,931.71272,6.25,7.5,8.5,8.25,9.25,5.21,424.67
2021-01-30,15.6875,931.71272,6.25,7.5,8.5,8.25,9.25,5.21,424.67
2021-01-29,15.6875,931.71272,6.25,7.5,8.5,8.25,9.25,5.21,424.67
2021-01-28,15.6817,926.62872,6.25,7.5,8.5,8.25,9.25,5.21,424.67
2021-01-27,15.70944,931.80344,6.25,7.5,8.5,8.25,9.25,5.21,424.67
2021-01-26,15.6798,932.96912,6.25,7.5,8.5,8.25,9.25,5.21,424.67
2021-01-25,15.70782,936.75729,6.25,7.5,8.5,8.25,9.25,5.21,424.67
2021-01-24,15.6997,936.677,6.25,7.5,8.5,8.25,9.25,5.21,424.67
2021-01-23,15.6997,936.677,6.25,7.5,8.5,8.25,9.25,5.21,424.67
2021-01-22,15.6997,936.677,6.25,7.5,8.5,8.25,9.25,5.21,424.67
2021-01-21,15.7142,942.39227,6.25,7.5,8.5,8.25,9.25,5.21,424.67
2021-01-20,15.68747,941.09189,6.25,7.5,8.5,8.25,9.25,5.21,424.67
2021-01-19,15.669,926.68429,6.25,7.5,8.5,8.25,9.25,5.21,424.67
2021-01-18,15.60776,917.94413,6.25,7.5,8.5,8.25,9.25,5.21,424.67
2021-01-17,15.63876,919.76718,6.25,7.5,8.5,8.25,9.25,5.21,424.67
2021-01-16,15.63876,919.76718,6.25,7.5,8.5,8.25,9.25,5.21,424.67
2021-01-15,15.63876,919.76718,6.25,7.5,8.5,8.25,9.25,5.21,424.67
2021-01-14,15.6285,929.71576,6.25,7.5,8.5,8.25,9.25,5.21,424.67
2021-01-13,15.6345,931.73141,6.25,7.5,8.5,8.25,9.25,5.21,424.67
2021-01-12,15.6216,925.58867,6.25,7.5,8.5,8.25,9.25,5.21,424.67
2021-01-11,15.66163,931.33426,6.25,7.5,8.5,8.25,9.25,5.21,424.67
2021-01-10,15.6722,924.15265,6.25,7.5,8.5,8.25,9.25,5.21,424.67
2021-01-09,15.6722,924.15265,6.25,7.5,8.5,8.25,9.25,5.21,424.67
2021-01-08,15.6722,924.15265,6.25,7.5,8.5,8.25,9.25,5.21,424.67
2021-01-07,15.6689,963.35259,6.25,7.5,8.5,8.25,9.25,5.21,424.67
2021-01-06,15.6695,960.66908,6.25,7.5,8.5,8.25,9.25,5.21,424.67
2021-01-05,15.71796,986.78466,6.25,7.5,8.5,8.25,9.25,5.21,424.67
2021-01-04,15.67321,979.94427,6.25,7.5,8.5,8.25,9.25,5.21,424.67
2021-01-03,15.71774,956.65266,6.25,7.5,8.5,8.25,9.25,5.21,424.67
2021-01-02,15.71774,956.65266,6.25,7.5,8.5,8.25,9.25,5.21,424.67
2021-01-01,15.71774,956.65266,6.25,7.5,8.5,8.25,9.25,5.21,424.67
2020-12-31,15.70933,956.14076,6.25,7.5,8.5,8.25,9.25,5.04,383.82
2020-12-30,15.6994,954.47668,6.25,7.5,8.5,8.25,9.25,5.04,383.82
2020-12-29,15.69,948.20491,6.25,7.5,8.5,8.25,9.25,5.04,383.82
2020-12-28,15.64391,944.16211,6.25,7.5,8.5,8.25,9.25,5.04,383.82
2020-12-27,15.66926,947.05262,6.25,7.5,8.5,8.25,9.25,5.04,383.82
2020-12-26,15.66926,947.05262,6.25,7.5,8.5,8.25,9.25,5.04,383.82
2020-12-25,15.66926,947.05262,6.25,7.5,8.5,8.25,9.25,5.04,383.82
2020-12-24,15.6692,947.0487,6.25,7.5,8.5,8.25,9.25,5.04,383.82
2020-12-23,15.64948,943.24027,6.25,7.5,8.5,8.25,9.25,5.04,383.82
2020-12-22,15.6356,938.33204,6.25,7.5,8.5,8.25,9.25,5.04,383.82
2020-12-21,15.74311,951.16165,6.25,7.5,8.5,8.25,9.25,5.04,383.82
2020-12-20,15.6797,950.60714,6.25,7.5,8.5,8.25,9.25,5.04,383.82
2020-12-19,15.6797,950.60714,6.25,7.5,8.5,8.25,9.25,5.04,383.82
2020-12-18,15.6797,950.60714,6.25,7.5,8.5,8.25,9.25,5.04,383.82
2020-12-17,15.6651,950.47747,6.25,7.5,8.5,8.25,9.25,5.04,383.82
2020-12-16,15.6794,935.66752,6.25,7.5,8.5,8.25,9.25,5.04,383.82
2020-12-15,15.7097,935.55636,6.25,7.5,8.5,8.25,9.25,5.04,383.82
2020-12-14,15.66363,920.9281,6.25,7.5,8.5,8.25,9.25,5.04,383.82
2020-12-13,15.6771,927.3146,6.25,7.5,8.5,8.25,9.25,5.04,383.82
2020-12-12,15.6771,927.3146,6.25,7.5,8.5,8.25,9.25,5.04,383.82
2020-12-11,15.6771,927.3146,6.25,7.5,8.5,8.25,9.25,5.04,383.82
2020-12-10,15.6577,923.04588,6.25,7.5,8.5,8.25,9.25,5.04,383.82
2020-12-09,15.6475,922.94768,6.25,7.5,8.5,8.25,9.25,5.04,383.82
2020-12-08,15.651,941.36967,6.25,7.5,8.5,8.25,9.25,5.04,383.82
2020-12-07,15.6511,936.84723,6.25,7.5,8.5,8.25,9.25,5.04,383.82
2020-12-06,15.6399,923.15312,6.25,7.5,8.5,8.25,9.25,5.04,383.82
2020-12-05,15.6399,923.15312,6.25,7.5,8.5,8.25,9.25,5.04,383.82
2020-12-04,15.6399,923.15312,6.25,7.5,8.5,8.25,9.25,5.04,383.82
2020-12-03,15.6304,923.04464,6.25,7.5,8.5,8.25,9.25,5.04,383.82
2020-12-02,15.6306,917.47828,6.25,7.5,8.5,8.25,9.25,5.04,383.82
2020-12-01,15.6203,911.04816,6.25,7.5,8.5,8.25,9.25,5.04,383.82
2020-11-30,15.60978,891.16298,6.25,7.5,8.5,8.25,9.25,5.04,383.82
2020-11-29,15.6087,894.21263,6.25,7.5,8.5,8.25,9.25,5.04,383.82
2020-11-28,15.6087,894.21263,6.25,7.5,8.5,8.25,9.25,5.04,383.82
2020-11-27,15.6087,894.21263,6.25,7.5,8.5,8.25,9.25,5.04,383.82
2020-11-26,15.6299,907.38694,6.25,7.5,8.5,8.25,9.25,5.04,383.82
2020-11-25,15.6193,906.77155,6.25,7.5,8.5,8.25,9.25,5.04,383.82
2020-11-24,15.61558,906.10378,6.25,7.5,8.5,8.25,9.25,5.04,383.82
2020-11-23,15.56529,919.70031,6.25,7.5,8.5,8.25,9.25,5.04,383.82
2020-11-22,15.5724,937.54324,6.25,7.5,8.5,8.25,9.25,5.04,383.82
2020-11-21,15.5724,937.54324,6.25,7.5,8.5,8.25,9.25,5.04,383.82
2020-11-20,15.5724,937.54324,6.25,7.5,8.5,8.25,9.25,5.04,383.82
2020-11-19,15.5933,933.03615,6.25,7.5,8.5,8.25,9.25,5.04,383.82
2020-11-18,15.599,939.59607,6.25,7.5,8.5,8.25,9.25,5.04,383.82
2020-11-17,15.619,946.32457,6.25,7.5,8.5,8.25,9.25,5.04,383.82
2020-11-16,15.60379,946.80767,6.25,7.5,8.5,8.25,9.25,5.04,383.82
2020-11-15,15.6126,946.53912,6.25,7.5,8.5,8.25,9.25,5.04,383.82
2020-11-14,15.6126,946.53912,6.25,7.5,8.5,8.25,9.25,5.04,383.82
2020-11-13,15.6126,946.53912,6.25,7.5,8.5,8.25,9.25,5.04,383.82
2020-11-12,15.6202,940.42106,6.25,7.5,8.5,8.25,9.25,5.04,383.82
2020-11-11,15.6185,934.34314,6.25,7.5,8.5,8.25,9.25,5.04,383.82
2020-11-10,15.6514,943.7086,6.25,7.5,8.5,8.25,9.25,5.04,383.82
2020-11-09,15.64385,932.08764,6.25,7.5,8.5,8.25,9.25,5.04,383.82
2020-11-08,15.6581,981.81856,6.25,7.5,8.5,8.25,9.25,5.04,383.82
2020-11-07,15.6581,981.81856,6.25,7.5,8.5,8.25,9.25,5.04,383.82
2020-11-06,15.6581,981.81856,6.25,7.5,8.5,8.25,9.25,5.04,383.82
2020-11-05,15.6933,981.50297,6.25,7.5,8.5,8.25,9.25,5.04,383.82
2020-11-04,15.6812,955.18515,6.25,7.5,8.5,8.25,9.25,5.04,383.82
2020-11-03,15.7047,963.63499,6.25,7.5,8.5,8.25,9.25,5.04,383.82
2020-11-02,15.68863,953.51945,6.25,7.5,8.5,8.25,9.25,5.04,383.82
2020-11-01,15.6659,945.59009,6.25,7.5,8.5,8.25,9.25,5.04,383.82
2020-10-31,15.6659,945.59009,6.25,7.5,8.5,9.25,10.25,5.04,383.82
2020-10-30,15.6659,945.59009,6.25,7.5,8.5,9.25,10.25,5.04,383.82
2020-10-29,15.6706,939.92865,6.25,7.5,8.5,9.25,10.25,5.04,383.82
2020-10-28,15.6759,945.58888,6.25,7.5,8.5,9.25,10.25,5.04,383.82
2020-10-27,15.6713,961.73672,6.25,7.5,8.5,9.25,10.25,5.04,383.82
2020-10-26,15.70757,960.88228,6.25,7.5,8.5,9.25,10.25,5.04,383.82
2020-10-25,15.6809,958.89759,6.25,7.5,8.5,9.25,10.25,5.04,383.82
2020-10-24,15.6809,958.89759,6.25,7.5,8.5,9.25,10.25,5.04,383.82
2020-10-23,15.6809,958.89759,6.25,7.5,8.5,9.25,10.25,5.04,383.82
2020-10-22,15.673,957.96102,6.25,7.5,8.5,9.25,10.25,5.04,383.82
2020-10-21,15.6673,969.44992,6.25,7.5,8.5,9.25,10.25,5.04,383.82
2020-10-20,15.673,962.6473,6.25,7.5,8.5,9.25,10.25,5.04,383.82
2020-10-19,15.6703,960.46617,6.25,7.5,8.5,9.25,10.25,5.04,383.82
2020-10-18,15.6705,957.65707,6.25,7.5,8.5,9.25,10.25,5.04,383.82
2020-10-17,15.6705,957.65707,6.25,7.5,8.5,9.25,10.25,5.04,383.82
2020-10-16,15.6705,957.65707,6.25,7.5,8.5,9.25,10.25,5.04,383.82
2020-10-15,15.6713,958.91515,6.25,7.5,8.5,9.25,10.25,5.04,383.82
2020-10-14,15.6592,957.21823,6.25,7.5,8.5,9.25,10.25,5.04,383.82
2020-10-13,15.669,951.36901,6.25,7.5,8.5,9.25,10.25,5.04,383.82
2020-10-12,15.693,969.98062,6.25,7.5,8.5,9.25,10.25,5.04,383.82
2020-10-11,15.6781,967.54745,6.25,7.5,8.5,9.25,10.25,5.04,383.82
2020-10-10,15.6781,967.54745,6.25,7.5,8.5,9.25,10.25,5.04,383.82
2020-10-09,15.6781,967.54745,6.25,7.5,8.5,9.25,10.25,5.04,383.82
2020-10-08,15.6823,952.22694,6.25,7.5,8.5,9.25,10.25,5.04,383.82
2020-10-07,15.6854,949.89371,6.25,7.5,8.5,9.25,10.25,5.04,383.82
2020-10-06,15.6995,959.58073,6.25,7.5,8.5,9.25,10.25,5.04,383.82
2020-10-05,15.72178,966.7046,6.25,7.5,8.5,9.25,10.25,5.04,383.82
2020-10-04,15.7216,960.47656,6.25,7.5,8.5,9.25,10.25,5.04,383.82
2020-10-03,15.7216,960.47656,6.25,7.5,8.5,9.25,10.25,5.04,383.82
2020-10-02,15.7216,960.47656,6.25,7.5,8.5,9.25,10.25,5.04,383.82
2020-10-01,15.7352,965.45585,6.25,7.5,8.5,9.25,10.25,5.04,383.82
2020-09-30,15.7299,954.56096,6.25,7.5,8.5,9.25,10.25,5.04,383.82
2020-09-29,15.7262,957.77458,6.25,7.5,8.5,9.25,10.25,5.04,383.82
2020-09-28,15.7403,947.75298,6.25,7.5,8.5,9.25,10.25,5.04,383.82
2020-09-27,15.7358,939.84261,6.25,7.5,8.5,9.25,10.25,5.04,383.82
2020-09-26,15.7358,939.84261,6.25,7.5,8.5,9.25,10.25,5.04,383.82
2020-09-25,15.7358,939.84261,6.25,7.5,8.5,9.25,10.25,5.04,383.82
2020-09-24,15.72469,944.53796,6.25,7.5,8.5,9.25,10.25,5.04,383.82
2020-09-23,15.7194,939.97503,6.25,7.5,8.5,9.25,10.25,5.04,383.82
2020-09-22,15.7001,958.35547,6.25,7.5,8.5,9.25,10.25,5.04,383.82
2020-09-21,15.7198,960.87202,6.25,7.5,8.5,9.25,10.25,5.04,383.82
2020-09-20,15.7366,987.65143,6.25,7.5,8.5,9.25,10.25,5.04,383.82
2020-09-19,15.7366,987.65143,6.25,7.5,8.5,9.25,10.25,5.04,383.82
2020-09-18,15.7366,987.65143,6.25,7.5,8.5,9.25,10.25,5.04,383.82
2020-09-17,15.7361,981.49836,6.25,7.5,8.5,9.25,10.25,5.04,383.82
2020-09-16,15.7356,991.68657,6.25,7.5,8.5,9.25,10.25,5.04,383.82
2020-09-15,15.7397,989.97143,6.25,7.5,8.5,9.25,10.25,5.04,383.82
2020-09-14,15.7391,988.31439,6.25,7.5,8.5,9.25,10.25,5.04,383.82
2020-09-13,15.7304,980.03022,6.25,7.5,8.5,9.25,10.25,5.04,383.82
2020-09-12,15.7304,980.03022,6.25,7.5,8.5,9.25,10.25,5.04,383.82
2020-09-11,15.7304,980.03022,6.25,7.5,8.5,9.25,10.25,5.04,383.82
2020-09-10,15.7606,990.22181,6.25,7.5,8.5,9.25,10.25,5.04,383.82
2020-09-09,15.77699,986.43301,6.25,7.5,8.5,9.25,10.25,5.04,383.82
2020-09-08,15.7677,979.92073,6.25,7.5,8.5,9.25,10.25,5.04,383.82
2020-09-07,15.7872,976.51372,6.25,7.5,8.5,9.25,10.25,5.04,383.82
2020-09-06,15.79127,976.76572,6.25,7.5,8.5,9.25,10.25,5.04,383.82
2020-09-05,15.79127,976.76572,6.25,7.5,8.5,9.25,10.25,5.04,383.82
2020-09-04,15.79127,976.76572,6.25,7.5,8.5,9.25,10.25,5.04,383.82
2020-09-03,15.8358,981.40364,6.25,7.5,8.5,9.25,10.25,5.04,383.82
2020-09-02,15.84937,985.70988,6.25,7.5,8.5,9.25,10.25,5.04,383.82
2020-09-01,15.8419,1002.46038,6.25,7.5,8.5,9.25,10.25,5.04,383.82
2020-08-31,15.8179,1000.63655,6.25,7.5,8.5,9.25,10.25,5.04,383.82
2020-08-30,15.8422,1000.64579,6.25,7.5,8.5,9.25,10.25,5.04,383.82
2020-08-29,15.8422,1000.64579,6.25,7.5,8.5,9.25,10.25,5.04,383.82
2020-08-28,15.8422,1000.64579,6.25,7.5,8.5,9.25,10.25,5.04,383.82
2020-08-27,15.8392,978.55889,6.25,7.5,8.5,9.25,10.25,5.04,383.82
2020-08-26,15.8754,990.54406,6.25,7.5,8.5,9.25,10.25,5.04,383.82
2020-08-25,15.86,974.84682,6.25,7.5,8.5,9.25,10.25,5.04,383.82
2020-08-24,15.8989,985.36527,6.25,7.5,8.5,9.25,10.25,5.04,383.82
2020-08-23,15.9045,989.24061,6.25,7.5,8.5,9.25,10.25,5.04,383.82
2020-08-22,15.9045,989.24061,6.25,7.5,8.5,9.25,10.25,5.04,383.82
2020-08-21,15.9045,989.24061,6.25,7.5,8.5,9.25,10.25,5.04,383.82
2020-08-20,15.8989,988.48341,6.25,7.5,8.5,9.25,10.25,5.04,383.82
2020-08-19,15.9029,1001.46315,6.25,7.5,8.5,9.25,10.25,5.04,383.82
2020-08-18,15.8969,1021.88701,6.25,7.5,8.5,9.25,10.25,5.04,383.82
2020-08-17,15.8863,1013.85071,6.25,7.5,8.5,9.25,10.25,5.04,383.82
2020-08-16,15.9053,990.51767,6.25,7.5,8.5,9.25,10.25,5.04,383.82
2020-08-15,15.9053,990.51767,6.25,7.5,8.5,9.25,10.25,5.04,383.82
2020-08-14,15.9053,990.51767,6.25,7.5,8.5,9.25,10.25,5.04,383.82
2020-08-13,15.9371,1002.59211,6.25,7.5,8.5,9.25,10.25,5.04,383.82
2020-08-12,15.9556,992.57287,6.25,7.5,8.5,9.25,10.25,5.04,383.82
2020-08-11,15.9601,991.67262,6.25,7.5,8.5,9.25,10.25,5.04,383.82
2020-08-10,15.9932,1040.93221,6.25,7.5,8.5,9.25,10.25,5.04,383.82
2020-08-09,15.9385,1030.04418,6.25,7.5,8.5,9.25,10.25,5.04,383.82
2020-08-08,15.9385,1030.04418,6.25,7.5,8.5,9.25,10.25,5.04,383.82
2020-08-07,15.9385,1030.04418,6.25,7.5,8.5,9.25,10.25,5.04,383.82
2020-08-06,15.9673,1053.15854,6.25,7.5,8.5,9.25,10.25,5.04,383.82
2020-08-05,15.9605,1042.24189,6.25,7.5,8.5,9.25,10.25,5.04,383.82
2020-08-04,15.9385,1025.48351,6.25,7.5,8.5,9.25,10.25,5.04,383.82
2020-08-03,15.9549,1008.48242,6.25,7.5,8.5,9.25,10.25,5.04,383.82
2020-08-02,15.94936,1006.49137,6.25,7.5,8.5,9.25,10.25,5.04,383.82
2020-08-01,15.94936,1006.49137,6.25,7.5,8.5,9.25,10.25,5.04,383.82
2020-07-31,15.94936,1006.49137,6.25,7.5,8.5,9.25,10.25,5.04,383.82
2020-07-30,15.9448,995.69459,6.25,7.5,8.5,9.25,10.25,5.04,383.82
2020-07-29,15.96194,1002.51262,6.25,7.5,8.5,9.25,10.25,5.04,383.82
2020-07-28,15.9545,997.53133,6.25,7.5,8.5,9.25,10.25,5.04,383.82
2020-07-27,15.9654,991.18064,6.25,7.5,8.5,9.25,10.25,5.04,383.82
2020-07-26,15.9664,973.9435,6.25,7.5,8.5,9.25,10.25,5.04,383.82
2020-07-25,15.9664,973.9435,6.25,7.5,8.5,9.25,10.25,5.04,383.82
2020-07-24,15.9664,973.9435,6.25,7.5,8.5,9.25,10.25,5.04,383.82
2020-07-23,15.97423,970.20992,6.25,7.5,8.5,9.25,10.25,5.04,383.82
2020-07-22,15.9548,956.20562,6.25,7.5,8.5,9.25,10.25,5.04,383.82
2020-07-21,15.9393,944.15631,6.25,7.5,8.5,9.25,10.25,5.04,383.82
2020-07-20,15.9045,928.54444,6.25,7.5,8.5,9.25,10.25,5.04,383.82
2020-07-19,15.9246,925.82681,6.25,7.5,8.5,9.25,10.25,5.04,383.82
2020-07-18,15.9246,925.82681,6.25,7.5,8.5,9.25,10.25,5.04,383.82
2020-07-17,15.9246,925.82681,6.25,7.5,8.5,9.25,10.25,5.04,383.82
2020-07-16,15.94888,922.31604,6.25,7.5,8.5,9.25,10.25,5.04,383.82
2020-07-15,15.93,927.72849,6.25,7.5,8.5,9.25,10.25,5.04,383.82
2020-07-14,15.9472,928.31995,6.25,7.5,8.5,9.25,10.25,5.04,383.82
2020-07-13,15.9468,928.50178,6.25,7.5,8.5,9.25,10.25,5.04,383.82
2020-07-12,15.9615,922.78904,6.25,7.5,8.5,9.25,10.25,5.04,383.82
2020-07-11,15.9615,922.78904,6.25,7.5,8.5,9.25,10.25,5.04,383.82
2020-07-10,15.9615,922.78904,6.25,7.5,8.5,9.25,10.25,5.04,383.82
2020-07-09,15.9889,924.88718,6.25,7.5,8.5,9.25,10.25,5.04,383.82
2020-07-08,16.0025,934.06014,6.25,7.5,8.5,9.25,10.25,5.04,383.82
2020-07-07,16.0302,929.85305,6.25,7.5,8.5,9.25,10.25,5.04,383.82
2020-07-06,16.0931,925.37845,6.25,7.5,8.5,9.25,10.25,5.04,383.82
2020-07-05,16.0873,922.71744,6.25,7.5,8.5,9.25,10.25,5.04,383.82
2020-07-04,16.0873,922.71744,6.25,7.5,8.5,9.25,10.25,5.04,383.82
2020-07-03,16.0873,922.71744,6.25,7.5,8.5,9.25,10.25,5.04,383.82
2020-07-02,16.0962,923.22801,6.25,7.5,8.5,9.25,10.25,5.04,383.82
2020-07-01,16.1217,919.09265,6.25,7.5,8.5,9.25,10.25,5.04,383.82
2020-06-30,16.1303,929.85127,6.25,7.5,8.5,9.25,10.25,5.04,383.82
2020-06-29,16.1251,920.11596,6.25,7.5,8.5,9.25,10.25,5.04,383.82
2020-06-28,16.1356,919.5219,6.25,7.5,8.5,9.25,10.25,5.04,383.82
2020-06-27,16.1356,919.5219,6.25,7.5,8.5,9.25,10.25,5.04,383.82
2020-06-26,16.1356,919.5219,6.25,7.5,8.5,9.25,10.25,5.04,383.82
2020-06-25,16.15,914.9425,6.25,7.5,8.5,9.25,10.25,5.04,383.82
2020-06-24,16.14222,916.42212,6.25,7.5,8.5,9.25,10.25,5.04,383.82
2020-06-23,16.149,920.07789,6.25,7.5,8.5,9.25,10.25,5.04,383.82
2020-06-22,16.1504,912.16124,6.25,7.5,8.5,9.25,10.25,5.04,383.82
2020-06-21,16.1507,906.57022,6.25,7.5,8.5,9.25,10.25,5.04,383.82
2020-06-20,16.1507,906.57022,6.25,7.5,8.5,9.25,10.25,5.04,383.82
2020-06-19,16.1507,906.57022,6.25,7.5,8.5,9.25,10.25,5.04,383.82
2020-06-18,16.1527,895.72487,6.25,7.5,8.5,9.25,10.25,5.04,383.82
2020-06-17,16.1454,897.60391,6.25,7.5,8.5,9.25,10.25,5.04,383.82
2020-06-16,16.16141,898.70196,6.25,7.5,8.5,9.25,10.25,5.04,383.82
2020-06-15,16.1575,893.65335,6.25,7.5,8.5,9.25,10.25,5.04,383.82
2020-06-14,16.1572,898.31197,6.25,7.5,8.5,9.25,10.25,5.04,383.82
2020-06-13,16.1572,898.31197,6.25,7.5,8.5,9.25,10.25,5.04,383.82
2020-06-12,16.1572,898.31197,6.25,7.5,8.5,9.25,10.25,5.04,383.82
2020-06-11,16.1669,900.25469,6.25,7.5,8.5,9.25,10.25,5.04,383.82
2020-06-10,16.1595,890.12723,6.25,7.5,8.5,9.25,10.25,5.04,383.82
2020-06-09,16.1684,891.34517,6.25,7.5,8.5,9.25,10.25,5.04,383.82
2020-06-08,16.1611,882.42151,6.25,7.5,8.5,9.25,10.25,5.04,383.82
2020-06-07,16.2065,873.38509,6.25,7.5,8.5,9.25,10.25,5.04,383.82
2020-06-06,16.2065,873.38509,6.25,7.5,8.5,9.25,10.25,5.04,383.82
2020-06-05,16.2065,873.38509,6.25,7.5,8.5,9.25,10.25,5.04,383.82
2020-06-04,16.05789,887.42106,6.25,7.5,8.5,9.25,10.25,5.04,383.82
2020-06-03,15.9814,872.35292,6.25,7.5,8.5,9.25,10.25,5.04,383.82
2020-06-02,15.9041,882.14359,6.25,7.5,8.5,9.25,10.25,5.04,383.82
2020-06-01,15.79118,882.27722,6.25,7.5,8.5,9.25,10.25,5.04,383.82
2020-05-31,15.8032,882.49162,6.25,7.5,8.5,9.25,10.25,5.04,383.82
2020-05-30,15.8032,882.49162,6.25,7.5,8.5,9.25,10.25,5.04,383.82
2020-05-29,15.8032,882.49162,6.25,7.5,8.5,9.25,10.25,5.04,383.82
2020-05-28,15.81563,871.18554,6.25,7.5,8.5,9.25,10.25,5.04,383.82
2020-05-27,15.8304,870.47228,6.25,7.5,8.5,9.25,10.25,5.04,383.82
2020-05-26,15.8286,867.57432,6.25,7.5,8.5,9.25,10.25,5.04,383.82
2020-05-25,15.822,882.37144,6.25,7.5,8.5,9.25,10.25,5.04,383.82
2020-05-24,15.8267,882.63359,6.25,7.5,8.5,9.25,10.25,5.04,383.82
2020-05-23,15.8267,882.63359,6.25,7.5,8.5,9.25,10.25,5.04,383.82
2020-05-22,15.8267,882.63359,6.25,7.5,8.5,9.25,10.25,5.04,383.82
2020-05-21,15.7858,873.19655,6.25,7.5,8.5,9.25,10.25,5.04,383.82
2020-05-20,15.7633,887.20666,6.25,7.5,8.5,9.25,10.25,5.04,383.82
2020-05-19,15.7567,883.59299,6.25,7.5,8.5,9.25,10.25,5.04,383.82
2020-05-18,15.71145,874.79172,6.25,7.5,8.5,9.25,10.25,5.04,383.82
2020-05-17,15.7093,885.58159,6.25,7.5,8.5,9.25,10.25,5.04,383.82
2020-05-16,15.7093,885.58159,6.25,7.5,8.5,9.25,10.25,5.04,383.82
2020-05-15,15.7093,885.58159,6.25,7.5,8.5,9.25,10.25,5.04,383.82
2020-05-14,15.72489,878.72503,6.25,7.5,8.5,9.25,10.25,5.04,383.82
2020-05-13,15.7253,866.51315,6.25,7.5,8.5,9.25,10.25,5.04,383.82
2020-05-12,15.7204,861.44164,6.25,7.5,8.5,9.25,10.25,5.04,383.82
2020-05-11,15.7227,856.96768,6.25,7.5,8.5,9.25,10.25,5.04,383.82
2020-05-10,15.7156,863.95759,6.25,7.5,8.5,9.25,10.25,5.04,383.82
2020-05-09,15.7156,863.95759,6.25,7.5,8.5,9.25,10.25,5.04,383.82
2020-05-08,15.7156,863.95759,6.25,7.5,8.5,9.25,10.25,5.04,383.82
2020-05-07,15.7215,870.29692,6.25,7.5,8.5,9.25,10.25,5.04,383.82
2020-05-06,15.7111,850.72848,6.25,7.5,8.5,9.25,10.25,5.04,383.82
2020-05-05,15.7191,861.37041,6.25,7.5,8.5,9.25,10.25,5.04,383.82
2020-05-04,15.7064,861.9369,6.25,7.5,8.5,9.25,10.25,5.04,383.82
2020-05-03,15.73484,857.22486,6.25,7.5,8.5,9.25,10.25,5.04,383.82
2020-05-02,15.73484,857.22486,6.25,7.5,8.5,9.25,10.25,5.04,383.82
2020-05-01,15.73484,857.22486,6.25,7.5,8.5,9.25,10.25,5.04,383.82
2020-04-30,15.7231,851.37826,6.25,7.5,8.5,12.25,13.25,5.04,383.82
2020-04-29,15.7175,860.77739,6.25,7.5,8.5,12.25,13.25,5.04,383.82
2020-04-28,15.7216,864.59068,6.25,7.5,8.5,12.25,13.25,5.04,383.82
2020-04-27,15.76627,867.75719,6.25,7.5,8.5,12.25,13.25,5.04,383.82
2020-04-26,15.7591,873.23963,6.25,7.5,8.5,12.25,13.25,5.04,383.82
2020-04-25,15.7591,873.23963,6.25,7.5,8.5,12.25,13.25,5.04,383.82
2020-04-24,15.7591,873.23963,6.25,7.5,8.5,12.25,13.25,5.04,383.82
2020-04-23,15.7206,876.05951,6.25,7.5,8.5,12.25,13.25,5.04,383.82
2020-04-22,15.7246,873.95679,6.25,7.5,8.5,12.25,13.25,5.04,383.82
2020-04-21,15.7163,847.97833,6.25,7.5,8.5,12.25,13.25,5.04,383.82
2020-04-20,15.74279,861.25114,6.25,7.5,8.5,12.25,13.25,5.04,383.82
2020-04-19,15.7266,854.09589,6.25,7.5,8.5,12.25,13.25,5.04,383.82
2020-04-18,15.7266,854.09589,6.25,7.5,8.5,12.25,13.25,5.04,383.82
2020-04-17,15.7266,854.09589,6.25,7.5,8.5,12.25,13.25,5.04,383.82
2020-04-16,15.7551,871.44774,6.25,7.5,8.5,12.25,13.25,5.04,383.82
2020-04-15,15.7565,874.96991,6.25,7.5,8.5,12.25,13.25,5.04,383.82
2020-04-14,15.7664,890.47325,6.25,7.5,8.5,12.25,13.25,5.04,383.82
2020-04-13,15.7517,883.61656,6.25,7.5,8.5,12.25,13.25,5.04,383.82
2020-04-12,15.7604,879.74683,6.25,7.5,8.5,12.25,13.25,5.04,383.82
2020-04-11,15.7604,879.74683,6.25,7.5,8.5,12.25,13.25,5.04,383.82
2020-04-10,15.7604,879.74683,6.5,7.75,8.75,12.25,13.25,5.04,383.82
2020-04-09,15.72585,877.8181,6.5,7.75,8.75,12.25,13.25,5.04,383.82
2020-04-08,15.7502,843.3258,6.5,7.75,8.75,12.25,13.25,5.04,383.82
2020-04-07,15.7173,841.26103,6.5,7.75,8.75,12.25,13.25,5.04,383.82
2020-04-06,15.7241,847.79256,6.5,7.75,8.75,12.25,13.25,5.04,383.82
2020-04-05,15.7217,825.77652,6.5,7.75,8.75,12.25,13.25,5.04,383.82
2020-04-04,15.7217,825.77652,6.5,7.75,8.75,12.25,13.25,5.04,383.82
2020-04-03,15.7217,825.77652,6.5,7.75,8.75,12.25,13.25,5.04,383.82
2020-04-02,15.7153,821.39829,6.5,7.75,8.75,12.25,13.25,5.04,383.82
2020-04-01,15.7099,797.12454,6.5,7.75,8.75,12.25,13.25,5.04,383.82
2020-03-31,15.7401,801.28843,6.5,7.75,8.75,12.25,13.25,5.04,383.82
2020-03-30,15.5338,810.06394,6.5,7.75,8.75,12.25,13.25,5.04,383.82
2020-03-29,15.7203,820.74992,6.5,7.75,8.75,12.25,13.25,5.04,383.82
2020-03-28,15.7203,820.74992,6.5,7.75,8.75,12.25,13.25,5.04,383.82
2020-03-27,15.7203,820.74992,6.5,7.75,8.75,12.25,13.25,5.04,383.82
2020-03-26,15.7145,833.68421,6.5,7.75,8.75,12.25,13.25,5.04,383.82
2020-03-25,15.728,825.39954,6.5,7.75,8.75,12.25,13.25,5.04,383.82
2020-03-24,15.7181,838.97916,6.5,7.75,8.75,12.25,13.25,5.04,383.82
2020-03-23,15.7258,792.2686,6.5,7.75,8.75,12.25,13.25,5.04,383.82
2020-03-22,15.7219,750.11814,6.5,7.75,8.75,12.25,13.25,5.04,383.82
2020-03-21,15.7219,750.11814,6.5,7.75,8.75,12.25,13.25,5.04,383.82
2020-03-20,15.7219,750.11814,6.5,7.75,8.75,12.25,13.25,5.04,383.82
2020-03-19,15.7126,746.94647,6.5,7.75,8.75,12.25,13.25,5.04,383.82
2020-03-18,15.7196,746.62226,6.5,7.75,8.75,12.25,13.25,5.04,383.82
2020-03-17,15.7222,770.80662,6.5,7.75,8.75,12.25,13.25,5.04,383.82
2020-03-16,15.61145,745.80219,6.5,7.75,8.75,12.25,13.25,5.04,383.82
2020-03-15,15.67921,764.06115,6.5,7.75,8.75,12.25,13.25,5.04,383.82
2020-03-14,15.67921,764.06115,6.5,7.75,8.75,12.25,13.25,5.04,383.82
2020-03-13,15.67921,764.06115,6.5,7.75,8.75,12.25,13.25,5.04,383.82
2020-03-12,15.67978,801.19199,6.5,7.75,8.75,12.25,13.25,5.04,383.82
2020-03-11,15.70476,828.77472,6.5,7.75,8.75,12.25,13.25,5.04,383.82
2020-03-10,15.677,836.23103,6.5,7.75,8.75,12.25,13.25,5.04,383.82
2020-03-09,15.48143,833.46443,6.5,7.75,8.75,12.25,13.25,5.04,383.82
2020-03-08,15.61673,838.89062,6.5,7.75,8.75,12.25,13.25,5.04,383.82
2020-03-07,15.61673,838.89062,6.5,7.75,8.75,12.25,13.25,5.04,383.82
2020-03-06,15.61673,838.89062,6.5,7.75,8.75,12.25,13.25,5.04,383.82
2020-03-05,15.62846,837.31008,6.5,7.75,8.75,12.25,13.25,5.04,383.82
2020-03-04,15.6194,824.11938,6.5,7.75,8.75,12.25,13.25,5.04,383.82
2020-03-03,15.6134,824.30481,6.5,7.75,8.75,12.25,13.25,5.04,383.82
2020-03-02,15.5745,797.31454,6.5,7.75,8.75,12.25,13.25,5.04,383.82
2020-03-01,15.61335,785.14761,6.5,7.75,8.75,12.25,13.25,5.04,383.82
2020-02-29,15.61335,785.14761,6.5,7.75,8.75,12.25,13.25,5.04,383.82
2020-02-28,15.61335,785.14761,6.5,7.75,8.75,12.25,13.25,5.04,383.82
2020-02-27,15.5649,820.69338,6.5,7.75,8.75,12.25,13.25,5.04,383.82
2020-02-26,15.5562,820.23464,6.5,7.75,8.75,12.25,13.25,5.04,383.82
2020-02-25,15.5308,822.34072,6.5,7.75,8.75,12.25,13.25,5.04,383.82
2020-02-24,15.54765,835.97963,6.5,7.75,8.75,12.25,13.25,5.04,383.82
2020-02-23,15.53707,821.5237,6.5,7.75,8.75,12.25,13.25,5.04,383.82
2020-02-22,15.53707,821.5237,6.5,7.75,8.75,12.25,13.25,5.04,383.82
2020-02-21,15.53707,821.5237,6.5,7.75,8.75,12.25,13.25,5.04,383.82
2020-02-20,15.5704,809.26933,6.5,7.75,8.75,12.25,13.25,5.04,383.82
2020-02-19,15.5761,805.00848,6.5,7.75,8.75,12.25,13.25,5.04,383.82
2020-02-18,15.6097,802.98103,6.5,7.75,8.75,12.25,13.25,5.04,383.82
2020-02-17,15.66289,797.00535,6.5,7.75,8.75,12.25,13.25,5.04,383.82
2020-02-16,15.6702,797.37732,6.5,7.75,8.75,12.25,13.25,5.04,383.82
2020-02-15,15.6702,797.37732,6.5,7.75,8.75,12.25,13.25,5.04,383.82
2020-02-14,15.6702,797.37732,6.5,7.75,8.75,12.25,13.25,5.04,383.82
2020-02-13,15.6975,794.93087,6.5,7.75,8.75,12.25,13.25,5.04,383.82
2020-02-12,15.69525,790.93154,6.5,7.75,8.75,12.25,13.25,5.04,383.82
2020-02-11,15.6996,790.24205,6.5,7.75,8.75,12.25,13.25,5.04,383.82
2020-02-10,15.75128,797.45182,6.5,7.75,8.75,12.25,13.25,5.04,383.82
2020-02-09,15.73699,793.64184,6.5,7.75,8.75,12.25,13.25,5.04,383.82
2020-02-08,15.73699,793.64184,6.5,7.75,8.75,12.25,13.25,5.04,383.82
2020-02-07,15.73699,793.64184,6.5,7.75,8.75,12.25,13.25,5.04,383.82
2020-02-06,15.7494,792.49556,6.5,7.75,8.75,12.25,13.25,5.04,383.82
2020-02-05,15.77889,790.27642,6.5,7.75,8.75,12.25,13.25,5.04,383.82
2020-02-04,15.80572,787.85959,6.5,7.75,8.75,12.25,13.25,5.04,383.82
2020-02-03,15.78473,800.41381,6.5,7.75,8.75,12.25,13.25,5.04,383.82
2020-02-02,15.7722,802.669,6.5,7.75,8.75,12.25,13.25,5.04,383.82
2020-02-01,15.7722,802.669,6.5,7.75,8.75,12.25,13.25,5.04,383.82
2020-01-31,15.7722,802.669,6.5,7.75,8.75,12.25,13.25,5.04,383.82
2020-01-30,15.7761,803.17182,6.5,7.75,8.75,12.25,13.25,5.04,383.82
2020-01-29,15.77656,796.24608,6.5,7.75,8.75,12.25,13.25,5.04,383.82
2020-01-28,15.76743,795.48134,6.5,7.75,8.75,12.25,13.25,5.04,383.82
2020-01-27,15.77799,799.86943,6.5,7.75,8.75,12.25,13.25,5.04,383.82
2020-01-26,15.74,795.05886,6.5,7.75,8.75,12.25,13.25,5.04,383.82
2020-01-25,15.74,795.05886,6.5,7.75,8.75,12.25,13.25,5.04,383.82
2020-01-24,15.74,795.05886,6.5,7.75,8.75,12.25,13.25,5.04,383.82
2020-01-23,15.77705,793.63312,6.5,7.75,8.75,12.25,13.25,5.04,383.82
2020-01-22,15.77001,788.56395,6.5,7.75,8.75,12.25,13.25,5.04,383.82
2020-01-21,15.7537,788.30548,6.5,7.75,8.75,12.25,13.25,5.04,383.82
2020-01-20,15.80098,791.89046,6.5,7.75,8.75,12.25,13.25,5.04,383.82
2020-01-19,15.8004,791.86149,6.5,7.75,8.75,12.25,13.25,5.04,383.82
2020-01-18,15.8004,791.86149,6.5,7.75,8.75,12.25,13.25,5.04,383.82
2020-01-17,15.8004,791.86149,6.5,7.75,8.75,12.25,13.25,5.04,383.82
2020-01-16,15.8292,788.31741,6.5,7.75,8.75,12.25,13.25,5.04,383.82
2020-01-15,15.8482,790.84317,6.5,7.75,8.75,12.25,13.25,5.04,383.82
2020-01-14,15.9001,788.47442,6.5,7.75,8.75,12.25,13.25,5.04,383.82
2020-01-13,15.8264,787.87282,6.5,7.75,8.75,12.25,13.25,5.04,383.82
2020-01-12,15.9627,799.32821,6.5,7.75,8.75,12.25,13.25,5.04,383.82
2020-01-11,15.9627,799.32821,6.5,7.75,8.75,12.25,13.25,5.04,383.82
2020-01-10,15.9627,799.32821,6.5,7.75,8.75,12.25,13.25,5.04,383.82
2020-01-09,15.9997,798.19741,6.5,7.75,8.75,12.25,13.25,5.04,383.82
2020-01-08,16.0388,803.08732,6.5,7.75,8.75,12.25,13.25,5.04,383.82
2020-01-07,16.0444,810.79581,6.5,7.75,8.75,12.25,13.25,5.04,383.82
2020-01-06,16.0105,806.20008,6.5,7.75,8.75,12.25,13.25,5.04,383.82
2020-01-05,16.0091,797.37962,6.5,7.75,8.75,12.25,13.25,5.04,383.82
2020-01-04,16.0091,797.37962,6.5,7.75,8.75,12.25,13.25,5.04,383.82
2020-01-03,16.0091,797.37962,6.5,7.75,8.75,12.25,13.25,5.04,383.82
2020-01-02,16.0103,784.72525,6.5,7.75,8.75,12.25,13.25,5.04,383.82
2020-01-01,16.01229,782.249,6.5,7.75,8.75,12.25,13.25,5.04,383.82
2019-12-31,16.0265,782.94301,6.5,7.75,8.75,9.25,10.25,9.4,318.68
2019-12-30,16.00751,779.44204,6.5,7.75,8.75,9.25,10.25,9.4,318.68
2019-12-29,16.01431,779.41247,6.5,7.75,8.75,9.25,10.25,9.4,318.68
2019-12-28,16.01431,779.41247,6.5,7.75,8.75,9.25,10.25,9.4,318.68
2019-12-27,16.01431,779.41247,6.5,7.75,8.75,9.25,10.25,9.4,318.68
2019-12-26,16.02325,777.52982,6.5,7.75,8.75,9.25,10.25,9.4,318.68
2019-12-25,16.03048,772.62338,6.5,7.75,8.75,9.25,10.25,9.4,318.68
2019-12-24,16.03841,773.00553,6.5,7.75,8.75,9.25,10.25,9.4,318.68
2019-12-23,16.01682,763.41706,6.5,7.75,8.75,9.25,10.25,9.4,318.68
2019-12-22,16.0182,759.46561,6.5,7.75,8.75,9.25,10.25,9.4,318.68
2019-12-21,16.0182,759.46561,6.5,7.75,8.75,9.25,10.25,9.4,318.68
2019-12-20,16.0182,759.46561,6.5,7.75,8.75,9.25,10.25,9.4,318.68
2019-12-19,16.025,761.59126,6.5,7.75,8.75,9.25,10.25,9.4,318.68
2019-12-18,16.00656,757.83319,6.5,7.75,8.75,9.25,10.25,9.4,318.68
2019-12-17,16.0095,759.00169,6.5,7.75,8.75,9.25,10.25,9.4,318.68
2019-12-16,16.0909,763.06776,6.5,7.75,8.75,9.25,10.25,9.4,318.68
2019-12-15,16.0907,763.36865,6.5,7.75,8.75,9.25,10.25,9.4,318.68
2019-12-14,16.0907,763.36865,6.5,7.75,8.75,9.25,10.25,9.4,318.68
2019-12-13,16.0907,763.36865,6.5,7.75,8.75,9.25,10.25,9.4,318.68
2019-12-12,16.1233,760.30171,6.5,7.75,8.75,9.25,10.25,9.4,318.68
2019-12-11,16.1293,761.98475,6.5,7.75,8.75,9.25,10.25,9.4,318.68
2019-12-10,16.0885,756.53989,6.5,7.75,8.75,9.25,10.25,9.4,318.68
2019-12-09,16.11976,756.29951,6.5,7.75,8.75,9.25,10.25,9.4,318.68
2019-12-08,16.1094,755.70996,6.5,7.75,8.75,9.25,10.25,9.4,318.68
2019-12-07,16.1094,755.70996,6.5,7.75,8.75,9.25,10.25,9.4,318.68
2019-12-06,16.1094,755.70996,6.5,7.75,8.75,9.25,10.25,9.4,318.68
2019-12-05,16.09,764.00796,6.5,7.75,8.75,9.25,10.25,9.4,318.68
2019-12-04,16.0926,762.63096,6.5,7.75,8.75,9.25,10.25,9.4,318.68
2019-12-03,16.069,763.6824,6.5,7.75,8.75,9.25,10.25,9.4,318.68
2019-12-02,16.09772,756.8184,6.5,7.75,8.75,9.25,10.25,9.4,318.68
2019-12-01,16.09772,758.52593,6.5,7.75,8.75,9.25,10.25,9.4,318.68
2019-11-30,16.09772,758.52593,6.5,7.75,8.75,9.25,10.25,9.4,318.68
2019-11-29,16.09772,758.52593,6.5,7.75,8.75,9.25,10.25,9.4,318.68
2019-11-28,16.0915,751.92134,6.5,7.75,8.75,9.25,10.25,9.4,318.68
2019-11-27,16.0889,751.79986,6.5,7.75,8.75,9.25,10.25,9.4,318.68
2019-11-26,16.111,756.14766,6.5,7.75,8.75,9.25,10.25,9.4,318.68
2019-11-25,16.0765,752.87442,6.5,7.75,8.75,9.25,10.25,9.4,318.68
2019-11-24,16.0769,756.25292,6.5,7.75,8.75,9.25,10.25,9.4,318.68
2019-11-23,16.0769,756.25292,6.5,7.75,8.75,9.25,10.25,9.4,318.68
2019-11-22,16.0769,756.25292,6.5,7.75,8.75,9.25,10.25,9.4,318.68
2019-11-21,16.0667,755.77309,6.5,7.75,8.75,9.25,10.25,9.4,318.68
2019-11-20,16.0695,761.17463,6.5,7.75,8.75,9.25,10.25,9.4,318.68
2019-11-19,16.1002,762.62885,6.5,7.75,8.75,9.25,10.25,9.4,318.68
2019-11-18,16.1049,761.60868,6.5,7.75,8.75,9.25,10.25,9.4,318.68
2019-11-17,16.1003,759.52773,6.5,7.75,8.75,9.25,10.25,9.4,318.68
2019-11-16,16.1003,759.52773,6.5,7.75,8.75,9.25,10.25,9.4,318.68
2019-11-15,16.1003,759.52773,6.5,7.75,8.75,9.25,10.25,9.4,318.68
2019-11-14,16.1082,762.23093,6.5,7.75,8.75,9.25,10.25,9.4,318.68
2019-11-13,16.1008,756.6524,6.5,7.75,8.75,9.25,10.25,9.4,318.68
2019-11-12,16.12614,752.86593,6.5,7.75,8.75,9.25,10.25,9.4,318.68
2019-11-11,16.12233,754.45049,6.5,7.75,8.75,9.25,10.25,9.4,318.68
2019-11-10,16.1107,756.91056,6.5,7.75,8.75,9.25,10.25,9.4,318.68
2019-11-09,16.1107,756.91056,6.5,7.75,8.75,9.25,10.25,9.4,318.68
2019-11-08,16.1107,756.91056,6.5,7.75,8.75,9.25,10.25,9.4,318.68
2019-11-07,16.1093,758.34672,6.5,7.75,8.75,9.25,10.25,9.4,318.68
2019-11-06,16.0998,771.35761,6.5,7.75,8.75,9.25,10.25,9.4,318.68
2019-11-05,16.09199,766.11999,6.5,7.75,8.75,9.25,10.25,9.4,318.68
2019-11-04,16.11925,781.51442,6.5,7.75,8.75,9.25,10.25,9.4,318.68
2019-11-03,16.1109,781.10947,6.5,7.75,8.75,9.25,10.25,9.4,318.68
2019-11-02,16.1109,781.10947,6.5,7.75,8.75,9.25,10.25,9.4,318.68
2019-11-01,16.1109,781.10947,6.5,7.75,8.75,9.25,10.25,9.4,318.68
2019-10-31,16.1113,782.88998,6.5,7.75,8.75,9.25,10.25,9.4,318.68
2019-10-30,16.1026,773.04489,6.5,7.75,8.75,9.25,10.25,9.4,318.68
2019-10-29,16.1099,770.18408,6.5,7.75,8.75,9.25,10.25,9.4,318.68
2019-10-28,16.0992,771.22533,6.5,7.75,8.75,9.25,10.25,9.4,318.68
2019-10-27,16.1203,777.15981,6.5,7.75,8.75,9.25,10.25,9.4,318.68
2019-10-26,16.1203,777.15981,6.5,7.75,8.75,9.25,10.25,9.4,318.68
2019-10-25,16.1203,777.15981,6.5,7.75,8.75,9.25,10.25,9.4,318.68
2019-10-24,16.1599,778.75723,6.5,7.75,8.75,9.25,10.25,9.4,318.68
2019-10-23,16.1717,774.64644,6.5,7.75,8.75,9.25,10.25,9.4,318.68
2019-10-22,16.17688,770.62974,6.5,7.75,8.75,9.25,10.25,9.4,318.68
2019-10-21,16.2419,774.0927,6.5,7.75,8.75,9.25,10.25,9.4,318.68
2019-10-20,16.1988,775.05914,6.5,7.75,8.75,9.25,10.25,9.4,318.68
2019-10-19,16.1988,775.05914,6.5,7.75,8.75,9.25,10.25,9.4,318.68
2019-10-18,16.1988,775.05914,6.5,7.75,8.75,9.25,10.25,9.4,318.68
2019-10-17,16.1986,777.18497,6.5,7.75,8.75,9.25,10.25,9.4,318.68
2019-10-16,16.2114,775.55779,6.5,7.75,8.75,9.25,10.25,9.4,318.68
2019-10-15,16.2329,771.15867,6.5,7.75,8.75,9.25,10.25,9.4,318.68
2019-10-14,16.2714,780.36386,6.5,7.75,8.75,9.25,10.25,9.4,318.68
2019-10-13,16.2473,774.50672,6.5,7.75,8.75,9.25,10.25,9.4,318.68
2019-10-12,16.2473,774.50672,6.5,7.75,8.75,9.25,10.25,9.4,318.68
2019-10-11,16.2473,774.50672,6.5,7.75,8.75,9.25,10.25,9.4,318.68
2019-10-10,16.281,782.44699,6.5,7.75,8.75,9.25,10.25,9.4,318.68
2019-10-09,16.2585,787.27234,6.5,7.75,8.75,9.25,10.25,9.4,318.68
2019-10-08,16.2805,783.67915,6.5,7.75,8.75,9.25,10.25,9.4,318.68
2019-10-07,16.278,783.82046,6.5,7.75,8.75,9.25,10.25,9.4,318.68
2019-10-06,16.2779,788.26413,6.5,7.75,8.75,9.25,10.25,9.4,318.68
2019-10-05,16.2779,788.26413,6.5,7.75,8.75,9.25,10.25,9.4,318.68
2019-10-04,16.2779,788.26413,6.5,7.75,8.75,9.25,10.25,9.4,318.68
2019-10-03,16.311,790.339,6.75,8.0,9.0,9.25,10.25,9.4,318.68
2019-10-02,16.245,783.95506,6.75,8.0,9.0,9.25,10.25,9.4,318.68
2019-10-01,16.258,774.65093,6.75,8.0,9.0,9.25,10.25,9.4,318.68
2019-09-30,16.285,767.40314,6.75,8.0,9.0,9.25,10.25,9.4,318.68
2019-09-29,16.2801,784.65437,6.75,8.0,9.0,9.25,10.25,9.4,318.68
2019-09-28,16.2801,784.65437,6.75,8.0,9.0,9.25,10.25,9.4,318.68
2019-09-27,16.2801,784.65437,6.75,8.0,9.0,9.25,10.25,9.4,318.68
2019-09-26,16.2474,787.46623,6.75,8.0,9.0,9.25,10.25,9.4,318.68
2019-09-25,16.288,787.91533,6.75,8.0,9.0,9.25,10.25,9.4,318.68
2019-09-24,16.2735,801.60206,6.75,8.0,9.0,9.25,10.25,9.4,318.68
2019-09-23,16.2811,797.57938,6.75,8.0,9.0,9.25,10.25,9.4,318.68
2019-09-22,16.2796,788.92221,6.75,8.0,9.0,9.25,10.25,9.4,318.68
2019-09-21,16.2796,788.92221,6.75,8.0,9.0,9.25,10.25,9.4,318.68
2019-09-20,16.2796,788.92221,6.75,8.0,9.0,9.25,10.25,9.4,318.68
2019-09-19,16.3195,786.18609,6.75,8.0,9.0,9.25,10.25,9.4,318.68
2019-09-18,16.305,790.25794,6.75,8.0,9.0,9.25,10.25,9.4,318.68
2019-09-17,16.3125,789.36272,6.75,8.0,9.0,9.25,10.25,9.4,318.68
2019-09-16,16.382,791.67244,6.75,8.0,9.0,9.25,10.25,9.4,318.68
2019-09-15,16.401,786.1575,6.75,8.0,9.0,9.25,10.25,9.4,318.68
2019-09-14,16.401,786.1575,6.75,8.0,9.0,9.25,10.25,9.4,318.68
2019-09-13,16.401,786.1575,6.75,8.0,9.0,9.25,10.25,9.4,318.68
2019-09-12,16.407,790.55957,6.75,8.0,9.0,9.25,10.25,9.4,318.68
2019-09-11,16.4305,789.42047,6.75,8.0,9.0,9.25,10.25,9.4,318.68
2019-09-10,16.4305,787.25465,6.75,8.0,9.0,9.25,10.25,9.4,318.68
2019-09-09,16.485,796.17301,6.75,8.0,9.0,9.25,10.25,9.4,318.68
2019-09-08,16.456,796.88863,6.75,8.0,9.0,9.25,10.25,9.4,318.68
2019-09-07,16.456,796.88863,6.75,8.0,9.0,9.25,10.25,9.4,318.68
2019-09-06,16.456,796.88863,6.75,8.0,9.0,9.25,10.25,9.4,318.68
2019-09-05,16.5,803.8999,6.75,8.0,9.0,9.25,10.25,9.4,318.68
2019-09-04,16.519,823.36088,6.75,8.0,9.0,9.25,10.25,9.4,318.68
2019-09-03,16.529,821.52107,6.75,8.0,9.0,9.25,10.25,9.4,318.68
2019-09-02,16.508,806.25336,6.75,8.0,9.0,9.25,10.25,9.4,318.68
2019-09-01,16.5205,806.8639,6.75,8.0,9.0,9.25,10.25,9.4,318.68
2019-08-31,16.5205,806.8639,6.75,8.0,9.0,9.25,10.25,9.4,318.68
2019-08-30,16.5205,806.8639,6.75,8.0,9.0,9.25,10.25,9.4,318.68
2019-08-29,16.537,811.60421,6.75,8.0,9.0,9.25,10.25,9.4,318.68
2019-08-28,16.5185,816.69745,6.75,8.0,9.0,9.25,10.25,9.4,318.68
2019-08-27,16.534,819.16487,6.75,8.0,9.0,9.25,10.25,9.4,318.68
2019-08-26,16.5445,811.86592,6.75,8.0,9.0,9.25,10.25,9.4,318.68
2019-08-25,16.5385,811.73094,6.75,8.0,9.0,9.25,10.25,9.4,318.68
2019-08-24,16.5385,811.73094,6.75,8.0,9.0,9.25,10.25,9.4,318.68
2019-08-23,16.5385,811.73094,6.75,8.0,9.0,9.25,10.25,9.4,318.68
2019-08-22,16.579,798.10112,6.75,8.0,9.0,9.25,10.25,9.4,318.68
2019-08-21,16.5735,801.72608,6.75,8.0,9.0,9.25,10.25,9.4,318.68
2019-08-20,16.5676,801.4407,6.75,8.0,9.0,9.25,10.25,9.4,318.68
2019-08-19,16.554,798.54754,6.75,8.0,9.0,9.25,10.25,9.4,318.68
2019-08-18,16.5505,804.81723,6.75,8.0,9.0,9.25,10.25,9.4,318.68
2019-08-17,16.5505,804.81723,6.75,8.0,9.0,9.25,10.25,9.4,318.68
2019-08-16,16.5505,804.81723,6.75,8.0,9.0,9.25,10.25,9.4,318.68
2019-08-15,16.5715,809.62117,6.75,8.0,9.0,9.25,10.25,9.4,318.68
2019-08-14,16.554,806.79699,6.75,8.0,9.0,9.25,10.25,9.4,318.68
2019-08-13,16.56,799.79521,6.75,8.0,9.0,9.25,10.25,9.4,318.68
2019-08-12,16.518,799.41311,6.75,8.0,9.0,9.25,10.25,9.4,318.68
2019-08-11,16.544,796.04388,6.75,8.0,9.0,9.25,10.25,9.4,318.68
2019-08-10,16.544,796.04388,6.75,8.0,9.0,9.25,10.25,9.4,318.68
2019-08-09,16.544,796.04388,6.75,8.0,9.0,9.25,10.25,9.4,318.68
2019-08-08,16.5365,796.26784,6.75,8.0,9.0,9.25,10.25,9.4,318.68
2019-08-07,16.533,801.20222,6.75,8.0,9.0,9.25,10.25,9.4,318.68
2019-08-06,16.534,782.69849,6.75,8.0,9.0,9.25,10.25,9.4,318.68
2019-08-05,16.5475,779.18784,6.75,8.0,9.0,9.25,10.25,9.4,318.68
2019-08-04,16.5515,769.26547,6.75,8.0,9.0,9.25,10.25,9.4,318.68
2019-08-03,16.5515,769.26547,6.75,8.0,9.0,9.25,10.25,9.4,318.68
2019-08-02,16.5515,769.26547,6.75,8.0,9.0,9.25,10.25,9.4,318.68
2019-08-01,16.5195,754.65973,6.75,8.0,9.0,9.25,10.25,9.4,318.68
2019-07-31,16.532,757.99457,6.75,8.0,9.0,9.25,10.25,9.4,318.68
2019-07-30,16.566,761.47088,6.75,8.0,9.0,9.25,10.25,9.4,318.68
2019-07-29,16.5555,755.61231,6.75,8.0,9.0,9.25,10.25,9.4,318.68
2019-07-28,16.569,755.64251,6.75,8.0,9.0,9.25,10.25,9.4,318.68
2019-07-27,16.569,755.64251,6.75,8.0,9.0,9.25,10.25,9.4,318.68
2019-07-26,16.569,755.64251,6.75,8.0,9.0,9.25,10.25,9.4,318.68
2019-07-25,16.5787,753.63297,6.75,8.0,9.0,9.25,10.25,9.4,318.68
2019-07-24,16.5875,758.77941,6.75,8.0,9.0,9.25,10.25,9.4,318.68
2019-07-23,16.5905,757.47644,6.75,8.0,9.0,9.25,10.25,9.4,318.68
2019-07-22,16.584,759.95227,6.75,8.0,9.0,9.25,10.25,9.4,318.68
2019-07-21,16.587,759.98306,6.75,8.0,9.0,9.25,10.25,9.4,318.68
2019-07-20,16.587,759.98306,6.75,8.0,9.0,9.25,10.25,9.4,318.68
2019-07-19,16.587,759.98306,6.75,8.0,9.0,9.25,10.25,9.4,318.68
2019-07-18,16.5801,760.19994,6.75,8.0,9.0,9.25,10.25,9.4,318.68
2019-07-17,16.597,758.41359,6.75,8.0,9.0,9.25,10.25,9.4,318.68
2019-07-16,16.581,751.23197,6.75,8.0,9.0,9.25,10.25,9.4,318.68
2019-07-15,16.592,752.90395,6.75,8.0,9.0,9.25,10.25,9.4,318.68
2019-07-14,16.573,751.24256,6.75,8.0,9.0,9.25,10.25,9.4,318.68
2019-07-13,16.573,751.24256,6.75,8.0,9.0,9.25,10.25,9.4,318.68
2019-07-12,16.573,751.24256,6.75,8.0,9.0,9.25,10.25,9.4,318.68
2019-07-11,16.596,749.29717,6.75,8.0,9.0,9.25,10.25,9.4,318.68
2019-07-10,16.589,752.07451,6.75,8.0,9.0,9.25,10.25,9.4,318.68
2019-07-09,16.5795,744.92747,6.75,8.0,9.0,9.25,10.25,9.4,318.68
2019-07-08,16.5975,745.46939,6.75,8.0,9.0,9.25,10.25,9.4,318.68
2019-07-07,16.599,745.37669,6.75,8.0,9.0,9.25,10.25,9.4,318.68
2019-07-06,16.599,745.37669,6.75,8.0,9.0,9.25,10.25,9.4,318.68
2019-07-05,16.599,745.37669,6.75,8.0,9.0,9.25,10.25,9.4,318.68
2019-07-04,16.589,756.12794,5.5,6.75,7.75,9.25,10.25,9.4,318.68
2019-07-03,16.609,757.03948,5.5,6.75,7.75,9.25,10.25,9.4,318.68
2019-07-02,16.68,753.25054,5.5,6.75,7.75,9.25,10.25,9.4,318.68
2019-07-01,16.688,743.41769,5.5,6.75,7.75,9.25,10.25,9.4,318.68
2019-06-30,16.674,755.71356,5.5,6.75,7.75,9.25,10.25,9.4,318.68
2019-06-29,16.674,755.71356,5.5,6.75,7.75,9.25,10.25,9.4,318.68
2019-06-28,16.674,755.71356,5.5,6.75,7.75,9.25,10.25,9.4,318.68
2019-06-27,16.6691,754.79482,5.5,6.75,7.75,9.25,10.25,9.4,318.68
2019-06-26,16.671,756.59596,5.5,6.75,7.75,9.25,10.25,9.4,318.68
2019-06-25,16.669,758.27381,5.5,6.75,7.75,9.25,10.25,9.4,318.68
2019-06-24,16.641,756.67909,5.5,6.75,7.75,9.25,10.25,9.4,318.68
2019-06-23,16.658,747.75829,5.5,6.75,7.75,9.25,10.25,9.4,318.68
2019-06-22,16.658,747.75829,5.5,6.75,7.75,9.25,10.25,9.4,318.68
2019-06-21,16.658,747.75829,5.5,6.75,7.75,9.25,10.25,9.4,318.68
2019-06-20,16.713,748.45394,5.5,6.75,7.75,9.25,10.25,9.4,318.68
2019-06-19,16.739,723.62465,5.5,6.75,7.75,9.25,10.25,9.4,318.68
2019-06-18,16.726,724.13815,5.5,6.75,7.75,9.25,10.25,9.4,318.68
2019-06-17,16.728,719.976,5.5,6.75,7.75,9.25,10.25,9.4,318.68
2019-06-16,16.729,720.77202,5.5,6.75,7.75,9.25,10.25,9.4,318.68
2019-06-15,16.729,720.77202,5.5,6.75,7.75,9.25,10.25,9.4,318.68
2019-06-14,16.729,720.77202,5.5,6.75,7.75,9.25,10.25,9.4,318.68
2019-06-13,16.6945,718.8025,5.5,6.75,7.75,9.25,10.25,9.4,318.68
2019-06-12,16.738,716.74711,5.5,6.75,7.75,9.25,10.25,9.4,318.68
2019-06-11,16.7086,712.53352,5.5,6.75,7.75,9.25,10.25,9.4,318.68
2019-06-10,16.747,713.25573,5.5,6.75,7.75,9.25,10.25,9.4,318.68
2019-06-09,16.748,722.1829,5.5,6.75,7.75,9.25,10.25,9.4,318.68
2019-06-08,16.748,722.1829,5.5,6.75,7.75,9.25,10.25,9.4,318.68
2019-06-07,16.748,722.1829,5.5,6.75,7.75,9.25,10.25,9.4,318.68
2019-06-06,16.76,720.76055,5.5,6.75,7.75,9.25,10.25,9.4,318.68
2019-06-05,16.739,714.85251,5.5,6.75,7.75,9.25,10.25,9.4,318.68
2019-06-04,16.731,711.87509,5.5,6.75,7.75,9.25,10.25,9.4,318.68
2019-06-03,16.721,711.07325,5.5,6.75,7.75,9.25,10.25,9.4,318.68
2019-06-02,16.755,703.41533,5.5,6.75,7.75,9.25,10.25,9.4,318.68
2019-06-01,16.755,703.41533,5.5,6.75,7.75,9.25,10.25,9.4,318.68
2019-05-31,16.755,703.41533,5.5,6.75,7.75,9.25,10.25,9.4,318.68
2019-05-30,16.7885,694.72817,5.5,6.75,7.75,9.25,10.25,9.4,318.68
2019-05-29,16.815,692.31081,5.5,6.75,7.75,9.25,10.25,9.4,318.68
2019-05-28,16.807,689.76593,5.5,6.75,7.75,9.25,10.25,9.4,318.68
2019-05-27,16.8245,694.00011,5.5,6.75,7.75,9.25,10.25,9.4,318.68
2019-05-26,16.834,694.392,5.5,6.75,7.75,9.25,10.25,9.4,318.68
2019-05-25,16.834,694.392,5.5,6.75,7.75,9.25,10.25,9.4,318.68
2019-05-24,16.834,694.392,5.5,6.75,7.75,9.25,10.25,9.4,318.68
2019-05-23,16.9145,698.69145,5.5,6.75,7.75,9.25,10.25,9.4,318.68
2019-05-22,17.002,696.18364,5.5,6.75,7.75,9.25,10.25,9.4,318.68
2019-05-21,17.002,695.30905,5.5,6.75,7.75,9.25,10.25,9.4,318.68
2019-05-20,17.0035,697.61171,5.5,6.75,7.75,9.25,10.25,9.4,318.68
2019-05-19,17.0225,697.51556,5.5,6.75,7.75,9.25,10.25,9.4,318.68
2019-05-18,17.0225,697.51556,5.5,6.75,7.75,9.25,10.25,9.4,318.68
2019-05-17,17.0225,697.51556,5.5,6.75,7.75,9.25,10.25,9.4,318.68
2019-05-16,17.048,704.31561,5.5,6.75,7.75,9.25,10.25,9.4,318.68
2019-05-15,17.049,710.55088,5.5,6.75,7.75,9.25,10.25,9.4,318.68
2019-05-14,17.055,709.92358,5.5,6.75,7.75,9.25,10.25,9.4,318.68
2019-05-13,17.0895,714.32665,5.5,6.75,7.75,9.25,10.25,9.4,318.68
2019-05-12,17.0945,706.62135,5.5,6.75,7.75,9.25,10.25,9.4,318.68
2019-05-11,17.0945,706.62135,5.5,6.75,7.75,9.25,10.25,9.4,318.68
2019-05-10,17.0945,706.62135,5.5,6.75,7.75,9.25,10.25,9.4,318.68
2019-05-09,17.1245,706.65025,5.5,6.75,7.75,9.25,10.25,9.4,318.68
2019-05-08,17.121,704.24898,5.5,6.75,7.75,9.25,10.25,9.4,318.68
2019-05-07,17.1185,706.40264,5.5,6.75,7.75,9.25,10.25,9.4,318.68
2019-05-06,17.173,707.65778,5.5,6.75,7.75,9.25,10.25,9.4,318.68
2019-05-05,17.154,705.49601,5.5,6.75,7.75,9.25,10.25,9.4,318.68
2019-05-04,17.154,705.49601,5.5,6.75,7.75,9.25,10.25,9.4,318.68
2019-05-03,17.154,705.49601,5.5,6.75,7.75,9.25,10.25,9.4,318.68
2019-05-02,17.165,700.70573,5.5,6.75,7.75,9.25,10.25,9.4,318.68
2019-05-01,17.1425,706.23563,5.5,6.75,7.75,9.25,10.25,9.4,318.68
2019-04-30,17.1465,707.1722,5.5,6.75,7.75,9.25,10.25,9.4,318.68
2019-04-29,17.1355,704.40464,5.5,6.75,7.75,9.25,10.25,9.4,318.68
2019-04-28,17.1515,708.53646,5.5,6.75,7.75,9.25,10.25,9.4,318.68
2019-04-27,17.1515,708.53646,5.5,6.75,7.75,9.25,10.25,9.4,318.68
2019-04-26,17.1515,708.53646,5.5,6.75,7.75,9.25,10.25,9.4,318.68
2019-04-25,17.155,703.66199,5.5,6.75,7.75,9.25,10.25,9.4,318.68
2019-04-24,17.1333,702.60662,5.5,6.75,7.75,9.25,10.25,9.4,318.68
2019-04-23,17.137,699.34232,5.5,6.75,7.75,9.25,10.25,9.4,318.68
2019-04-22,17.1595,702.57763,5.5,6.75,7.75,9.25,10.25,9.4,318.68
2019-04-21,17.18,702.53325,5.5,6.75,7.75,9.25,10.25,9.4,318.68
2019-04-20,17.18,702.53325,5.5,6.75,7.75,9.25,10.25,9.4,318.68
2019-04-19,17.18,702.53325,5.5,6.75,7.75,9.25,10.25,9.4,318.68
2019-04-18,17.228,704.4961,5.5,6.75,7.75,9.25,10.25,9.4,318.68
2019-04-17,17.28,706.78914,5.5,6.75,7.75,9.25,10.25,9.4,318.68
2019-04-16,17.324,708.81159,5.5,6.75,7.75,9.25,10.25,9.4,318.68
2019-04-15,17.2735,714.63151,5.5,6.75,7.75,9.25,10.25,9.4,318.68
2019-04-14,17.283,717.13603,5.5,6.75,7.75,9.25,10.25,9.4,318.68
2019-04-13,17.283,717.13603,5.5,6.75,7.75,9.25,10.25,9.4,318.68
2019-04-12,17.283,717.13603,5.5,6.75,7.75,9.25,10.25,9.4,318.68
2019-04-11,17.29,716.31472,5.5,6.75,7.75,9.25,10.25,9.4,318.68
2019-04-10,17.3015,728.19437,5.5,6.75,7.75,9.25,10.25,9.4,318.68
2019-04-09,17.307,725.3098,5.5,6.75,7.75,9.25,10.25,9.4,318.68
2019-04-08,17.297,721.33166,5.5,6.75,7.75,9.25,10.25,9.4,318.68
2019-04-07,17.282,716.98338,5.5,6.75,7.75,9.25,10.25,9.4,318.68
2019-04-06,17.282,716.98338,5.5,6.75,7.75,9.25,10.25,9.4,318.68
2019-04-05,17.282,716.98338,5.5,6.75,7.75,9.25,10.25,9.4,318.68
2019-04-04,17.304,717.11727,5.5,6.75,7.75,9.25,10.25,9.4,318.68
2019-04-03,17.2915,717.09957,5.5,6.75,7.75,9.25,10.25,9.4,318.68
2019-04-02,17.3075,717.81877,5.5,6.75,7.75,9.25,10.25,9.4,318.68
2019-04-01,17.3035,716.76271,5.5,6.75,7.75,9.25,10.25,9.4,318.68
2019-03-31,17.2985,719.11394,5.5,6.75,7.75,9.25,10.25,9.4,318.68
2019-03-30,17.2985,719.11394,5.5,6.75,7.75,9.25,10.25,9.4,318.68
2019-03-29,17.2985,719.11394,5.5,6.75,7.75,9.25,10.25,9.4,318.68
2019-03-28,17.288,716.89885,5.5,6.75,7.75,9.25,10.25,9.4,318.68
2019-03-27,17.2761,727.5697,5.5,6.75,7.75,9.25,10.25,9.4,318.68
2019-03-26,17.271,729.79813,5.5,6.75,7.75,9.25,10.25,9.4,318.68
2019-03-25,17.2285,732.21197,5.5,6.75,7.75,9.25,10.25,9.4,318.68
2019-03-24,17.225,726.35909,5.5,6.75,7.75,9.25,10.25,9.4,318.68
2019-03-23,17.225,726.35909,5.5,6.75,7.75,9.25,10.25,9.4,318.68
2019-03-22,17.225,726.35909,5.5,6.75,7.75,9.25,10.25,9.4,318.68
2019-03-21,17.247,724.23701,5.5,6.75,7.75,9.25,10.25,9.4,318.68
2019-03-20,17.26,721.67538,5.5,6.75,7.75,9.25,10.25,9.4,318.68
2019-03-19,17.281,725.05362,5.5,6.75,7.75,9.25,10.25,9.4,318.68
2019-03-18,17.391,727.04098,5.5,6.75,7.75,9.25,10.25,9.4,318.68
2019-03-17,17.377,727.29373,5.5,6.75,7.75,9.25,10.25,9.4,318.68
2019-03-16,17.377,727.29373,5.5,6.75,7.75,9.25,10.25,9.4,318.68
2019-03-15,17.377,727.29373,5.5,6.75,7.75,9.25,10.25,9.4,318.68
2019-03-14,17.389,723.09975,5.5,6.75,7.75,9.25,10.25,9.4,318.68
2019-03-13,17.375,730.39409,5.5,6.75,7.75,9.25,10.25,9.4,318.68
2019-03-12,17.4065,725.4504,5.5,6.75,7.75,9.25,10.25,9.4,318.68
2019-03-11,17.4035,721.12885,5.5,6.75,7.75,9.25,10.25,9.4,318.68
2019-03-10,17.3875,725.04987,5.5,6.75,7.75,9.25,10.25,9.4,318.68
2019-03-09,17.3875,725.04987,5.5,6.75,7.75,9.25,10.25,9.4,318.68
2019-03-08,17.3875,725.04987,5.5,6.75,7.75,9.25,10.25,9.4,318.68
2019-03-07,17.437,719.71392,5.5,6.75,7.75,9.25,10.25,9.4,318.68
2019-03-06,17.43,720.0414,5.5,6.75,7.75,9.25,10.25,9.4,318.68
2019-03-05,17.49,720.88928,5.5,6.75,7.75,9.25,10.25,9.4,318.68
2019-03-04,17.482,722.13336,5.5,6.75,7.75,9.25,10.25,9.4,318.68
2019-03-03,17.477,728.44478,5.5,6.75,7.75,9.25,10.25,9.4,318.68
2019-03-02,17.477,728.44478,5.5,6.75,7.75,9.25,10.25,9.4,318.68
2019-03-01,17.477,728.44478,5.5,6.75,7.75,9.25,10.25,9.4,318.68
2019-02-28,17.508,738.96836,5.5,6.75,7.75,9.25,10.25,9.4,318.68
2019-02-27,17.488,740.87925,5.5,6.75,7.75,9.25,10.25,9.4,318.68
2019-02-26,17.515,746.19015,5.5,6.75,7.75,9.25,10.25,9.4,318.68
2019-02-25,17.514,746.59807,5.5,6.75,7.75,9.25,10.25,9.4,318.68
2019-02-24,17.5065,748.13572,5.5,6.75,7.75,9.25,10.25,9.4,318.68
2019-02-23,17.5065,748.13572,5.5,6.75,7.75,9.25,10.25,9.4,318.68
2019-02-22,17.5065,748.13572,5.5,6.75,7.75,9.25,10.25,9.4,318.68
2019-02-21,17.529,745.88489,5.5,6.75,7.75,9.25,10.25,9.4,318.68
2019-02-20,17.505,756.00708,5.5,6.75,7.75,9.25,10.25,9.4,318.68
2019-02-19,17.508,754.33535,5.5,6.75,7.75,9.25,10.25,9.4,318.68
2019-02-18,17.5065,741.88813,5.5,6.75,7.75,9.25,10.25,9.4,318.68
2019-02-17,17.509,741.9941,5.5,6.75,7.75,9.25,10.25,9.4,318.68
2019-02-16,17.509,741.9941,5.5,6.75,7.75,9.25,10.25,9.4,318.68
2019-02-15,17.509,741.9941,5.5,6.75,7.75,9.25,10.25,9.4,318.68
2019-02-14,17.55,739.04833,5.5,6.75,7.75,9.25,10.25,9.4,318.68
2019-02-13,17.581,740.91902,5.5,6.75,7.75,9.25,10.25,9.4,318.68
2019-02-12,17.568,739.46745,5.5,6.75,7.75,9.25,10.25,9.4,318.68
2019-02-11,17.587,739.02322,5.5,6.75,7.75,9.25,10.25,9.4,318.68
2019-02-10,17.5725,742.1992,5.5,6.75,7.75,9.25,10.25,9.4,318.68
2019-02-09,17.5725,742.1992,5.5,6.75,7.75,9.25,10.25,9.4,318.68
2019-02-08,17.5725,742.1992,5.5,6.75,7.75,9.25,10.25,9.4,318.68
2019-02-07,17.58,740.0856,5.5,6.75,7.75,9.25,10.25,9.4,318.68
2019-02-06,17.575,739.93163,5.5,6.75,7.75,9.25,10.25,9.4,318.68
2019-02-05,17.658,746.0943,5.5,6.75,7.75,9.25,10.25,9.4,318.68
2019-02-04,17.617,744.41863,5.5,6.75,7.75,9.25,10.25,9.4,318.68
2019-02-03,17.652,747.37312,5.5,6.75,7.75,9.25,10.25,9.4,318.68
2019-02-02,17.652,747.37312,5.5,6.75,7.75,9.25,10.25,9.4,318.68
2019-02-01,17.652,747.37312,5.5,6.75,7.75,9.25,10.25,9.4,318.68
2019-01-31,17.6365,748.30445,5.5,6.75,7.75,9.25,10.25,9.4,318.68
2019-01-30,17.5893,740.75987,5.5,6.75,7.75,9.25,10.25,9.4,318.68
2019-01-29,17.627,741.38414,5.5,6.75,7.75,9.25,10.25,9.4,318.68
2019-01-28,17.863,747.97926,5.5,6.75,7.75,9.25,10.25,9.4,318.68
2019-01-27,17.857,744.85742,5.5,6.75,7.75,9.25,10.25,9.4,318.68
2019-01-26,17.857,744.85742,5.5,6.75,7.75,9.25,10.25,9.4,318.68
2019-01-25,17.857,744.85742,5.5,6.75,7.75,9.25,10.25,9.4,318.68
2019-01-24,17.859,734.43328,5.5,6.75,7.75,9.25,10.25,9.4,318.68
2019-01-23,17.881,737.63761,5.5,6.75,7.75,9.25,10.25,9.4,318.68
2019-01-22,17.893,737.78745,5.5,6.75,7.75,9.25,10.25,9.4,318.68
2019-01-21,17.869,736.10847,5.5,6.75,7.75,9.25,10.25,9.4,318.68
2019-01-20,17.859,735.69652,5.5,6.75,7.75,9.25,10.25,9.4,318.68
2019-01-19,17.859,735.69652,5.5,6.75,7.75,9.25,10.25,9.4,318.68
2019-01-18,17.859,735.69652,5.5,6.75,7.75,9.25,10.25,9.4,318.68
2019-01-17,17.898,742.88485,5.5,6.75,7.75,9.25,10.25,9.4,318.68
2019-01-16,17.8765,742.33723,5.5,6.75,7.75,9.25,10.25,9.4,318.68
2019-01-15,17.886,739.62647,5.5,6.75,7.75,9.25,10.25,9.4,318.68
2019-01-14,17.914,742.45459,5.5,6.75,7.75,9.25,10.25,9.4,318.68
2019-01-13,17.897,740.59921,5.5,6.75,7.75,9.25,10.25,9.4,318.68
2019-01-12,17.897,740.59921,5.5,6.75,7.75,9.25,10.25,9.4,318.68
2019-01-11,17.897,740.59921,5.5,6.75,7.75,9.25,10.25,9.4,318.68
2019-01-10,17.8825,738.61933,5.5,6.75,7.75,9.25,10.25,9.4,318.68
2019-01-09,17.903,742.11387,5.5,6.75,7.75,9.25,10.25,9.4,318.68
2019-01-08,17.896,738.31389,5.5,6.75,7.75,9.25,10.25,9.4,318.68
2019-01-07,17.864,739.06141,5.5,6.75,7.75,9.25,10.25,9.4,318.68
2019-01-06,17.878,737.28391,5.5,6.75,7.75,9.25,10.25,9.4,318.68
2019-01-05,17.878,737.28391,5.5,6.75,7.75,9.25,10.25,9.4,318.68
2019-01-04,17.878,737.28391,5.5,6.75,7.75,9.25,10.25,9.4,318.68
2019-01-03,17.888,742.92989,5.5,6.75,7.75,9.25,10.25,9.4,318.68
2019-01-02,17.888,736.71865,5.5,6.75,7.75,9.25,10.25,9.4,318.68
2019-01-01,17.85,733.60414,5.5,6.75,7.75,9.25,10.25,9.4,318.68
2018-12-31,17.863,734.13844,5.5,6.75,7.75,9.25,10.25,14.4,262.59
2018-12-30,17.8605,734.95442,5.5,6.75,7.75,9.25,10.25,14.4,262.59
2018-12-29,17.8605,734.95442,5.5,6.75,7.75,9.25,10.25,14.4,262.59
2018-12-28,17.8605,734.95442,5.5,6.75,7.75,9.25,10.25,14.4,262.59
2018-12-27,17.945,736.9315,5.5,6.75,7.75,9.25,10.25,14.4,262.59
2018-12-26,17.861,728.83053,5.5,6.75,7.75,9.25,10.25,14.4,262.59
2018-12-25,17.872,728.30259,5.5,6.75,7.75,9.25,10.25,14.4,262.59
2018-12-24,17.881,728.66938,5.5,6.75,7.75,9.25,10.25,14.4,262.59
2018-12-23,17.8785,720.69266,5.5,6.75,7.75,9.25,10.25,14.4,262.59
2018-12-22,17.8785,720.69266,5.5,6.75,7.75,9.25,10.25,14.4,262.59
2018-12-21,17.8785,720.69266,5.5,6.75,7.75,9.25,10.25,14.4,262.59
2018-12-20,17.883,726.50852,5.5,6.75,7.75,9.25,10.25,14.4,262.59
2018-12-19,17.887,720.05759,5.5,6.75,7.75,9.25,10.25,14.4,262.59
2018-12-18,17.885,718.30956,5.5,6.75,7.75,9.25,10.25,14.4,262.59
2018-12-17,17.9345,719.25974,5.5,6.75,7.75,9.25,10.25,14.4,262.59
2018-12-16,17.889,711.45347,5.5,6.75,7.75,9.25,10.25,14.4,262.59
2018-12-15,17.889,711.45347,5.5,6.75,7.75,9.25,10.25,14.4,262.59
2018-12-14,17.889,711.45347,5.5,6.75,7.75,9.25,10.25,14.4,262.59
2018-12-13,17.881,714.41216,5.5,6.75,7.75,9.25,10.25,14.4,262.59
2018-12-12,17.88,715.34944,5.5,6.75,7.75,9.25,10.25,14.4,262.59
2018-12-11,17.888,714.23178,5.5,6.75,7.75,9.25,10.25,14.4,262.59
2018-12-10,17.8555,713.96735,5.5,6.75,7.75,9.25,10.25,14.4,262.59
2018-12-09,17.89,717.12997,5.5,6.75,7.75,9.25,10.25,14.4,262.59
2018-12-08,17.89,717.12997,5.5,6.75,7.75,9.25,10.25,14.4,262.59
2018-12-07,17.89,717.12997,5.5,6.75,7.75,9.25,10.25,14.4,262.59
2018-12-06,17.903,712.64339,5.5,6.75,7.75,9.25,10.25,14.4,262.59
2018-12-05,17.881,713.49235,5.5,6.75,7.75,9.25,10.25,14.4,262.59
2018-12-04,17.889,713.81154,5.5,6.75,7.75,9.25,10.25,14.4,262.59
2018-12-03,17.852,708.20269,5.5,6.75,7.75,9.25,10.25,14.4,262.59
2018-12-02,17.877,701.32029,5.5,6.75,7.75,9.25,10.25,14.4,262.59
2018-12-01,17.877,701.32029,5.5,6.75,7.75,9.25,10.25,14.4,262.59
2018-11-30,17.877,701.32029,5.5,6.75,7.75,9.25,10.25,14.4,262.59
2018-11-29,17.889,704.03409,5.5,6.75,7.75,9.25,10.25,14.4,262.59
2018-11-28,17.9067,703.1763,5.5,6.75,7.75,9.25,10.25,14.4,262.59
2018-11-27,17.926,698.05556,5.5,6.75,7.75,9.25,10.25,14.4,262.59
2018-11-26,17.878,701.35949,5.5,6.75,7.75,9.25,10.25,14.4,262.59
2018-11-25,17.872,701.5838,5.5,6.75,7.75,9.25,10.25,14.4,262.59
2018-11-24,17.872,701.5838,5.5,6.75,7.75,9.25,10.25,14.4,262.59
2018-11-23,17.872,701.5838,5.5,6.75,7.75,9.25,10.25,14.4,262.59
2018-11-22,17.9295,706.60802,5.5,6.75,7.75,9.25,10.25,14.4,262.59
2018-11-21,17.879,704.61777,5.5,6.75,7.75,9.25,10.25,14.4,262.59
2018-11-20,17.874,700.51302,5.5,6.75,7.75,9.25,10.25,14.4,262.59
2018-11-19,17.649,694.02131,5.5,6.75,7.75,9.25,10.25,14.4,262.59
2018-11-18,17.882,701.86141,5.5,6.75,7.75,9.25,10.25,14.4,262.59
2018-11-17,17.882,701.86141,5.5,6.75,7.75,9.25,10.25,14.4,262.59
2018-11-16,17.882,701.86141,5.5,6.75,7.75,9.25,10.25,14.4,262.59
2018-11-15,17.882,697.26206,5.5,6.75,7.75,9.25,10.25,14.4,262.59
2018-11-14,17.888,694.67797,5.5,6.75,7.75,9.25,10.25,14.4,262.59
2018-11-13,17.883,689.48163,5.5,6.75,7.75,9.25,10.25,14.4,262.59
2018-11-12,17.828,688.56483,5.5,6.75,7.75,9.25,10.25,14.4,262.59
2018-11-11,17.873,693.23345,5.5,6.75,7.75,9.25,10.25,14.4,262.59
2018-11-10,17.873,693.23345,5.5,6.75,7.75,9.25,10.25,14.4,262.59
2018-11-09,17.873,693.23345,5.5,6.75,7.75,9.25,10.25,14.4,262.59
2018-11-08,17.879,702.95077,5.5,6.75,7.75,9.25,10.25,14.4,262.59
2018-11-07,17.907,705.95149,5.5,6.75,7.75,9.25,10.25,14.4,262.59
2018-11-06,17.881,703.54685,5.5,6.75,7.75,9.25,10.25,14.4,262.59
2018-11-05,17.864,706.324,5.5,6.75,7.75,9.25,10.25,14.4,262.59
2018-11-04,17.879,707.54935,5.5,6.75,7.75,9.25,10.25,14.4,262.59
2018-11-03,17.879,707.54935,5.5,6.75,7.75,9.25,10.25,14.4,262.59
2018-11-02,17.879,707.54935,5.5,6.75,7.75,9.25,10.25,14.4,262.59
2018-11-01,17.882,710.60016,5.5,6.75,7.75,9.25,10.25,14.4,262.59
2018-10-31,17.887,697.16945,5.5,6.75,7.75,9.25,10.25,14.4,262.59
2018-10-30,17.889,703.17138,5.5,6.75,7.75,9.25,10.25,14.4,262.59
2018-10-29,17.8855,704.12637,5.5,6.75,7.75,9.25,10.25,14.4,262.59
2018-10-28,17.885,708.70683,5.5,6.75,7.75,9.25,10.25,14.4,262.59
2018-10-27,17.885,708.70683,5.5,6.75,7.75,9.25,10.25,14.4,262.59
2018-10-26,17.885,708.70683,5.5,6.75,7.75,9.25,10.25,14.4,262.59
2018-10-25,17.876,706.39608,5.5,6.75,7.75,9.25,10.25,14.4,262.59
2018-10-24,17.8915,706.26088,5.5,6.75,7.75,9.25,10.25,14.4,262.59
2018-10-23,17.8795,709.00622,5.5,6.75,7.75,9.25,10.25,14.4,262.59
2018-10-22,17.8945,702.58213,5.5,6.75,7.75,9.25,10.25,14.4,262.59
2018-10-21,17.8865,704.6258,5.5,6.75,7.75,9.25,10.25,14.4,262.59
2018-10-20,17.8865,704.6258,5.5,6.75,7.75,9.25,10.25,14.4,262.59
2018-10-19,17.8865,704.6258,5.5,6.75,7.75,9.25,10.25,14.4,262.59
2018-10-18,17.8805,705.07931,5.5,6.75,7.75,9.25,10.25,14.4,262.59
2018-10-17,17.8805,703.46964,5.5,6.75,7.75,9.25,10.25,14.4,262.59
2018-10-16,17.902,706.38758,5.5,6.75,7.75,9.25,10.25,14.4,262.59
2018-10-15,17.9125,706.28357,5.5,6.75,7.75,9.25,10.25,14.4,262.59
2018-10-14,17.8815,700.28952,5.5,6.75,7.75,9.25,10.25,14.4,262.59
2018-10-13,17.8815,700.28952,5.5,6.75,7.75,9.25,10.25,14.4,262.59
2018-10-12,17.8815,700.28952,5.5,6.75,7.75,9.25,10.25,14.4,262.59
2018-10-11,17.8755,703.15797,5.5,6.75,7.75,9.25,10.25,14.4,262.59
2018-10-10,17.8815,683.73235,5.5,6.75,7.75,9.25,10.25,14.4,262.59
2018-10-09,17.885,682.65859,5.5,6.75,7.75,9.25,10.25,14.4,262.59
2018-10-08,17.8575,680.0014,5.5,6.75,7.75,9.25,10.25,14.4,262.59
2018-10-07,17.866,689.975,5.5,6.75,7.75,9.25,10.25,14.4,262.59
2018-10-06,17.866,689.975,5.5,6.75,7.75,9.25,10.25,14.4,262.59
2018-10-05,17.866,689.975,5.5,6.75,7.75,9.25,10.25,14.4,262.59
2018-10-04,17.8835,688.35097,5.5,6.75,7.75,9.25,10.25,14.4,262.59
2018-10-03,17.882,688.92573,5.5,6.75,7.75,9.25,10.25,14.4,262.59
2018-10-02,17.879,691.1669,5.5,6.75,7.75,9.25,10.25,14.4,262.59
2018-10-01,17.8075,679.64325,5.5,6.75,7.75,9.25,10.25,14.4,262.59
2018-09-30,17.8885,685.26526,5.5,6.75,7.75,9.25,10.25,14.4,262.59
2018-09-29,17.8885,685.26526,5.5,6.75,7.75,9.25,10.25,14.4,262.59
2018-09-28,17.8885,685.26526,5.5,6.75,7.75,9.25,10.25,14.4,262.59
2018-09-27,17.8775,679.55599,5.5,6.75,7.75,9.25,10.25,14.4,262.59
2018-09-26,17.884,686.53036,5.5,6.75,7.75,9.25,10.25,14.4,262.59
2018-09-25,17.8833,689.95325,5.5,6.75,7.75,9.25,10.25,14.4,262.59
2018-09-24,17.8865,689.67414,5.5,6.75,7.75,9.25,10.25,14.4,262.59
2018-09-23,17.8805,687.66069,5.5,6.75,7.75,9.25,10.25,14.4,262.59
2018-09-22,17.8805,687.66069,5.5,6.75,7.75,9.25,10.25,14.4,262.59
2018-09-21,17.8805,687.66069,5.5,6.75,7.75,9.25,10.25,14.4,262.59
2018-09-20,17.8675,692.90524,5.5,6.75,7.75,9.25,10.25,14.4,262.59
2018-09-19,17.8775,690.99395,5.5,6.75,7.75,9.25,10.25,14.4,262.59
2018-09-18,17.89,688.37115,5.5,6.75,7.75,9.25,10.25,14.4,262.59
2018-09-17,17.893,690.15483,5.5,6.75,7.75,9.25,10.25,14.4,262.59
2018-09-16,17.886,687.18214,5.5,6.75,7.75,9.25,10.25,14.4,262.59
2018-09-15,17.886,687.18214,5.5,6.75,7.75,9.25,10.25,14.4,262.59
2018-09-14,17.886,687.18214,5.5,6.75,7.75,9.25,10.25,14.4,262.59
2018-09-13,17.89,691.36204,5.5,6.75,7.75,9.25,10.25,14.4,262.59
2018-09-12,17.8075,689.71966,5.5,6.75,7.75,9.25,10.25,14.4,262.59
2018-09-11,17.8125,684.58736,5.5,6.75,7.75,9.25,10.25,14.4,262.59
2018-09-10,17.8475,684.55535,5.5,6.75,7.75,9.25,10.25,14.4,262.59
2018-09-09,17.8545,685.16825,5.5,6.75,7.75,9.25,10.25,14.4,262.59
2018-09-08,17.8545,685.16825,5.5,6.75,7.75,9.25,10.25,14.4,262.59
2018-09-07,17.8545,685.16825,5.5,6.75,7.75,9.25,10.25,14.4,262.59
2018-09-06,17.8815,688.6765,5.5,6.75,7.75,9.25,10.25,14.4,262.59
2018-09-05,17.886,687.12465,5.5,6.75,7.75,9.25,10.25,14.4,262.59
2018-09-04,17.9155,686.99075,5.5,6.75,7.75,9.25,10.25,14.4,262.59
2018-09-03,17.81,687.29703,5.5,6.75,7.75,9.25,10.25,14.4,262.59
2018-09-02,17.7985,686.85326,5.5,6.75,7.75,9.25,10.25,14.4,262.59
2018-09-01,17.7985,686.85326,5.5,6.75,7.75,9.25,10.25,14.4,262.59
2018-08-31,17.7985,686.85326,5.5,6.75,7.75,9.25,10.25,14.4,262.59
2018-08-30,17.8555,687.56026,5.5,6.75,7.75,9.25,10.25,14.4,262.59
2018-08-29,17.8723,692.11453,5.5,6.75,7.75,9.25,10.25,14.4,262.59
2018-08-28,17.8695,693.67222,5.5,6.75,7.75,9.25,10.25,14.4,262.59
2018-08-27,17.7995,691.87053,5.5,6.75,7.75,9.25,10.25,14.4,262.59
2018-08-26,17.8425,691.99317,5.5,6.75,7.75,9.25,10.25,14.4,262.59
2018-08-25,17.8425,691.99317,5.5,6.75,7.75,9.25,10.25,14.4,262.59
2018-08-24,17.8425,691.99317,5.5,6.75,7.75,9.25,10.25,14.4,262.59
2018-08-23,17.8415,680.88349,5.5,6.75,7.75,9.25,10.25,14.4,262.59
2018-08-22,17.848,686.46817,5.5,6.75,7.75,9.25,10.25,14.4,262.59
2018-08-21,17.8785,685.51445,5.5,6.75,7.75,9.25,10.25,14.4,262.59
2018-08-20,17.8665,681.72277,5.5,6.75,7.75,9.25,10.25,14.4,262.59
2018-08-19,17.872,676.0142,5.5,6.75,7.75,9.25,10.25,14.4,262.59
2018-08-18,17.872,676.0142,5.5,6.75,7.75,9.25,10.25,14.4,262.59
2018-08-17,17.872,676.0142,5.5,6.75,7.75,9.25,10.25,14.4,262.59
2018-08-16,17.867,675.65275,5.5,6.75,7.75,9.25,10.25,14.4,262.59
2018-08-15,17.878,676.81596,5.5,6.75,7.75,9.25,10.25,14.4,262.59
2018-08-14,17.883,685.91696,5.5,6.75,7.75,9.25,10.25,14.4,262.59
2018-08-13,17.858,683.98206,5.5,6.75,7.75,9.25,10.25,14.4,262.59
2018-08-12,17.8268,694.13527,5.5,6.75,7.75,9.25,10.25,14.4,262.59
2018-08-11,17.8268,694.13527,5.5,6.75,7.75,9.25,10.25,14.4,262.59
2018-08-10,17.8268,694.13527,5.5,6.75,7.75,9.25,10.25,14.4,262.59
2018-08-09,17.8405,695.12763,5.5,6.75,7.75,9.25,10.25,14.4,262.59
2018-08-08,17.861,696.32833,5.5,6.75,7.75,9.25,10.25,14.4,262.59
2018-08-07,17.8515,694.23613,5.5,6.75,7.75,9.25,10.25,14.4,262.59
2018-08-06,17.8535,693.73994,5.5,6.75,7.75,9.25,10.25,14.4,262.59
2018-08-05,17.855,697.01286,5.5,6.75,7.75,9.25,10.25,14.4,262.59
2018-08-04,17.855,697.01286,5.5,6.75,7.75,9.25,10.25,14.4,262.59
2018-08-03,17.855,697.01286,5.5,6.75,7.75,9.25,10.25,14.4,262.59
2018-08-02,17.861,695.17984,5.5,6.75,7.75,9.25,10.25,14.4,262.59
2018-08-01,17.847,698.82367,5.5,6.75,7.75,9.25,10.25,14.4,262.59
2018-07-31,17.881,703.4893,5.5,6.75,7.75,9.25,10.25,14.4,262.59
2018-07-30,17.804,699.08618,5.5,6.75,7.75,9.25,10.25,14.4,262.59
2018-07-29,17.8725,702.52278,5.5,6.75,7.75,9.25,10.25,14.4,262.59
2018-07-28,17.8725,702.52278,5.5,6.75,7.75,9.25,10.25,14.4,262.59
2018-07-27,17.8725,702.52278,5.5,6.75,7.75,9.25,10.25,14.4,262.59
2018-07-26,17.878,704.29098,5.5,6.75,7.75,9.25,10.25,14.4,262.59
2018-07-25,17.869,707.44085,5.5,6.75,7.75,9.25,10.25,14.4,262.59
2018-07-24,17.886,703.80103,5.5,6.75,7.75,9.25,10.25,14.4,262.59
2018-07-23,17.839,702.009,5.5,6.75,7.75,9.25,10.25,14.4,262.59
2018-07-22,17.8635,706.13191,5.5,6.75,7.75,9.25,10.25,14.4,262.59
2018-07-21,17.8635,706.13191,5.5,6.75,7.75,9.25,10.25,14.4,262.59
2018-07-20,17.8635,706.13191,5.5,6.75,7.75,9.25,10.25,14.4,262.59
2018-07-19,17.8675,702.21142,5.5,6.75,7.75,9.25,10.25,14.4,262.59
2018-07-18,17.8695,704.53061,5.5,6.75,7.75,9.25,10.25,14.4,262.59
2018-07-17,17.877,704.48146,5.5,6.75,7.75,9.25,10.25,14.4,262.59
2018-07-16,17.878,711.64826,5.5,6.75,7.75,9.25,10.25,14.4,262.59
2018-07-15,17.8675,712.09198,5.5,6.75,7.75,9.25,10.25,14.4,262.59
2018-07-14,17.8675,712.09198,5.5,6.75,7.75,9.25,10.25,14.4,262.59
2018-07-13,17.8675,712.09198,5.5,6.75,7.75,9.25,10.25,14.4,262.59
2018-07-12,17.876,715.53424,5.5,6.75,7.75,9.25,10.25,14.4,262.59
2018-07-11,17.8795,714.40972,5.5,6.75,7.75,9.25,10.25,14.4,262.59
2018-07-10,17.888,721.07563,5.5,6.75,7.75,9.25,10.25,14.4,262.59
2018-07-09,17.8435,721.74858,5.5,6.75,7.75,9.25,10.25,14.4,262.59
2018-07-08,17.8625,720.33481,5.5,6.75,7.75,9.25,10.25,14.4,262.59
2018-07-07,17.8625,720.33481,5.5,6.75,7.75,9.25,10.25,14.4,262.59
2018-07-06,17.8625,720.33481,5.5,6.75,7.75,9.25,10.25,14.4,262.59
2018-07-05,17.8595,721.93648,5.5,6.75,7.75,9.25,10.25,14.4,262.59
2018-07-04,17.878,719.40793,5.5,6.75,7.75,9.25,10.25,14.4,262.59
2018-07-03,17.8835,719.62921,5.5,6.75,7.75,9.25,10.25,14.4,262.59
2018-07-02,17.8705,712.32651,5.5,6.75,7.75,9.25,10.25,14.4,262.59
2018-07-01,17.8625,718.61193,5.5,6.75,7.75,9.25,10.25,14.4,262.59
2018-06-30,17.8625,718.61193,5.5,6.75,7.75,9.25,10.25,14.4,262.59
2018-06-29,17.8625,718.61193,5.5,6.75,7.75,9.25,10.25,14.4,262.59
2018-06-28,17.856,716.34121,5.5,6.75,7.75,9.25,10.25,14.4,262.59
2018-06-27,17.86,719.37273,5.5,6.75,7.75,9.25,10.25,14.4,262.59
2018-06-26,17.872,722.03946,5.5,6.75,7.75,9.25,10.25,14.4,262.59
2018-06-25,17.838,725.82737,5.5,6.75,7.75,9.25,10.25,14.4,262.59
2018-06-24,17.848,727.26719,5.5,6.75,7.75,9.25,10.25,14.4,262.59
2018-06-23,17.848,727.26719,5.5,6.75,7.75,9.25,10.25,14.4,262.59
2018-06-22,17.848,727.26719,5.5,6.75,7.75,9.25,10.25,14.4,262.59
2018-06-21,17.8505,727.25426,5.5,6.75,7.75,9.25,10.25,14.4,262.59
2018-06-20,17.8555,729.7542,5.5,6.75,7.75,9.25,10.25,14.4,262.59
2018-06-19,17.8205,730.84472,5.5,6.75,7.75,9.25,10.25,14.4,262.59
2018-06-18,17.8425,732.0912,5.5,6.75,7.75,9.25,10.25,14.4,262.59
2018-06-17,17.816,730.08739,5.5,6.75,7.75,9.25,10.25,14.4,262.59
2018-06-16,17.816,730.08739,5.5,6.75,7.75,9.25,10.25,14.4,262.59
2018-06-15,17.816,730.08739,3.65,5.0,6.6,9.25,10.25,14.4,262.59
2018-06-14,17.8465,748.20636,3.65,5.0,6.6,9.25,10.25,14.4,262.59
2018-06-13,17.8275,743.34028,3.65,5.0,6.6,9.25,10.25,14.4,262.59
2018-06-12,17.8005,741.18438,3.65,5.0,6.6,9.25,10.25,14.4,262.59
2018-06-11,17.7485,741.18759,3.65,5.0,6.6,9.25,10.25,14.4,262.59
2018-06-10,17.822,743.79856,3.65,5.0,6.6,9.25,10.25,14.4,262.59
2018-06-09,17.822,743.79856,3.65,5.0,6.6,9.25,10.25,14.4,262.59
2018-06-08,17.822,743.79856,3.65,5.0,6.6,9.25,10.25,14.4,262.59
2018-06-07,17.8335,744.62248,3.65,5.0,6.6,9.25,10.25,14.4,262.59
2018-06-06,17.871,745.26899,3.65,5.0,6.6,9.25,10.25,14.4,262.59
2018-06-05,17.8645,745.22767,3.65,5.0,6.6,9.25,10.25,14.4,262.59
2018-06-04,17.86,742.51343,3.65,5.0,6.6,9.25,10.25,14.4,262.59
2018-06-03,17.868,743.82263,3.65,5.0,6.6,9.25,10.25,14.4,262.59
2018-06-02,17.868,743.82263,3.65,5.0,6.6,9.25,10.25,14.4,262.59
2018-06-01,17.868,743.82263,3.65,5.0,6.6,9.25,10.25,14.4,262.59
2018-05-31,17.8915,747.84958,3.65,5.0,6.6,9.25,10.25,14.4,262.59
2018-05-30,17.8845,748.362,3.65,5.0,6.6,9.25,10.25,14.4,262.59
2018-05-29,17.8795,746.54316,3.65,5.0,6.6,9.25,10.25,14.4,262.59
2018-05-28,17.836,747.36477,3.65,5.0,6.6,9.25,10.25,14.4,262.59
2018-05-27,17.8875,749.52274,3.65,5.0,6.6,9.25,10.25,14.4,262.59
2018-05-26,17.8875,749.52274,3.65,5.0,6.6,9.25,10.25,14.4,262.59
2018-05-25,17.8875,749.52274,3.65,5.0,6.6,9.25,10.25,14.4,262.59
2018-05-24,17.8805,749.45932,3.65,5.0,6.6,9.25,10.25,14.4,262.59
2018-05-23,17.891,741.61648,3.65,5.0,6.6,9.25,10.25,14.4,262.59
2018-05-22,17.875,742.33243,3.65,5.0,6.6,9.25,10.25,14.4,262.59
2018-05-21,17.7995,738.33856,3.65,5.0,6.6,9.25,10.25,14.4,262.59
2018-05-20,17.779,737.48819,3.65,5.0,6.6,9.25,10.25,14.4,262.59
2018-05-19,17.779,737.48819,3.65,5.0,6.6,9.25,10.25,14.4,262.59
2018-05-18,17.779,737.48819,3.65,5.0,6.6,9.25,10.25,14.4,262.59
2018-05-17,17.849,739.2442,3.65,5.0,6.6,9.25,10.25,14.4,262.59
2018-05-16,17.8005,738.3801,3.65,5.0,6.6,9.25,10.25,14.4,262.59
2018-05-15,17.81,738.02976,3.65,5.0,6.6,9.25,10.25,14.4,262.59
2018-05-14,17.6545,747.25185,3.65,5.0,6.6,9.25,10.25,14.4,262.59
2018-05-13,17.671,749.3706,3.65,5.0,6.6,9.25,10.25,14.4,262.59
2018-05-12,17.671,749.3706,3.65,5.0,6.6,9.25,10.25,14.4,262.59
2018-05-11,17.671,749.3706,3.65,5.0,6.6,9.25,10.25,14.4,262.59
2018-05-10,17.745,753.53571,3.65,5.0,6.6,9.25,10.25,14.4,262.59
2018-05-09,17.68,745.37545,3.65,5.0,6.6,9.25,10.25,14.4,262.59
2018-05-08,17.68,745.77332,3.65,5.0,6.6,9.25,10.25,14.4,262.59
2018-05-07,17.611,742.97598,3.65,5.0,6.6,9.25,10.25,14.4,262.59
2018-05-06,17.601,742.83703,3.65,5.0,6.6,9.25,10.25,14.4,262.59
2018-05-05,17.601,742.83703,3.65,5.0,6.6,9.25,10.25,14.4,262.59
2018-05-04,17.601,742.83703,3.65,5.0,6.6,9.25,10.25,14.4,262.59
2018-05-03,17.619,742.46377,3.65,5.0,6.6,9.25,10.25,14.4,262.59
2018-05-02,17.756,743.61296,3.65,5.0,6.6,9.25,10.25,14.4,262.59
2018-05-01,17.6245,738.78581,3.65,5.0,6.6,9.25,10.25,14.4,262.59
2018-04-30,17.689,748.54148,3.65,5.0,6.6,9.25,10.25,14.4,262.59
2018-04-29,17.6645,749.83327,3.65,5.0,6.6,9.25,10.25,14.4,262.59
2018-04-28,17.6645,749.83327,3.65,5.0,6.6,9.25,10.25,14.4,262.59
2018-04-27,17.6645,749.83327,3.65,5.0,6.6,9.25,10.25,14.4,262.59
2018-04-26,17.684,748.38684,3.65,5.0,6.6,9.25,10.25,14.4,262.59
2018-04-25,17.6715,750.64169,3.65,5.0,6.6,9.25,10.25,14.4,262.59
2018-04-24,17.6585,755.88047,3.65,5.0,6.6,9.25,10.25,14.4,262.59
2018-04-23,17.7045,752.7835,3.65,5.0,6.6,9.25,10.25,14.4,262.59
2018-04-22,17.648,758.43817,3.65,5.0,6.6,9.25,10.25,14.4,262.59
2018-04-21,17.648,758.43817,3.65,5.0,6.6,9.25,10.25,14.4,262.59
2018-04-20,17.648,758.43817,3.65,5.0,6.6,9.25,10.25,14.4,262.59
2018-04-19,17.672,765.20815,3.65,5.0,6.6,9.25,10.25,14.4,262.59
2018-04-18,17.688,768.40305,3.65,5.0,6.6,9.25,10.25,14.4,262.59
2018-04-17,17.67,765.3487,3.65,5.0,6.6,9.25,10.25,14.4,262.59
2018-04-16,17.588,761.96663,3.65,5.0,6.6,9.25,10.25,14.4,262.59
2018-04-15,17.58,760.09403,3.65,5.0,6.6,9.25,10.25,14.4,262.59
2018-04-14,17.58,760.09403,3.65,5.0,6.6,9.25,10.25,14.4,262.59
2018-04-13,17.58,760.09403,3.65,5.0,6.6,9.25,10.25,14.4,262.59
2018-04-12,17.621,758.24094,3.65,5.0,6.6,9.25,10.25,14.4,262.59
2018-04-11,17.651,769.80341,3.65,5.0,6.6,9.25,10.25,14.4,262.59
2018-04-10,17.653,761.66109,3.65,5.0,6.6,9.25,10.25,14.4,262.59
2018-04-09,17.668,759.07047,3.65,5.0,6.6,9.25,10.25,14.4,262.59
2018-04-08,17.6595,756.20714,3.65,5.0,6.6,9.25,10.25,14.4,262.59
2018-04-07,17.6595,756.20714,3.65,5.0,6.6,9.25,10.25,14.4,262.59
2018-04-06,17.6595,756.20714,3.65,5.0,6.6,9.25,10.25,14.4,262.59
2018-04-05,17.6595,751.89213,3.65,5.0,6.6,9.25,10.25,14.4,262.59
2018-04-04,17.5695,754.5562,3.65,5.0,6.6,9.25,10.25,14.4,262.59
2018-04-03,17.58,753.31152,3.65,5.0,6.6,9.25,10.25,14.4,262.59
2018-04-02,17.582,758.65426,3.65,5.0,6.6,9.25,10.25,14.4,262.59
2018-04-01,17.6005,748.53127,3.65,5.0,6.6,9.25,10.25,14.4,262.59
2018-03-31,17.6005,748.53127,3.65,5.0,6.6,9.25,10.25,14.4,262.59
2018-03-30,17.6005,748.53127,3.65,5.0,6.6,9.25,10.25,14.4,262.59
2018-03-29,17.6155,749.16918,3.65,5.0,6.6,9.25,10.25,14.4,262.59
2018-03-28,17.61,749.72791,3.65,5.0,6.6,9.25,10.25,14.4,262.59
2018-03-27,17.623,759.97009,3.65,5.0,6.6,9.25,10.25,14.4,262.59
2018-03-26,17.604,766.56512,3.65,5.0,6.6,9.25,10.25,14.4,262.59
2018-03-25,17.6005,763.52679,3.65,5.0,6.6,9.25,10.25,14.4,262.59
2018-03-24,17.6005,763.52679,3.65,5.0,6.6,9.25,10.25,14.4,262.59
2018-03-23,17.6005,763.52679,3.65,5.0,6.6,9.25,10.25,14.4,262.59
2018-03-22,17.5985,750.59619,3.65,5.0,6.6,9.25,10.25,14.4,262.59
2018-03-21,17.5975,747.2155,3.65,5.0,6.6,9.25,10.25,14.4,262.59
2018-03-20,17.603,742.01597,3.65,5.0,6.6,9.25,10.25,14.4,262.59
2018-03-19,17.566,743.67546,3.65,5.0,6.6,9.25,10.25,14.4,262.59
2018-03-18,17.583,741.286,3.65,5.0,6.6,9.25,10.25,14.4,262.59
2018-03-17,17.583,741.286,3.65,5.0,6.6,9.25,10.25,14.4,262.59
2018-03-16,17.583,741.286,3.65,5.0,6.6,9.25,10.25,14.4,262.59
2018-03-15,17.605,745.32655,3.65,5.0,6.6,9.25,10.25,14.4,262.59
2018-03-14,17.6035,749.5644,3.65,5.0,6.6,9.25,10.25,14.4,262.59
2018-03-13,17.5975,750.15755,3.65,5.0,6.6,9.25,10.25,14.4,262.59
2018-03-12,17.59,746.1619,3.65,5.0,6.6,9.25,10.25,14.4,262.59
2018-03-11,17.588,747.77343,3.65,5.0,6.6,9.25,10.25,14.4,262.59
2018-03-10,17.588,747.77343,3.65,5.0,6.6,9.25,10.25,14.4,262.59
2018-03-09,17.588,747.77343,3.65,5.0,6.6,9.25,10.25,14.4,262.59
2018-03-08,17.612,747.37822,3.65,5.0,6.6,9.25,10.25,14.4,262.59
2018-03-07,17.604,750.49123,3.65,5.0,6.6,9.25,10.25,14.4,262.59
2018-03-06,17.599,754.57833,3.65,5.0,6.6,9.25,10.25,14.4,262.59
2018-03-05,17.617,746.5709,3.65,5.0,6.6,9.25,10.25,14.4,262.59
2018-03-04,17.612,748.05768,3.65,5.0,6.6,9.25,10.25,14.4,262.59
2018-03-03,17.612,748.05768,3.65,5.0,6.6,9.25,10.25,14.4,262.59
2018-03-02,17.612,748.05768,3.65,5.0,6.6,9.25,10.25,14.4,262.59
2018-03-01,17.6315,738.56904,3.65,5.0,6.6,9.25,10.25,14.4,262.59
2018-02-28,17.6135,744.95025,3.65,5.0,6.6,9.25,10.25,14.4,262.59
2018-02-27,17.6305,745.66926,3.65,5.0,6.6,9.25,10.25,14.4,262.59
2018-02-26,17.681,756.44559,3.65,5.0,6.6,9.25,10.25,14.4,262.59
2018-02-25,17.6605,754.14904,3.65,5.0,6.6,9.25,10.25,14.4,262.59
2018-02-24,17.6605,754.14904,3.65,5.0,6.6,9.25,10.25,14.4,262.59
2018-02-23,17.6605,754.14904,3.65,5.0,6.6,9.25,10.25,14.4,262.59
2018-02-22,17.67,755.9182,3.65,5.0,6.6,9.25,10.25,14.4,262.59
2018-02-21,17.685,756.21873,3.65,5.0,6.6,9.25,10.25,14.4,262.59
2018-02-20,17.623,752.88769,3.65,5.0,6.6,9.25,10.25,14.4,262.59
2018-02-19,17.613,766.27749,3.65,5.0,6.6,9.25,10.25,14.4,262.59
2018-02-18,17.621,766.62552,3.65,5.0,6.6,9.25,10.25,14.4,262.59
2018-02-17,17.621,766.62552,3.65,5.0,6.6,9.25,10.25,14.4,262.59
2018-02-16,17.621,766.62552,3.65,5.0,6.6,9.25,10.25,14.4,262.59
2018-02-15,17.684,768.74101,3.65,5.0,6.6,9.25,10.25,14.4,262.59
2018-02-14,17.677,770.36904,3.65,5.0,6.6,9.25,10.25,14.4,262.59
2018-02-13,17.6865,755.2025,3.65,5.0,6.6,9.25,10.25,14.4,262.59
2018-02-12,17.63,750.57932,3.65,5.0,6.6,9.25,10.25,14.4,262.59
2018-02-11,17.6565,745.40645,3.65,5.0,6.6,9.25,10.25,14.4,262.59
2018-02-10,17.6565,745.40645,3.65,5.0,6.6,9.25,10.25,14.4,262.59
2018-02-09,17.6565,745.40645,3.65,5.0,6.6,9.25,10.25,14.4,262.59
2018-02-08,17.645,747.07674,3.65,5.0,6.6,9.25,10.25,14.4,262.59
2018-02-07,17.621,743.05797,3.65,5.0,6.6,9.25,10.25,14.4,262.59
2018-02-06,17.638,751.99743,3.65,5.0,6.6,9.25,10.25,14.4,262.59
2018-02-05,17.644,756.16734,3.65,5.0,6.6,9.25,10.25,14.4,262.59
2018-02-04,17.624,755.70687,3.65,5.0,6.6,9.25,10.25,14.4,262.59
2018-02-03,17.624,755.70687,3.65,5.0,6.6,9.25,10.25,14.4,262.59
2018-02-02,17.624,755.70687,3.65,5.0,6.6,9.25,10.25,14.4,262.59
2018-02-01,17.653,762.9665,3.65,5.0,6.6,9.25,10.25,14.4,262.59
2018-01-31,17.614,758.2795,3.65,5.0,6.6,9.25,10.25,14.4,262.59
2018-01-30,17.647,757.65761,3.65,5.0,6.6,9.25,10.25,14.4,262.59
2018-01-29,17.652,767.06619,3.65,5.0,6.6,9.25,10.25,14.4,262.59
2018-01-28,17.6595,767.39209,3.65,5.0,6.6,9.25,10.25,14.4,262.59
2018-01-27,17.6595,767.39209,3.65,5.0,6.6,9.25,10.25,14.4,262.59
2018-01-26,17.6595,767.39209,3.65,5.0,6.6,9.25,10.25,14.4,262.59
2018-01-25,17.6615,773.61163,3.65,5.0,6.6,9.25,10.25,14.4,262.59
2018-01-24,17.697,771.46827,3.65,5.0,6.6,9.25,10.25,14.4,262.59
2018-01-23,17.6815,759.30934,3.65,5.0,6.6,9.25,10.25,14.4,262.59
2018-01-22,17.6355,754.61242,3.65,5.0,6.6,9.25,10.25,14.4,262.59
2018-01-21,17.6955,757.74868,3.65,5.0,6.6,9.25,10.25,14.4,262.59
2018-01-20,17.6955,757.74868,3.65,5.0,6.6,9.25,10.25,14.4,262.59
2018-01-19,17.6955,757.74868,3.65,5.0,6.6,9.25,10.25,14.4,262.59
2018-01-18,17.689,754.1149,3.65,5.0,6.6,9.25,10.25,14.4,262.59
2018-01-17,17.7005,761.43423,3.65,5.0,6.6,9.25,10.25,14.4,262.59
2018-01-16,17.7005,759.95463,3.65,5.0,6.6,9.25,10.25,14.4,262.59
2018-01-15,17.6675,757.40172,3.65,5.0,6.6,9.25,10.25,14.4,262.59
2018-01-14,17.675,757.72323,3.65,5.0,6.6,9.25,10.25,14.4,262.59
2018-01-13,17.675,757.72323,3.65,5.0,6.6,9.25,10.25,14.4,262.59
2018-01-12,17.675,757.72323,3.65,5.0,6.6,9.25,10.25,14.4,262.59
2018-01-11,17.685,750.87401,3.65,5.0,6.6,9.25,10.25,14.4,262.59
2018-01-10,17.649,747.5298,3.65,5.0,6.6,9.25,10.25,14.4,262.59
2018-01-09,17.636,743.74716,3.65,5.0,6.6,9.25,10.25,14.4,262.59
2018-01-08,17.6695,749.07977,3.65,5.0,6.6,9.25,10.25,14.4,262.59
2018-01-07,17.6815,750.55491,3.65,5.0,6.6,9.25,10.25,14.4,262.59
2018-01-06,17.6815,750.55491,3.65,5.0,6.6,9.25,10.25,14.4,262.59
2018-01-05,17.6815,750.55491,3.65,5.0,6.6,9.25,10.25,14.4,262.59
2018-01-04,17.682,750.06447,3.65,5.0,6.6,9.25,10.25,14.4,262.59
2018-01-03,17.712,749.51479,3.65,5.0,6.6,9.25,10.25,14.4,262.59
2018-01-02,17.731,748.89369,3.65,5.0,6.6,9.25,10.25,14.4,262.59
2018-01-01,17.751,745.51518,3.65,5.0,6.6,9.25,10.25,14.4,262.59
2017-12-31,17.742,745.13724,3.65,5.0,6.6,9.25,10.25,23.5,248.36
2017-12-30,17.742,745.13724,3.65,5.0,6.6,9.25,10.25,23.5,248.36
2017-12-29,17.742,745.13724,3.65,5.0,6.6,9.25,10.25,23.5,248.36
2017-12-28,17.808,740.92411,3.65,5.0,6.6,9.25,10.25,23.5,248.36
2017-12-27,17.8,736.52801,3.65,5.0,6.6,9.25,10.25,23.5,248.36
2017-12-26,17.823,735.81796,3.65,5.0,6.6,9.25,10.25,23.5,248.36
2017-12-25,17.85,731.93984,3.65,5.0,6.6,9.25,10.25,23.5,248.36
2017-12-24,17.847,731.81682,3.65,5.0,6.6,9.25,10.25,23.5,248.36
2017-12-23,17.847,731.81682,3.65,5.0,6.6,9.25,10.25,23.5,248.36
2017-12-22,17.847,731.81682,3.65,5.0,6.6,9.25,10.25,23.5,248.36
2017-12-21,17.855,727.49503,3.65,5.0,6.6,9.25,10.25,23.5,248.36
2017-12-20,17.828,725.70705,3.65,5.0,6.6,9.25,10.25,23.5,248.36
2017-12-19,17.793,721.19322,3.65,5.0,6.6,9.25,10.25,23.5,248.36
2017-12-18,17.862,724.85138,3.65,5.0,6.6,9.25,10.25,23.5,248.36
2017-12-17,17.8345,719.20567,3.65,5.0,6.6,9.25,10.25,23.5,248.36
2017-12-16,17.8345,719.20567,3.65,5.0,6.6,9.25,10.25,23.5,248.36
2017-12-15,17.8345,719.20567,3.65,5.0,6.6,9.25,10.25,23.5,248.36
2017-12-14,17.851,719.58411,3.65,5.0,6.6,9.25,10.25,23.5,248.36
2017-12-13,17.8265,713.78216,3.65,5.0,6.6,9.25,10.25,23.5,248.36
2017-12-12,17.796,708.61303,3.65,5.0,6.6,9.25,10.25,23.5,248.36
2017-12-11,17.765,710.34864,3.65,5.0,6.6,9.25,10.25,23.5,248.36
2017-12-10,17.771,711.4456,3.65,5.0,6.6,9.25,10.25,23.5,248.36
2017-12-09,17.771,711.4456,3.65,5.0,6.6,9.25,10.25,23.5,248.36
2017-12-08,17.771,711.4456,3.65,5.0,6.6,9.25,10.25,23.5,248.36
2017-12-07,17.7615,713.69212,3.65,5.0,6.6,9.25,10.25,23.5,248.36
2017-12-06,17.7325,719.93833,3.65,5.0,6.6,9.25,10.25,23.5,248.36
2017-12-05,17.679,717.08416,3.65,5.0,6.6,9.25,10.25,23.5,248.36
2017-12-04,17.699,725.12212,3.65,5.0,6.6,9.25,10.25,23.5,248.36
2017-12-03,17.653,725.79154,3.65,5.0,6.6,9.25,10.25,23.5,248.36
2017-12-02,17.653,725.79154,3.65,5.0,6.6,9.25,10.25,23.5,248.36
2017-12-01,17.653,725.79154,3.65,5.0,6.6,9.25,10.25,23.5,248.36
2017-11-30,17.652,722.57225,3.65,5.0,6.6,9.25,10.25,23.5,248.36
2017-11-29,17.7213,730.4798,3.65,5.0,6.6,9.25,10.25,23.5,248.36
2017-11-28,17.703,736.89688,3.65,5.0,6.6,9.25,10.25,23.5,248.36
2017-11-27,17.667,734.88724,3.65,5.0,6.6,9.25,10.25,23.5,248.36
2017-11-26,17.662,730.64753,3.65,5.0,6.6,9.25,10.25,23.5,248.36
2017-11-25,17.662,730.64753,3.65,5.0,6.6,9.25,10.25,23.5,248.36
2017-11-24,17.662,730.64753,3.65,5.0,6.6,9.25,10.25,23.5,248.36
2017-11-23,17.67,733.76217,3.65,5.0,6.6,9.25,10.25,23.5,248.36
2017-11-22,17.631,732.14268,3.65,5.0,6.6,9.25,10.25,23.5,248.36
2017-11-21,17.6185,725.67588,3.65,5.0,6.6,9.25,10.25,23.5,248.36
2017-11-20,17.7065,725.60012,3.65,5.0,6.6,9.25,10.25,23.5,248.36
2017-11-19,17.605,733.44026,3.65,5.0,6.6,9.25,10.25,23.5,248.36
2017-11-18,17.605,733.44026,3.65,5.0,6.6,9.25,10.25,23.5,248.36
2017-11-17,17.605,733.44026,3.65,5.0,6.6,9.25,10.25,23.5,248.36
2017-11-16,17.6305,724.07292,3.65,5.0,6.6,9.25,10.25,23.5,248.36
2017-11-15,17.6305,723.56276,3.65,5.0,6.6,9.25,10.25,23.5,248.36
2017-11-14,17.5975,725.03725,3.65,5.0,6.6,9.25,10.25,23.5,248.36
2017-11-13,17.6195,723.56446,3.65,5.0,6.6,9.25,10.25,23.5,248.36
2017-11-12,17.623,720.93188,3.65,5.0,6.6,9.25,10.25,23.5,248.36
2017-11-11,17.623,720.93188,3.65,5.0,6.6,9.25,10.25,23.5,248.36
2017-11-10,17.623,720.93188,3.65,5.0,6.6,9.25,10.25,23.5,248.36
2017-11-09,17.6135,728.01826,3.65,5.0,6.6,9.25,10.25,23.5,248.36
2017-11-08,17.6175,725.91792,3.65,5.0,6.6,9.25,10.25,23.5,248.36
2017-11-07,17.6225,721.64794,3.65,5.0,6.6,9.25,10.25,23.5,248.36
2017-11-06,17.62,724.77469,3.65,5.0,6.6,9.25,10.25,23.5,248.36
2017-11-05,17.6205,717.48723,3.65,5.0,6.6,9.25,10.25,23.5,248.36
2017-11-04,17.6205,717.48723,3.65,5.0,6.6,9.25,10.25,23.5,248.36
2017-11-03,17.6205,717.48723,3.65,5.0,6.6,9.25,10.25,23.5,248.36
2017-11-02,17.621,722.26642,3.65,5.0,6.6,9.25,10.25,23.5,248.36
2017-11-01,17.6225,721.87458,3.65,5.0,6.6,9.25,10.25,23.5,248.36
2017-10-31,17.6225,717.85191,3.65,5.0,6.6,9.25,10.25,23.5,248.36
2017-10-30,17.6305,722.20234,3.65,5.0,6.6,9.25,10.25,23.5,248.36
2017-10-29,17.6235,718.74261,3.65,5.0,6.6,9.25,10.25,23.5,248.36
2017-10-28,17.6235,718.74261,3.65,5.0,6.6,9.25,10.25,23.5,248.36
2017-10-27,17.6235,718.74261,3.65,5.0,6.6,9.25,10.25,23.5,248.36
2017-10-26,17.628,717.67928,3.65,5.0,6.6,9.25,10.25,23.5,248.36
2017-10-25,17.626,722.75468,3.65,5.0,6.6,9.25,10.25,23.5,248.36
2017-10-24,17.621,722.32306,3.65,5.0,6.6,9.25,10.25,23.5,248.36
2017-10-23,17.6565,725.31095,3.65,5.0,6.6,9.25,10.25,23.5,248.36
2017-10-22,17.622,723.72379,3.65,5.0,6.6,9.25,10.25,23.5,248.36
2017-10-21,17.622,723.72379,3.65,5.0,6.6,9.25,10.25,23.5,248.36
2017-10-20,17.622,723.72379,3.65,5.0,6.6,9.25,10.25,23.5,248.36
2017-10-19,17.62,729.02341,3.65,5.0,6.6,9.25,10.25,23.5,248.36
2017-10-18,17.628,725.38711,3.65,5.0,6.6,9.25,10.25,23.5,248.36
2017-10-17,17.5985,725.92713,3.65,5.0,6.6,9.25,10.25,23.5,248.36
2017-10-16,17.607,735.84453,3.65,5.0,6.6,9.25,10.25,23.5,248.36
2017-10-15,17.606,736.70841,3.65,5.0,6.6,9.25,10.25,23.5,248.36
2017-10-14,17.606,736.70841,3.65,5.0,6.6,9.25,10.25,23.5,248.36
2017-10-13,17.606,736.70841,3.65,5.0,6.6,9.25,10.25,23.5,248.36
2017-10-12,17.588,731.31835,3.65,5.0,6.6,9.25,10.25,23.5,248.36
2017-10-11,17.5845,726.93266,3.65,5.0,6.6,9.25,10.25,23.5,248.36
2017-10-10,17.584,729.62559,3.65,5.0,6.6,9.25,10.25,23.5,248.36
2017-10-09,17.636,726.79362,3.65,5.0,6.6,9.25,10.25,23.5,248.36
2017-10-08,17.6465,721.43934,3.65,5.0,6.6,9.25,10.25,23.5,248.36
2017-10-07,17.6465,721.43934,3.65,5.0,6.6,9.25,10.25,23.5,248.36
2017-10-06,17.6465,721.43934,3.65,5.0,6.6,9.25,10.25,23.5,248.36
2017-10-05,17.606,718.82139,3.65,5.0,6.6,9.25,10.25,23.5,248.36
2017-10-04,17.605,720.93131,3.65,5.0,6.6,9.25,10.25,23.5,248.36
2017-10-03,17.6215,720.36064,3.65,5.0,6.6,9.25,10.25,23.5,248.36
2017-10-02,17.632,721.47011,3.65,5.0,6.6,9.25,10.25,23.5,248.36
2017-10-01,17.622,726.04667,3.65,5.0,6.6,9.25,10.25,23.5,248.36
2017-09-30,17.622,726.04667,3.65,5.0,6.6,9.25,10.25,23.5,248.36
2017-09-29,17.622,726.04667,3.65,5.0,6.6,9.25,10.25,23.5,248.36
2017-09-28,17.637,728.93283,3.65,5.0,6.6,9.25,10.25,23.5,248.36
2017-09-27,17.6095,726.60742,3.65,5.0,6.6,9.25,10.25,23.5,248.36
2017-09-26,17.646,735.82915,3.65,5.0,6.6,9.25,10.25,23.5,248.36
2017-09-25,17.665,742.18734,3.65,5.0,6.6,9.25,10.25,23.5,248.36
2017-09-24,17.6125,732.33707,3.65,5.0,6.6,9.25,10.25,23.5,248.36
2017-09-23,17.6125,732.33707,3.65,5.0,6.6,9.25,10.25,23.5,248.36
2017-09-22,17.6125,732.33707,3.65,5.0,6.6,9.25,10.25,23.5,248.36
2017-09-21,17.613,730.82896,3.65,5.0,6.6,9.25,10.25,23.5,248.36
2017-09-20,17.615,743.03148,3.65,5.0,6.6,9.25,10.25,23.5,248.36
2017-09-19,17.6375,740.69165,3.65,5.0,6.6,9.25,10.25,23.5,248.36
2017-09-18,17.639,740.81137,3.65,5.0,6.6,9.25,10.25,23.5,248.36
2017-09-17,17.608,747.49155,3.65,5.0,6.6,9.25,10.25,23.5,248.36
2017-09-16,17.608,747.49155,3.65,5.0,6.6,9.25,10.25,23.5,248.36
2017-09-15,17.608,747.49155,3.65,5.0,6.6,9.25,10.25,23.5,248.36
2017-09-14,17.604,749.75543,3.65,5.0,6.6,9.25,10.25,23.5,248.36
2017-09-13,17.626,749.95573,3.65,5.0,6.6,9.25,10.25,23.5,248.36
2017-09-12,17.6165,752.15693,3.65,5.0,6.6,9.25,10.25,23.5,248.36
2017-09-11,17.6327,754.54928,3.65,5.0,6.6,9.25,10.25,23.5,248.36
2017-09-10,17.6055,761.87574,3.65,5.0,6.6,9.25,10.25,23.5,248.36
2017-09-09,17.6055,761.87574,3.65,5.0,6.6,9.25,10.25,23.5,248.36
2017-09-08,17.6055,761.87574,3.65,5.0,6.6,9.25,10.25,23.5,248.36
2017-09-07,17.605,761.34469,3.65,5.0,6.6,9.25,10.25,23.5,248.36
2017-09-06,17.61,755.21984,3.65,5.0,6.6,9.25,10.25,23.5,248.36
2017-09-05,17.599,757.74692,3.65,5.0,6.6,9.25,10.25,23.5,248.36
2017-09-04,17.583,748.74801,3.65,5.0,6.6,9.25,10.25,23.5,248.36
2017-09-03,17.619,750.28099,3.65,5.0,6.6,9.25,10.25,23.5,248.36
2017-09-02,17.619,750.28099,3.65,5.0,6.6,9.25,10.25,23.5,248.36
2017-09-01,17.619,750.28099,3.65,5.0,6.6,9.25,10.25,23.5,248.36
2017-08-31,17.623,745.74857,3.65,5.0,6.6,9.25,10.25,23.5,248.36
2017-08-30,17.642,741.9583,3.65,5.0,6.6,9.25,10.25,23.5,248.36
2017-08-29,17.645,744.92098,3.65,5.0,6.6,9.25,10.25,23.5,248.36
2017-08-28,17.632,742.44472,3.65,5.0,6.6,9.25,10.25,23.5,248.36
2017-08-27,17.68,734.68903,3.65,5.0,6.6,9.25,10.25,23.5,248.36
2017-08-26,17.68,734.68903,3.65,5.0,6.6,9.25,10.25,23.5,248.36
2017-08-25,17.68,734.68903,3.65,5.0,6.6,9.25,10.25,23.5,248.36
2017-08-24,17.71,732.51929,3.65,5.0,6.6,9.25,10.25,23.5,248.36
2017-08-23,17.73,734.71464,3.65,5.0,6.6,9.25,10.25,23.5,248.36
2017-08-22,17.707,731.59825,3.65,5.0,6.6,9.25,10.25,23.5,248.36
2017-08-21,17.749,736.58626,3.65,5.0,6.6,9.25,10.25,23.5,248.36
2017-08-20,17.738,733.22124,3.65,5.0,6.6,9.25,10.25,23.5,248.36
2017-08-19,17.738,733.22124,3.65,5.0,6.6,9.25,10.25,23.5,248.36
2017-08-18,17.738,733.22124,3.65,5.0,6.6,9.25,10.25,23.5,248.36
2017-08-17,17.7495,734.09609,3.65,5.0,6.6,9.25,10.25,23.5,248.36
2017-08-16,17.73,727.87425,3.65,5.0,6.6,9.25,10.25,23.5,248.36
2017-08-15,17.721,725.6816,3.65,5.0,6.6,9.25,10.25,23.5,248.36
2017-08-14,17.7385,732.38644,3.65,5.0,6.6,9.25,10.25,23.5,248.36
2017-08-13,17.7425,734.5481,3.65,5.0,6.6,9.25,10.25,23.5,248.36
2017-08-12,17.7425,734.5481,3.65,5.0,6.6,9.25,10.25,23.5,248.36
2017-08-11,17.7425,734.5481,3.65,5.0,6.6,9.25,10.25,23.5,248.36
2017-08-10,17.7685,733.33939,3.65,5.0,6.6,9.25,10.25,23.5,248.36
2017-08-09,17.734,725.81481,3.65,5.0,6.6,9.25,10.25,23.5,248.36
2017-08-08,17.7653,717.61455,3.65,5.0,6.6,9.25,10.25,23.5,248.36
2017-08-07,17.7345,717.3967,3.65,5.0,6.6,9.25,10.25,23.5,248.36
2017-08-06,17.744,717.83804,3.65,5.0,6.6,9.25,10.25,23.5,248.36
2017-08-05,17.744,717.83804,3.65,5.0,6.6,9.25,10.25,23.5,248.36
2017-08-04,17.744,717.83804,3.65,5.0,6.6,9.25,10.25,23.5,248.36
2017-08-03,17.8185,726.29433,3.65,5.0,6.6,9.25,10.25,23.5,248.36
2017-08-02,17.812,728.32005,3.65,5.0,6.6,9.25,10.25,23.5,248.36
2017-08-01,17.8697,731.13891,3.65,5.0,6.6,9.25,10.25,23.5,248.36
2017-07-31,17.864,727.45969,3.65,5.0,6.6,9.25,10.25,23.5,248.36
2017-07-30,17.8495,727.90223,3.65,5.0,6.6,9.25,10.25,23.5,248.36
2017-07-29,17.8495,727.90223,3.65,5.0,6.6,9.25,10.25,23.5,248.36
2017-07-28,17.8495,727.90223,3.65,5.0,6.6,9.25,10.25,23.5,248.36
2017-07-27,17.8865,724.35045,3.65,5.0,6.6,9.25,10.25,23.5,248.36
2017-07-26,17.888,718.31506,3.65,5.0,6.6,9.25,10.25,23.5,248.36
2017-07-25,17.862,718.82148,3.65,5.0,6.6,9.25,10.25,23.5,248.36
2017-07-24,17.8065,717.84751,3.65,5.0,6.6,9.25,10.25,23.5,248.36
2017-07-23,17.8405,719.44765,3.65,5.0,6.6,9.25,10.25,23.5,248.36
2017-07-22,17.8405,719.44765,3.65,5.0,6.6,9.25,10.25,23.5,248.36
2017-07-21,17.8405,719.44765,3.65,5.0,6.6,9.25,10.25,23.5,248.36
2017-07-20,17.911,716.82006,3.65,5.0,6.6,9.25,10.25,23.5,248.36
2017-07-19,17.9205,715.12606,3.65,5.0,6.6,9.25,10.25,23.5,248.36
2017-07-18,17.918,714.96868,3.65,5.0,6.6,9.25,10.25,23.5,248.36
2017-07-17,17.9285,710.60346,3.65,5.0,6.6,9.25,10.25,23.5,248.36
2017-07-16,17.934,707.24658,3.65,5.0,6.6,9.25,10.25,23.5,248.36
2017-07-15,17.934,707.24658,3.65,5.0,6.6,9.25,10.25,23.5,248.36
2017-07-14,17.934,707.24658,3.65,5.0,6.6,9.25,10.25,23.5,248.36
2017-07-13,17.9155,700.58432,3.65,5.0,6.6,9.25,10.25,23.5,248.36
2017-07-12,17.8713,699.89004,3.65,5.0,6.6,9.25,10.25,23.5,248.36
2017-07-11,17.839,696.0442,3.65,5.0,6.6,9.25,10.25,23.5,248.36
2017-07-10,17.839,695.1839,3.65,5.0,6.6,9.25,10.25,23.5,248.36
2017-07-09,17.842,693.29303,3.65,5.0,6.6,9.25,10.25,23.5,248.36
2017-07-08,17.842,693.29303,3.65,5.0,6.6,9.25,10.25,23.5,248.36
2017-07-07,17.842,693.29303,3.65,5.0,6.6,9.25,10.25,23.5,248.36
2017-07-06,17.8505,701.42847,3.65,5.0,6.6,9.25,10.25,23.5,248.36
2017-07-05,17.817,699.08102,3.65,5.0,6.6,9.25,10.25,23.5,248.36
2017-07-04,17.92,701.68208,3.65,5.0,6.6,9.25,10.25,23.5,248.36
2017-07-03,18.0945,708.51485,3.65,5.0,6.6,9.25,10.25,23.5,248.36
2017-07-02,18.098,721.91834,3.65,5.0,6.6,9.25,10.25,23.5,248.36
2017-07-01,18.098,721.91834,3.65,5.0,6.6,9.25,10.25,23.5,248.36
2017-06-30,18.098,721.91834,3.65,5.0,6.6,9.25,10.25,23.5,248.36
2017-06-29,18.098,723.95487,3.65,5.0,6.6,9.25,10.25,23.5,248.36
2017-06-28,18.113,726.76789,2.35,3.5,6.25,9.25,10.25,23.5,248.36
2017-06-27,18.118,726.03648,2.35,3.5,6.25,9.25,10.25,23.5,248.36
2017-06-26,18.1055,725.47735,2.35,3.5,6.25,9.25,10.25,23.5,248.36
2017-06-25,18.119,731.78537,2.35,3.5,6.25,9.25,10.25,23.5,248.36
2017-06-24,18.119,731.78537,2.35,3.5,6.25,9.25,10.25,23.5,248.36
2017-06-23,18.119,731.78537,2.35,3.5,6.25,9.25,10.25,23.5,248.36
2017-06-22,18.1115,726.47473,2.35,3.5,6.25,9.25,10.25,23.5,248.36
2017-06-21,18.121,724.4089,2.35,3.5,6.25,9.25,10.25,23.5,248.36
2017-06-20,17.9705,717.00586,2.35,3.5,6.25,9.25,10.25,23.5,248.36
2017-06-19,18.0995,724.01491,2.35,3.5,6.25,9.25,10.25,23.5,248.36
2017-06-18,18.125,730.74574,2.35,3.5,6.25,9.25,10.25,23.5,248.36
2017-06-17,18.125,730.74574,2.35,3.5,6.25,9.25,10.25,23.5,248.36
2017-06-16,18.125,730.74574,2.35,3.5,6.25,9.25,10.25,23.5,248.36
2017-06-15,17.977,723.73841,2.35,3.5,6.25,9.25,10.25,23.5,248.36
2017-06-14,18.1055,740.90313,2.35,3.5,6.25,9.25,10.25,23.5,248.36
2017-06-13,18.08,735.79066,2.35,3.5,6.25,9.25,10.25,23.5,248.36
2017-06-12,18.104,736.94195,2.35,3.5,6.25,9.25,10.25,23.5,248.36
2017-06-11,18.0985,738.11456,2.35,3.5,6.25,9.25,10.25,23.5,248.36
2017-06-10,18.0985,738.11456,2.35,3.5,6.25,9.25,10.25,23.5,248.36
2017-06-09,18.0985,738.11456,2.35,3.5,6.25,9.25,10.25,23.5,248.36
2017-06-08,18.1035,742.85847,2.35,3.5,6.25,9.25,10.25,23.5,248.36
2017-06-07,18.0965,750.60024,2.35,3.5,6.25,9.25,10.25,23.5,248.36
2017-06-06,18.094,752.99802,2.35,3.5,6.25,9.25,10.25,23.5,248.36
2017-06-05,17.9735,739.25759,2.35,3.5,6.25,9.25,10.25,23.5,248.36
2017-06-04,17.9726,737.77606,2.35,3.5,6.25,9.25,10.25,23.5,248.36
2017-06-03,17.9726,737.77606,2.35,3.5,6.25,9.25,10.25,23.5,248.36
2017-06-02,17.9726,737.77606,2.35,3.5,6.25,9.25,10.25,23.5,248.36
2017-06-01,18.0755,736.30489,2.35,3.5,6.25,9.25,10.25,23.5,248.36
2017-05-31,17.972,734.97787,2.35,3.5,6.25,9.25,10.25,23.5,248.36
2017-05-30,18.0855,733.86307,2.35,3.5,6.25,9.25,10.25,23.5,248.36
2017-05-29,18.0805,736.8573,2.35,3.5,6.25,9.25,10.25,23.5,248.36
2017-05-28,18.0635,736.16447,2.35,3.5,6.25,9.25,10.25,23.5,248.36
2017-05-27,18.0635,736.16447,2.35,3.5,6.25,9.25,10.25,23.5,248.36
2017-05-26,18.0635,736.16447,2.35,3.5,6.25,9.25,10.25,23.5,248.36
2017-05-25,18.087,730.26043,2.35,3.5,6.25,9.25,10.25,23.5,248.36
2017-05-24,18.033,726.10899,2.35,3.5,6.25,9.25,10.25,23.5,248.36
2017-05-23,18.044,727.94421,2.35,3.5,6.25,9.25,10.25,23.5,248.36
2017-05-22,18.0285,730.73862,2.35,3.5,6.25,9.25,10.25,23.5,248.36
2017-05-21,18.079,728.13552,2.35,3.5,6.25,9.25,10.25,23.5,248.36
2017-05-20,18.079,728.13552,2.35,3.5,6.25,9.25,10.25,23.5,248.36
2017-05-19,18.079,728.13552,2.35,3.5,6.25,9.25,10.25,23.5,248.36
2017-05-18,18.0695,727.17193,2.35,3.5,6.25,9.25,10.25,23.5,248.36
2017-05-17,18.092,731.45108,2.35,3.5,6.25,9.25,10.25,23.5,248.36
2017-05-16,18.088,718.20468,2.35,3.5,6.25,9.25,10.25,23.5,248.36
2017-05-15,18.038,712.5078,2.35,3.5,6.25,9.25,10.25,23.5,248.36
2017-05-14,18.028,710.72171,2.35,3.5,6.25,9.25,10.25,23.5,248.36
2017-05-13,18.028,710.72171,2.35,3.5,6.25,9.25,10.25,23.5,248.36
2017-05-12,18.028,710.72171,2.35,3.5,6.25,9.25,10.25,23.5,248.36
2017-05-11,18.08,710.73722,2.35,3.5,6.25,9.25,10.25,23.5,248.36
2017-05-10,18.07,707.20695,2.35,3.5,6.25,9.25,10.25,23.5,248.36
2017-05-09,18.0845,706.03014,2.35,3.5,6.25,9.25,10.25,23.5,248.36
2017-05-08,18.115,713.62741,2.35,3.5,6.25,9.25,10.25,23.5,248.36
2017-05-07,18.095,712.54862,2.35,3.5,6.25,9.25,10.25,23.5,248.36
2017-05-06,18.095,712.54862,2.35,3.5,6.25,9.25,10.25,23.5,248.36
2017-05-05,18.095,712.54862,2.35,3.5,6.25,9.25,10.25,23.5,248.36
2017-05-04,18.084,713.10385,2.35,3.5,6.25,9.25,10.25,23.5,248.36
2017-05-03,18.08,724.51372,2.35,3.5,6.25,9.25,10.25,23.5,248.36
2017-05-02,18.099,730.3376,2.35,3.5,6.25,9.25,10.25,23.5,248.36
2017-05-01,18.0055,725.52269,2.35,3.5,6.25,9.25,10.25,23.5,248.36
2017-04-30,18.02,733.52266,2.35,3.5,6.25,9.25,10.25,23.5,248.36
2017-04-29,18.02,733.52266,2.35,3.5,6.25,9.25,10.25,23.5,248.36
2017-04-28,18.02,733.52266,2.35,3.5,6.25,9.25,10.25,23.5,248.36
2017-04-27,17.9695,730.0804,2.35,3.5,6.25,9.25,10.25,23.5,248.36
2017-04-26,17.965,728.97347,2.35,3.5,6.25,9.25,10.25,23.5,248.36
2017-04-25,18.15,738.52264,2.35,3.5,6.25,9.25,10.25,23.5,248.36
2017-04-24,17.83,731.34904,2.35,3.5,6.25,9.25,10.25,23.5,248.36
2017-04-23,18.0695,747.9118,2.35,3.5,6.25,9.25,10.25,23.5,248.36
2017-04-22,18.0695,747.9118,2.35,3.5,6.25,9.25,10.25,23.5,248.36
2017-04-21,18.0695,747.9118,2.35,3.5,6.25,9.25,10.25,23.5,248.36
2017-04-20,18.135,747.41612,2.35,3.5,6.25,9.25,10.25,23.5,248.36
2017-04-19,18.1265,746.77437,2.35,3.5,6.25,9.25,10.25,23.5,248.36
2017-04-18,18.0865,751.11584,2.35,3.5,6.25,9.25,10.25,23.5,248.36
2017-04-17,18.1455,752.2243,2.35,3.5,6.25,9.25,10.25,23.5,248.36
2017-04-16,18.141,749.99641,2.35,3.5,6.25,9.25,10.25,23.5,248.36
2017-04-15,18.141,749.99641,2.35,3.5,6.25,9.25,10.25,23.5,248.36
2017-04-14,18.141,749.99641,2.35,3.5,6.25,9.25,10.25,23.5,248.36
2017-04-13,18.126,749.37622,2.35,3.5,6.25,9.25,10.25,23.5,248.36
2017-04-12,18.0175,738.75025,2.35,3.5,6.25,9.25,10.25,23.5,248.36
2017-04-11,17.978,734.76083,2.35,3.5,6.25,9.25,10.25,23.5,248.36
2017-04-10,17.992,723.70606,2.35,3.5,6.25,9.25,10.25,23.5,248.36
2017-04-09,18.0205,726.70646,2.35,3.5,6.25,9.25,10.25,23.5,248.36
2017-04-08,18.0205,726.70646,2.35,3.5,6.25,9.25,10.25,23.5,248.36
2017-04-07,18.0205,726.70646,2.35,3.5,6.25,9.25,10.25,23.5,248.36
2017-04-06,17.969,722.31876,2.35,3.5,6.25,9.25,10.25,23.5,248.36
2017-04-05,18.04,722.33085,2.35,3.5,6.25,9.25,10.25,23.5,248.36
2017-04-04,18.0965,730.17853,2.35,3.5,6.25,9.25,10.25,23.5,248.36
2017-04-03,17.9945,723.63305,2.35,3.5,6.25,9.25,10.25,23.5,248.36
2017-04-02,18.2105,730.27018,2.35,3.5,6.25,9.25,10.25,23.5,248.36
2017-04-01,18.2105,730.27018,2.35,3.5,6.25,9.25,10.25,23.5,248.36
2017-03-31,18.2105,730.27018,2.35,3.5,6.25,9.25,10.25,23.5,248.36
2017-03-30,18.207,728.78345,2.35,3.5,6.25,9.25,10.25,23.5,248.36
2017-03-29,18.212,733.90201,2.35,3.5,6.25,9.25,10.25,23.5,248.36
2017-03-28,18.2037,734.67952,2.35,3.5,6.25,9.25,10.25,23.5,248.36
2017-03-27,17.95,724.49825,2.35,3.5,6.25,9.25,10.25,23.5,248.36
2017-03-26,18.09,725.9613,2.35,3.5,6.25,9.25,10.25,23.5,248.36
2017-03-25,18.09,725.9613,2.35,3.5,6.25,9.25,10.25,23.5,248.36
2017-03-24,18.09,725.9613,2.35,3.5,6.25,9.25,10.25,23.5,248.36
2017-03-23,17.9685,720.33447,2.35,3.5,6.25,9.25,10.25,23.5,248.36
2017-03-22,18.121,727.84627,2.35,3.5,6.25,9.25,10.25,23.5,248.36
2017-03-21,18.175,728.14526,2.35,3.5,6.25,9.25,10.25,23.5,248.36
2017-03-20,18.0235,714.8324,2.35,3.5,6.25,9.25,10.25,23.5,248.36
2017-03-19,18.125,716.64365,2.35,3.5,6.25,9.25,10.25,23.5,248.36
2017-03-18,18.125,716.64365,2.35,3.5,6.25,9.25,10.25,23.5,248.36
2017-03-17,18.125,716.64365,2.35,3.5,6.25,9.25,10.25,23.5,248.36
2017-03-16,18.069,712.51238,2.35,3.5,6.25,9.25,10.25,23.5,248.36
2017-03-15,18.0195,695.26588,2.35,3.5,6.25,9.25,10.25,23.5,248.36
2017-03-14,17.686,683.42163,2.35,3.5,6.25,9.25,10.25,23.5,248.36
2017-03-13,17.4865,675.99363,2.35,3.5,6.25,9.25,10.25,23.5,248.36
2017-03-12,17.5175,676.23455,2.35,3.5,6.25,9.25,10.25,23.5,248.36
2017-03-11,17.5175,676.23455,2.35,3.5,6.25,9.25,10.25,23.5,248.36
2017-03-10,17.5175,676.23455,2.35,3.5,6.25,9.25,10.25,23.5,248.36
2017-03-09,17.6675,682.99072,2.35,3.5,6.25,9.25,10.25,23.5,248.36
2017-03-08,17.4705,678.80143,2.35,3.5,6.25,9.25,10.25,23.5,248.36
2017-03-07,16.8198,657.08804,2.35,3.5,6.25,9.25,10.25,23.5,248.36
2017-03-06,16.1195,634.60147,2.35,3.5,6.25,9.25,10.25,23.5,248.36
2017-03-05,16.164,636.87307,2.35,3.5,6.25,9.25,10.25,23.5,248.36
2017-03-04,16.164,636.87307,2.35,3.5,6.25,9.25,10.25,23.5,248.36
2017-03-03,16.164,636.87307,2.35,3.5,6.25,9.25,10.25,23.5,248.36
2017-03-02,16.173,640.55555,2.35,3.5,6.25,9.25,10.25,23.5,248.36
2017-03-01,15.7703,633.22546,2.35,3.5,6.25,9.25,10.25,23.5,248.36
2017-02-28,15.9705,643.16389,2.35,3.5,6.25,9.25,10.25,23.5,248.36
2017-02-27,15.753,636.83582,2.35,3.5,6.25,9.25,10.25,23.5,248.36
2017-02-26,15.926,643.57353,2.35,3.5,6.25,9.25,10.25,23.5,248.36
2017-02-25,15.926,643.57353,2.35,3.5,6.25,9.25,10.25,23.5,248.36
2017-02-24,15.926,643.57353,2.35,3.5,6.25,9.25,10.25,23.5,248.36
2017-02-23,15.766,633.71171,2.35,3.5,6.25,9.25,10.25,23.5,248.36
2017-02-22,15.7175,622.5653,2.35,3.5,6.25,9.25,10.25,23.5,248.36
2017-02-21,15.776,627.67213,2.35,3.5,6.25,9.25,10.25,23.5,248.36
2017-02-20,15.9445,634.4274,2.35,3.5,6.25,9.25,10.25,23.5,248.36
2017-02-19,16.017,637.31217,2.35,3.5,6.25,9.25,10.25,23.5,248.36
2017-02-18,16.017,637.31217,2.35,3.5,6.25,9.25,10.25,23.5,248.36
2017-02-17,16.017,637.31217,2.35,3.5,6.25,9.25,10.25,23.5,248.36
2017-02-16,16.4665,656.46822,2.35,3.5,6.25,9.25,10.25,23.5,248.36
2017-02-15,16.4695,652.1929,2.35,3.5,6.25,9.25,10.25,23.5,248.36
2017-02-14,16.9665,667.61937,2.35,3.5,6.25,9.25,10.25,23.5,248.36
2017-02-13,17.736,698.18377,2.35,3.5,6.25,9.25,10.25,23.5,248.36
2017-02-12,17.6195,699.26247,2.35,3.5,6.25,9.25,10.25,23.5,248.36
2017-02-11,17.6195,699.26247,2.35,3.5,6.25,9.25,10.25,23.5,248.36
2017-02-10,17.6195,699.26247,2.35,3.5,6.25,9.25,10.25,23.5,248.36
2017-02-09,17.9725,713.67641,2.35,3.5,6.25,9.25,10.25,23.5,248.36
2017-02-08,18.2795,727.3364,2.35,3.5,6.25,9.25,10.25,23.5,248.36
2017-02-07,18.431,731.34982,2.35,3.5,6.25,9.25,10.25,23.5,248.36
2017-02-06,18.531,732.8156,2.35,3.5,6.25,9.25,10.25,23.5,248.36
2017-02-05,18.3445,718.6578,2.35,3.5,6.25,9.25,10.25,23.5,248.36
2017-02-04,18.3445,718.6578,2.35,3.5,6.25,9.25,10.25,23.5,248.36
2017-02-03,18.3445,718.6578,2.35,3.5,6.25,9.25,10.25,23.5,248.36
2017-02-02,18.811,735.84464,2.35,3.5,6.25,9.25,10.25,23.5,248.36
2017-02-01,18.697,724.71276,2.35,3.5,6.25,9.25,10.25,23.5,248.36
2017-01-31,18.8675,733.1413,2.35,3.5,6.25,9.25,10.25,23.5,248.36
2017-01-30,18.669,716.18469,2.35,3.5,6.25,9.25,10.25,23.5,248.36
2017-01-29,18.6875,713.83022,2.35,3.5,6.25,9.25,10.25,23.5,248.36
2017-01-28,18.6875,713.83022,2.35,3.5,6.25,9.25,10.25,23.5,248.36
2017-01-27,18.6875,713.83022,2.35,3.5,6.25,9.25,10.25,23.5,248.36
2017-01-26,18.8675,721.55518,2.35,3.5,6.25,9.25,10.25,23.5,248.36
2017-01-25,18.9465,729.32777,2.35,3.5,6.25,9.25,10.25,23.5,248.36
2017-01-24,18.974,738.31672,2.35,3.5,6.25,9.25,10.25,23.5,248.36
2017-01-23,18.74,732.04301,2.35,3.5,6.25,9.25,10.25,23.5,248.36
2017-01-22,18.8655,730.45548,2.35,3.5,6.25,9.25,10.25,23.5,248.36
2017-01-21,18.8655,730.45548,2.35,3.5,6.25,9.25,10.25,23.5,248.36
2017-01-20,18.8655,730.45548,2.35,3.5,6.25,9.25,10.25,23.5,248.36
2017-01-19,18.8765,728.81792,2.35,3.5,6.25,9.25,10.25,23.5,248.36
2017-01-18,18.6685,727.02931,2.35,3.5,6.25,9.25,10.25,23.5,248.36
2017-01-17,18.8985,736.41174,2.35,3.5,6.25,9.25,10.25,23.5,248.36
2017-01-16,18.9175,726.99497,2.35,3.5,6.25,9.25,10.25,23.5,248.36
2017-01-15,18.8935,726.07265,2.35,3.5,6.25,9.25,10.25,23.5,248.36
2017-01-14,18.8935,726.07265,2.35,3.5,6.25,9.25,10.25,23.5,248.36
2017-01-13,18.8935,726.07265,2.35,3.5,6.25,9.25,10.25,23.5,248.36
2017-01-12,18.67,719.64453,2.35,3.5,6.25,9.25,10.25,23.5,248.36
2017-01-11,18.6895,718.41326,2.35,3.5,6.25,9.25,10.25,23.5,248.36
2017-01-10,18.3435,698.38996,2.35,3.5,6.25,9.25,10.25,23.5,248.36
2017-01-09,17.957,683.2707,2.35,3.5,6.25,9.25,10.25,23.5,248.36
2017-01-08,18.0455,679.9081,2.35,3.5,6.25,9.25,10.25,23.5,248.36
2017-01-07,18.0455,679.9081,2.35,3.5,6.25,9.25,10.25,23.5,248.36
2017-01-06,18.0455,679.9081,2.35,3.5,6.25,9.25,10.25,23.5,248.36
2017-01-05,18.196,690.1416,2.35,3.5,6.25,9.25,10.25,23.5,248.36
2017-01-04,18.195,680.80253,2.35,3.5,6.25,9.25,10.25,23.5,248.36
2017-01-03,18.069,674.11283,2.35,3.5,6.25,9.25,10.25,23.5,248.36
2017-01-02,18.094,668.99545,2.35,3.5,6.25,9.25,10.25,23.5,248.36
2017-01-01,18.1035,669.34671,2.35,3.5,6.25,9.25,10.25,23.5,248.36
2016-12-31,18.1035,669.34671,2.35,3.5,6.25,9.25,10.25,14.0,332.44
2016-12-30,18.1035,669.34671,2.35,3.5,6.25,9.25,10.25,14.0,332.44
2016-12-29,18.771,697.88881,2.35,3.5,6.25,9.25,10.25,14.0,332.44
2016-12-28,19.044,697.63,2.35,3.5,6.25,9.25,10.25,14.0,332.44
2016-12-27,18.898,691.00574,2.35,3.5,6.25,9.25,10.25,14.0,332.44
2016-12-26,18.898,687.72477,2.35,3.5,6.25,9.25,10.25,14.0,332.44
2016-12-25,18.974,690.49053,2.35,3.5,6.25,9.25,10.25,14.0,332.44
2016-12-24,18.974,690.49053,2.35,3.5,6.25,9.25,10.25,14.0,332.44
2016-12-23,18.974,690.49053,2.35,3.5,6.25,9.25,10.25,14.0,332.44
2016-12-22,18.993,689.28897,2.35,3.5,6.25,9.25,10.25,14.0,332.44
2016-12-21,19.603,712.87648,2.35,3.5,6.25,9.25,10.25,14.0,332.44
2016-12-20,19.191,698.14061,2.35,3.5,6.25,9.25,10.25,14.0,332.44
2016-12-19,18.255,669.37247,2.35,3.5,6.25,9.25,10.25,14.0,332.44
2016-12-18,18.402,671.68621,2.35,3.5,6.25,9.25,10.25,14.0,332.44
2016-12-17,18.402,671.68621,2.35,3.5,6.25,9.25,10.25,14.0,332.44
2016-12-16,18.402,671.68621,2.35,3.5,6.25,9.25,10.25,14.0,332.44
2016-12-15,18.4755,669.91399,2.35,3.5,6.25,9.25,10.25,14.0,332.44
2016-12-14,18.403,687.1061,2.35,3.5,6.25,9.25,10.25,14.0,332.44
2016-12-13,18.1705,675.73798,2.35,3.5,6.25,9.25,10.25,14.0,332.44
2016-12-12,18.0775,676.23163,2.35,3.5,6.25,9.25,10.25,14.0,332.44
2016-12-11,18.0905,674.33331,2.35,3.5,6.25,9.25,10.25,14.0,332.44
2016-12-10,18.0905,674.33331,2.35,3.5,6.25,9.25,10.25,14.0,332.44
2016-12-09,18.0905,674.33331,2.35,3.5,6.25,9.25,10.25,14.0,332.44
2016-12-08,18.0875,680.26936,2.35,3.5,6.25,9.25,10.25,14.0,332.44
2016-12-07,17.8965,676.07784,2.35,3.5,6.25,9.25,10.25,14.0,332.44
2016-12-06,17.92,672.70216,2.35,3.5,6.25,9.25,10.25,14.0,332.44
2016-12-05,18.09,682.80612,2.35,3.5,6.25,9.25,10.25,14.0,332.44
2016-12-04,17.8255,673.45299,2.35,3.5,6.25,9.25,10.25,14.0,332.44
2016-12-03,17.8255,673.45299,2.35,3.5,6.25,9.25,10.25,14.0,332.44
2016-12-02,17.8255,673.45299,2.35,3.5,6.25,9.25,10.25,14.0,332.44
2016-12-01,17.8325,669.01619,2.35,3.5,6.25,9.25,10.25,14.0,332.44
2016-11-30,17.9745,676.59737,2.35,3.5,6.25,9.25,10.25,14.0,332.44
2016-11-29,17.7155,676.58761,2.35,3.5,6.25,9.25,10.25,14.0,332.44
2016-11-28,17.6375,675.13971,2.35,3.5,6.25,9.25,10.25,14.0,332.44
2016-11-27,17.594,666.46036,2.35,3.5,6.25,9.25,10.25,14.0,332.44
2016-11-26,17.594,666.46036,2.35,3.5,6.25,9.25,10.25,14.0,332.44
2016-11-25,17.594,666.46036,2.35,3.5,6.25,9.25,10.25,14.0,332.44
2016-11-24,17.4465,666.98711,2.35,3.5,6.25,9.25,10.25,14.0,332.44
2016-11-23,17.6225,673.71562,2.35,3.5,6.25,9.25,10.25,14.0,332.44
2016-11-22,17.376,676.52629,2.35,3.5,6.25,9.25,10.25,14.0,332.44
2016-11-21,16.232,631.25459,2.35,3.5,6.25,9.25,10.25,14.0,332.44
2016-11-20,16.0415,623.27882,2.35,3.5,6.25,9.25,10.25,14.0,332.44
2016-11-19,16.0415,623.27882,2.35,3.5,6.25,9.25,10.25,14.0,332.44
2016-11-18,16.0415,623.27882,2.35,3.5,6.25,9.25,10.25,14.0,332.44
2016-11-17,15.7175,614.7327,2.35,3.5,6.25,9.25,10.25,14.0,332.44
2016-11-16,15.42,606.51787,2.35,3.5,6.25,9.25,10.25,14.0,332.44
2016-11-15,15.478,609.09774,2.35,3.5,6.25,9.25,10.25,14.0,332.44
2016-11-14,16.3525,642.03943,2.35,3.5,6.25,9.25,10.25,14.0,332.44
2016-11-13,16.855,685.77497,2.35,3.5,6.25,9.25,10.25,14.0,332.44
2016-11-12,16.855,685.77497,2.35,3.5,6.25,9.25,10.25,14.0,332.44
2016-11-11,16.855,685.77497,2.35,3.5,6.25,9.25,10.25,14.0,332.44
2016-11-10,17.019,692.44758,2.35,3.5,6.25,9.25,10.25,14.0,332.44
2016-11-09,18.0035,736.61336,2.35,3.5,6.25,9.25,10.25,14.0,332.44
2016-11-08,16.861,690.30167,2.35,3.5,6.25,9.25,10.25,14.0,332.44
2016-11-07,15.3795,632.07086,2.35,3.5,6.25,9.25,10.25,14.0,332.44
2016-11-06,15.243,638.71277,2.35,3.5,6.25,9.25,10.25,14.0,332.44
2016-11-05,15.243,638.71277,2.35,3.5,6.25,9.25,10.25,14.0,332.44
2016-11-04,15.243,638.71277,2.35,3.5,6.25,9.25,10.25,14.0,332.44
2016-11-03,8.8782,371.67211,1.6,2.6,6.25,9.25,10.25,14.0,332.44
2016-11-02,8.8775,372.98429,1.6,2.6,6.25,9.25,10.25,14.0,332.44
2016-11-01,8.8752,367.06666,1.6,2.6,6.25,9.25,10.25,14.0,332.44
2016-10-31,8.8783,362.94173,1.6,2.6,6.25,9.25,10.25,14.0,332.44
2016-10-30,8.8572,363.21823,1.6,2.6,6.25,9.25,10.25,14.0,332.44
2016-10-29,8.8572,363.21823,1.6,2.6,6.25,9.25,10.25,14.0,332.44
2016-10-28,8.8572,363.21823,1.6,2.6,6.25,9.25,10.25,14.0,332.44
2016-10-27,8.8769,361.85707,1.6,2.6,6.25,9.25,10.25,14.0,332.44
2016-10-26,8.8768,360.96827,1.6,2.6,6.25,9.25,10.25,14.0,332.44
2016-10-25,8.8793,363.09682,1.6,2.6,6.25,9.25,10.25,14.0,332.44
2016-10-24,8.8776,360.20161,1.6,2.6,6.25,9.25,10.25,14.0,332.44
2016-10-23,8.8756,361.23337,1.6,2.6,6.25,9.25,10.25,14.0,332.44
2016-10-22,8.8756,361.23337,1.6,2.6,6.25,9.25,10.25,14.0,332.44
2016-10-21,8.8756,361.23337,1.6,2.6,6.25,9.25,10.25,14.0,332.44
2016-10-20,8.8745,361.10301,1.6,2.6,6.25,9.25,10.25,14.0,332.44
2016-10-19,8.8797,361.97121,1.6,2.6,6.25,9.25,10.25,14.0,332.44
2016-10-18,8.8728,359.66456,1.6,2.6,6.25,9.25,10.25,14.0,332.44
2016-10-17,8.7793,354.06799,1.6,2.6,6.25,9.25,10.25,14.0,332.44
2016-10-16,8.8826,357.8628,1.6,2.6,6.25,9.25,10.25,14.0,332.44
2016-10-15,8.8826,357.8628,1.6,2.6,6.25,9.25,10.25,14.0,332.44
2016-10-14,8.8826,357.8628,1.6,2.6,6.25,9.25,10.25,14.0,332.44
2016-10-13,8.8782,358.22787,1.6,2.6,6.25,9.25,10.25,14.0,332.44
2016-10-12,8.8771,357.07041,1.6,2.6,6.25,9.25,10.25,14.0,332.44
2016-10-11,8.8791,357.69325,1.6,2.6,6.25,9.25,10.25,14.0,332.44
2016-10-10,8.8596,355.73986,1.6,2.6,6.25,9.25,10.25,14.0,332.44
2016-10-09,8.876,356.39838,1.6,2.6,6.25,9.25,10.25,14.0,332.44
2016-10-08,8.876,356.39838,1.6,2.6,6.25,9.25,10.25,14.0,332.44
2016-10-07,8.876,356.39838,1.6,2.6,6.25,9.25,10.25,14.0,332.44
2016-10-06,8.8608,356.04443,1.6,2.6,6.25,9.25,10.25,14.0,332.44
2016-10-05,8.8575,360.29735,1.6,2.6,6.25,9.25,10.25,14.0,332.44
2016-10-04,8.8612,360.76128,1.6,2.6,6.25,9.25,10.25,14.0,332.44
2016-10-03,8.8832,373.85209,1.6,2.6,6.25,9.25,10.25,14.0,332.44
2016-10-02,8.8573,373.9866,1.6,2.6,6.25,9.25,10.25,14.0,332.44
2016-10-01,8.8573,373.9866,1.6,2.6,6.25,9.25,10.25,14.0,332.44
2016-09-30,8.8573,373.9866,1.6,2.6,6.25,9.25,10.25,14.0,332.44
2016-09-29,8.8768,377.20725,1.6,2.6,6.25,9.25,10.25,14.0,332.44
2016-09-28,8.8779,376.59754,1.6,2.6,6.25,9.25,10.25,14.0,332.44
2016-09-27,8.8765,378.39316,1.6,2.6,6.25,9.25,10.25,14.0,332.44
2016-09-26,8.7351,376.24103,1.6,2.6,6.25,9.25,10.25,14.0,332.44
2016-09-25,8.877,381.63949,1.6,2.6,6.25,9.25,10.25,14.0,332.44
2016-09-24,8.877,381.63949,1.6,2.6,6.25,9.25,10.25,14.0,332.44
2016-09-23,8.877,381.63949,1.6,2.6,6.25,9.25,10.25,14.0,332.44
2016-09-22,8.8794,382.65624,1.6,2.6,6.25,9.25,10.25,14.0,332.44
2016-09-21,8.8754,378.6316,1.6,2.6,6.25,9.25,10.25,14.0,332.44
2016-09-20,8.8763,374.90298,1.6,2.6,6.25,9.25,10.25,14.0,332.44
2016-09-19,8.8765,374.85437,1.6,2.6,6.25,9.25,10.25,14.0,332.44
2016-09-18,8.8542,371.72072,1.6,2.6,6.25,9.25,10.25,14.0,332.44
2016-09-17,8.8542,371.72072,1.6,2.6,6.25,9.25,10.25,14.0,332.44
2016-09-16,8.8542,371.72072,1.6,2.6,6.25,9.25,10.25,14.0,332.44
2016-09-15,8.8772,374.88393,1.6,2.6,6.25,9.25,10.25,14.0,332.44
2016-09-14,8.8748,377.06521,1.6,2.6,6.25,9.25,10.25,14.0,332.44
2016-09-13,8.8762,376.41125,1.6,2.6,6.25,9.25,10.25,14.0,332.44
2016-09-12,8.8948,377.77199,1.6,2.6,6.25,9.25,10.25,14.0,332.44
2016-09-11,8.8775,379.63451,1.6,2.6,6.25,9.25,10.25,14.0,332.44
2016-09-10,8.8775,379.63451,1.6,2.6,6.25,9.25,10.25,14.0,332.44
2016-09-09,8.8775,379.63451,1.6,2.6,6.25,9.25,10.25,14.0,332.44
2016-09-08,8.8771,381.52966,1.6,2.6,6.25,9.25,10.25,14.0,332.44
2016-09-07,8.8769,383.66154,1.6,2.6,6.25,9.25,10.25,14.0,332.44
2016-09-06,8.8752,385.04334,1.6,2.6,6.25,9.25,10.25,14.0,332.44
2016-09-05,8.857,376.47982,1.6,2.6,6.25,9.25,10.25,14.0,332.44
2016-09-04,8.8737,377.18966,1.6,2.6,6.25,9.25,10.25,14.0,332.44
2016-09-03,8.8737,377.18966,1.6,2.6,6.25,9.25,10.25,14.0,332.44
2016-09-02,8.8737,377.18966,1.6,2.6,6.25,9.25,10.25,14.0,332.44
2016-09-01,8.8766,374.48758,1.6,2.6,6.25,9.25,10.25,14.0,332.44
2016-08-31,8.8769,372.98762,1.6,2.6,6.25,9.25,10.25,14.0,332.44
2016-08-30,8.8758,374.31114,1.6,2.6,6.25,9.25,10.25,14.0,332.44
2016-08-29,8.8202,375.14244,1.6,2.6,6.25,9.25,10.25,14.0,332.44
2016-08-28,8.8576,376.33445,1.6,2.6,6.25,9.25,10.25,14.0,332.44
2016-08-27,8.8576,376.33445,1.6,2.6,6.25,9.25,10.25,14.0,332.44
2016-08-26,8.8576,376.33445,1.6,2.6,6.25,9.25,10.25,14.0,332.44
2016-08-25,8.878,376.80158,1.6,2.6,6.25,9.25,10.25,14.0,332.44
2016-08-24,8.8778,378.02043,1.6,2.6,6.25,9.25,10.25,14.0,332.44
2016-08-23,8.8768,382.60123,1.6,2.6,6.25,9.25,10.25,14.0,332.44
2016-08-22,8.8981,382.68966,1.6,2.6,6.25,9.25,10.25,14.0,332.44
2016-08-21,8.8548,381.5961,1.6,2.6,6.25,9.25,10.25,14.0,332.44
2016-08-20,8.8548,381.5961,1.6,2.6,6.25,9.25,10.25,14.0,332.44
2016-08-19,8.8548,381.5961,1.6,2.6,6.25,9.25,10.25,14.0,332.44
2016-08-18,8.8763,385.6047,1.6,2.6,6.25,9.25,10.25,14.0,332.44
2016-08-17,8.8777,383.23942,1.6,2.6,6.25,9.25,10.25,14.0,332.44
2016-08-16,8.8754,385.36586,1.6,2.6,6.25,9.25,10.25,14.0,332.44
2016-08-15,8.8782,382.57596,1.6,2.6,6.25,9.25,10.25,14.0,332.44
2016-08-14,8.8559,380.33377,1.6,2.6,6.25,9.25,10.25,14.0,332.44
2016-08-13,8.8559,380.33377,1.6,2.6,6.25,9.25,10.25,14.0,332.44
2016-08-12,8.8559,380.33377,1.6,2.6,6.25,9.25,10.25,14.0,332.44
2016-08-11,8.8596,382.40112,1.6,2.6,6.25,9.25,10.25,14.0,332.44
2016-08-10,8.8573,382.81443,1.6,2.6,6.25,9.25,10.25,14.0,332.44
2016-08-09,8.8586,381.3611,1.6,2.6,6.25,9.25,10.25,14.0,332.44
2016-08-08,8.8541,379.57328,1.6,2.6,6.25,9.25,10.25,14.0,332.44
2016-08-07,8.8543,380.43584,1.6,2.6,6.25,9.25,10.25,14.0,332.44
2016-08-06,8.8543,380.43584,1.6,2.6,6.25,9.25,10.25,14.0,332.44
2016-08-05,8.8543,380.43584,1.6,2.6,6.25,9.25,10.25,14.0,332.44
2016-08-04,8.8559,386.88241,1.6,2.6,6.25,9.25,10.25,14.0,332.44
2016-08-03,8.8575,386.18341,1.6,2.6,6.25,9.25,10.25,14.0,332.44
2016-08-02,8.8562,388.49003,1.6,2.6,6.25,9.25,10.25,14.0,332.44
2016-08-01,8.8661,385.21865,1.6,2.6,6.25,9.25,10.25,14.0,332.44
2016-07-31,8.8584,384.20056,1.6,2.6,6.25,9.25,10.25,14.0,332.44
2016-07-30,8.8584,384.20056,1.6,2.6,6.25,9.25,10.25,14.0,332.44
2016-07-29,8.8584,384.20056,1.6,2.6,6.25,9.25,10.25,14.0,332.44
2016-07-28,8.8542,379.26444,1.6,2.6,6.25,9.25,10.25,14.0,332.44
2016-07-27,8.8546,377.65885,1.6,2.6,6.25,9.25,10.25,14.0,332.44
2016-07-26,8.8588,376.15756,1.6,2.6,6.25,9.25,10.25,14.0,332.44
2016-07-25,8.8589,375.76309,1.6,2.6,6.25,9.25,10.25,14.0,332.44
2016-07-24,8.8565,376.74328,1.6,2.6,6.25,9.25,10.25,14.0,332.44
2016-07-23,8.8565,376.74328,1.6,2.6,6.25,9.25,10.25,14.0,332.44
2016-07-22,8.8565,376.74328,1.6,2.6,6.25,9.25,10.25,14.0,332.44
2016-07-21,8.8574,378.88889,1.6,2.6,6.25,9.25,10.25,14.0,332.44
2016-07-20,8.8579,375.57826,1.6,2.6,6.25,9.25,10.25,14.0,332.44
2016-07-19,8.8564,379.13084,1.6,2.6,6.25,9.25,10.25,14.0,332.44
2016-07-18,8.8426,377.65878,1.6,2.6,6.25,9.25,10.25,14.0,332.44
2016-07-17,8.8585,377.7967,1.6,2.6,6.25,9.25,10.25,14.0,332.44
2016-07-16,8.8585,377.7967,1.6,2.6,6.25,9.25,10.25,14.0,332.44
2016-07-15,8.8585,377.7967,1.6,2.6,6.25,9.25,10.25,14.0,332.44
2016-07-14,8.8579,379.13811,1.6,2.6,6.25,9.25,10.25,14.0,332.44
2016-07-13,8.8615,382.45463,1.6,2.6,6.25,9.25,10.25,14.0,332.44
2016-07-12,8.8577,379.92695,1.6,2.6,6.25,9.25,10.25,14.0,332.44
2016-07-11,8.8657,386.22738,1.6,2.6,6.25,9.25,10.25,14.0,332.44
2016-07-10,8.8556,386.24294,1.6,2.6,6.25,9.25,10.25,14.0,332.44
2016-07-09,8.8556,386.24294,1.6,2.6,6.25,9.25,10.25,14.0,332.44
2016-07-08,8.8556,386.24294,1.6,2.6,6.25,9.25,10.25,14.0,332.44
2016-07-07,8.8545,387.19131,1.6,2.6,6.25,9.25,10.25,14.0,332.44
2016-07-06,8.8552,388.5885,1.6,2.6,6.25,9.25,10.25,14.0,332.44
2016-07-05,8.8573,386.26012,1.6,2.6,6.25,9.25,10.25,14.0,332.44
2016-07-04,8.7415,375.67356,1.6,2.6,6.25,9.25,10.25,14.0,332.44
2016-07-03,8.8623,380.86504,1.6,2.6,6.25,9.25,10.25,14.0,332.44
2016-07-02,8.8623,380.86504,1.6,2.6,6.25,9.25,10.25,14.0,332.44
2016-07-01,8.8623,380.86504,1.6,2.6,6.25,9.25,10.25,14.0,332.44
2016-06-30,8.8575,375.4474,1.6,2.6,6.25,9.25,10.25,14.0,332.44
2016-06-29,8.7571,372.74021,1.6,2.6,6.25,9.25,10.25,14.0,332.44
2016-06-28,8.8582,374.59421,1.6,2.6,6.25,9.25,10.25,14.0,332.44
2016-06-27,8.7591,372.43107,1.6,2.6,6.25,9.25,10.25,14.0,332.44
2016-06-26,8.8583,375.93699,1.6,2.6,6.25,9.25,10.25,14.0,332.44
2016-06-25,8.8583,375.93699,1.6,2.6,6.25,9.25,10.25,14.0,332.44
2016-06-24,8.8583,375.93699,1.6,2.6,6.25,9.25,10.25,14.0,332.44
2016-06-23,8.8606,359.28397,1.6,2.6,6.25,9.25,10.25,14.0,332.44
2016-06-22,8.8574,361.09065,1.6,2.6,6.25,9.25,10.25,14.0,332.44
2016-06-21,8.8554,361.72089,1.6,2.6,6.25,9.25,10.25,14.0,332.44
2016-06-20,8.6843,360.17643,1.6,2.6,6.25,9.25,10.25,14.0,332.44
2016-06-19,8.8536,367.90964,1.6,2.6,6.25,9.25,10.25,14.0,332.44
2016-06-18,8.8536,367.90964,1.6,2.6,6.25,9.25,10.25,14.0,332.44
2016-06-17,8.8536,367.90964,1.6,2.6,6.25,9.25,10.25,14.0,332.44
2016-06-16,8.8581,369.1219,1.6,2.6,6.25,9.25,10.25,14.0,332.44
2016-06-15,8.8567,366.13067,1.6,2.6,6.25,9.25,10.25,14.0,332.44
2016-06-14,8.8608,366.24316,1.6,2.6,6.25,9.25,10.25,14.0,332.44
2016-06-13,8.8687,366.22755,1.6,2.6,6.25,9.25,10.25,14.0,332.44
2016-06-12,8.8571,362.61613,1.6,2.6,6.25,9.25,10.25,14.0,332.44
2016-06-11,8.8571,362.61613,1.6,2.6,6.25,9.25,10.25,14.0,332.44
2016-06-10,8.8571,362.61613,1.6,2.6,6.25,9.25,10.25,14.0,332.44
2016-06-09,8.8563,361.67223,1.6,2.6,6.25,9.25,10.25,14.0,332.44
2016-06-08,8.8584,358.79606,1.6,2.6,6.25,9.25,10.25,14.0,332.44
2016-06-07,8.8529,354.18999,1.6,2.6,6.25,9.25,10.25,14.0,332.44
2016-06-06,8.8778,355.24329,1.6,2.6,6.25,9.25,10.25,14.0,332.44
2016-06-05,8.8566,353.11361,1.6,2.6,6.25,9.25,10.25,14.0,332.44
2016-06-04,8.8566,353.11361,1.6,2.6,6.25,9.25,10.25,14.0,332.44
2016-06-03,8.8566,353.11361,1.6,2.6,6.25,9.25,10.25,14.0,332.44
2016-06-02,8.8557,344.45081,1.6,2.6,6.25,9.25,10.25,14.0,332.44
2016-06-01,8.8557,345.04871,1.6,2.6,6.25,9.25,10.25,14.0,332.44
2016-05-31,8.8546,345.83145,1.6,2.6,6.25,9.25,10.25,14.0,332.44
2016-05-30,8.8654,345.96825,1.6,2.6,6.25,9.25,10.25,14.0,332.44
2016-05-29,8.8567,345.62872,1.6,2.6,6.25,9.25,10.25,14.0,332.44
2016-05-28,8.8567,345.62872,1.6,2.6,6.25,9.25,10.25,14.0,332.44
2016-05-27,8.8567,345.62872,1.6,2.6,6.25,9.25,10.25,14.0,332.44
2016-05-26,8.8533,347.28925,1.6,2.6,6.25,9.25,10.25,14.0,332.44
2016-05-25,8.8562,348.37111,1.6,2.6,6.25,9.25,10.25,14.0,332.44
2016-05-24,8.8557,349.8889,1.6,2.6,6.25,9.25,10.25,14.0,332.44
2016-05-23,8.8585,356.32223,1.6,2.6,6.25,9.25,10.25,14.0,332.44
2016-05-22,8.8555,356.57173,1.6,2.6,6.25,9.25,10.25,14.0,332.44
2016-05-21,8.8555,356.57173,1.6,2.6,6.25,9.25,10.25,14.0,332.44
2016-05-20,8.8555,356.57173,1.6,2.6,6.25,9.25,10.25,14.0,332.44
2016-05-19,8.8556,357.08822,1.6,2.6,6.25,9.25,10.25,14.0,332.44
2016-05-18,8.8577,362.72614,1.6,2.6,6.25,9.25,10.25,14.0,332.44
2016-05-17,8.8585,363.47088,1.6,2.6,6.25,9.25,10.25,14.0,332.44
2016-05-16,8.8508,362.3582,1.6,2.6,6.25,9.25,10.25,14.0,332.44
2016-05-15,8.8567,362.17265,1.6,2.6,6.25,9.25,10.25,14.0,332.44
2016-05-14,8.8567,362.17265,1.6,2.6,6.25,9.25,10.25,14.0,332.44
2016-05-13,8.8567,362.17265,1.6,2.6,6.25,9.25,10.25,14.0,332.44
2016-05-12,8.8574,361.74564,1.6,2.6,6.25,9.25,10.25,14.0,332.44
2016-05-11,8.8558,362.90456,1.6,2.6,6.25,9.25,10.25,14.0,332.44
2016-05-10,8.8576,359.93123,1.6,2.6,6.25,9.25,10.25,14.0,332.44
2016-05-09,8.8709,360.95652,1.6,2.6,6.25,9.25,10.25,14.0,332.44
2016-05-08,8.8579,368.20225,1.6,2.6,6.25,9.25,10.25,14.0,332.44
2016-05-07,8.8579,368.20225,1.6,2.6,6.25,9.25,10.25,14.0,332.44
2016-05-06,8.8579,368.20225,1.6,2.6,6.25,9.25,10.25,14.0,332.44
2016-05-05,8.8596,362.14882,1.6,2.6,6.25,9.25,10.25,14.0,332.44
2016-05-04,8.8562,362.55084,1.6,2.6,6.25,9.25,10.25,14.0,332.44
2016-05-03,8.8568,367.53007,1.6,2.6,6.25,9.25,10.25,14.0,332.44
2016-05-02,8.8531,368.51505,1.6,2.6,6.25,9.25,10.25,14.0,332.44
2016-05-01,8.8566,367.09464,1.6,2.6,6.25,9.25,10.25,14.0,332.44
2016-04-30,8.8566,367.09464,1.6,2.6,6.25,9.25,10.25,14.0,332.44
2016-04-29,8.8566,367.09464,1.6,2.6,6.25,9.25,10.25,14.0,332.44
2016-04-28,8.8545,360.26073,1.6,2.6,6.25,9.25,10.25,14.0,332.44
2016-04-27,8.8602,355.84938,1.6,2.6,6.25,9.25,10.25,14.0,332.44
2016-04-26,8.8574,353.74353,1.6,2.6,6.25,9.25,10.25,14.0,332.44
2016-04-25,8.8547,352.69626,1.6,2.6,6.25,9.25,10.25,14.0,332.44
2016-04-24,8.857,349.88332,1.6,2.6,6.25,9.25,10.25,14.0,332.44
2016-04-23,8.857,349.88332,1.6,2.6,6.25,9.25,10.25,14.0,332.44
2016-04-22,8.857,349.88332,1.6,2.6,6.25,9.25,10.25,14.0,332.44
2016-04-21,8.8552,355.59164,1.6,2.6,6.25,9.25,10.25,14.0,332.44
2016-04-20,8.855,356.7793,1.6,2.6,6.25,9.25,10.25,14.0,332.44
2016-04-19,8.8578,356.83517,1.6,2.6,6.25,9.25,10.25,14.0,332.44
2016-04-18,8.8518,351.07239,1.6,2.6,6.25,9.25,10.25,14.0,332.44
2016-04-17,8.8557,351.0847,1.6,2.6,6.25,9.25,10.25,14.0,332.44
2016-04-16,8.8557,351.0847,1.6,2.6,6.25,9.25,10.25,14.0,332.44
2016-04-15,8.8557,351.0847,1.6,2.6,6.25,9.25,10.25,14.0,332.44
2016-04-14,8.8557,348.7785,1.6,2.6,6.25,9.25,10.25,14.0,332.44
2016-04-13,8.8576,355.06153,1.6,2.6,6.25,9.25,10.25,14.0,332.44
2016-04-12,8.8583,358.67807,1.6,2.6,6.25,9.25,10.25,14.0,332.44
2016-04-11,8.8554,357.79192,1.6,2.6,6.25,9.25,10.25,14.0,332.44
2016-04-10,8.8591,353.8969,1.6,2.6,6.25,9.25,10.25,14.0,332.44
2016-04-09,8.8591,353.8969,1.6,2.6,6.25,9.25,10.25,14.0,332.44
2016-04-08,8.8591,353.8969,1.6,2.6,6.25,9.25,10.25,14.0,332.44
2016-04-07,8.8544,351.91565,1.6,2.6,6.25,9.25,10.25,14.0,332.44
2016-04-06,8.8608,348.26716,1.6,2.6,6.25,9.25,10.25,14.0,332.44
2016-04-05,8.8589,349.87294,1.6,2.6,6.25,9.25,10.25,14.0,332.44
2016-04-04,8.8609,346.98912,1.6,2.6,6.25,9.25,10.25,14.0,332.44
2016-04-03,8.858,348.07166,1.6,2.6,6.25,9.25,10.25,14.0,332.44
2016-04-02,8.858,348.07166,1.6,2.6,6.25,9.25,10.25,14.0,332.44
2016-04-01,8.858,348.07166,1.6,2.6,6.25,9.25,10.25,14.0,332.44
2016-03-31,8.8575,351.46933,1.6,2.6,6.25,9.25,10.25,14.0,332.44
2016-03-30,8.8569,349.36683,1.6,2.6,6.25,9.25,10.25,14.0,332.44
2016-03-29,8.8404,351.1887,1.6,2.6,6.25,9.25,10.25,14.0,332.44
2016-03-28,8.8748,348.07557,1.6,2.6,6.25,9.25,10.25,14.0,332.44
2016-03-27,8.8741,348.47608,1.6,2.6,6.25,9.25,10.25,14.0,332.44
2016-03-26,8.8741,348.47608,1.6,2.6,6.25,9.25,10.25,14.0,332.44
2016-03-25,8.8741,348.47608,1.6,2.6,6.25,9.25,10.25,14.0,332.44
2016-03-24,8.8586,347.86741,1.6,2.6,6.25,9.25,10.25,14.0,332.44
2016-03-23,8.8584,348.51461,1.6,2.6,6.25,9.25,10.25,14.0,332.44
2016-03-22,8.8597,355.54447,1.6,2.6,6.25,9.25,10.25,14.0,332.44
2016-03-21,8.852,353.98326,1.6,2.6,6.25,9.25,10.25,14.0,332.44
2016-03-20,8.8579,357.06705,1.6,2.6,6.25,9.25,10.25,14.0,332.44
2016-03-19,8.8579,357.06705,1.6,2.6,6.25,9.25,10.25,14.0,332.44
2016-03-18,8.8579,357.06705,1.6,2.6,6.25,9.25,10.25,14.0,332.44
2016-03-17,8.8539,359.95166,1.6,2.6,6.25,9.25,10.25,14.0,332.44
2016-03-16,8.9255,352.76151,1.6,2.6,6.25,9.25,10.25,14.0,332.44
2016-03-15,8.9272,353.14442,1.6,2.6,6.25,9.25,10.25,14.0,332.44
2016-03-14,7.6522,306.15198,1.6,2.6,6.25,9.25,10.25,14.0,332.44
2016-03-13,7.8089,316.01144,1.6,2.6,6.25,9.25,10.25,14.0,332.44
2016-03-12,7.8089,316.01144,1.6,2.6,6.25,9.25,10.25,14.0,332.44
2016-03-11,7.8089,316.01144,1.6,2.6,6.25,9.25,10.25,14.0,332.44
2016-03-10,7.8097,319.3833,1.6,2.6,6.25,9.25,10.25,14.0,332.44
2016-03-09,7.8038,315.27818,1.6,2.6,6.25,9.25,10.25,14.0,332.44
2016-03-08,7.8095,316.88942,1.6,2.6,6.25,9.25,10.25,14.0,332.44
2016-03-07,7.6874,312.20677,1.6,2.6,6.25,9.25,10.25,14.0,332.44
2016-03-06,7.8073,318.75804,1.6,2.6,6.25,9.25,10.25,14.0,332.44
2016-03-05,7.8073,318.75804,1.6,2.6,6.25,9.25,10.25,14.0,332.44
2016-03-04,7.8073,318.75804,1.6,2.6,6.25,9.25,10.25,14.0,332.44
2016-03-03,7.8068,315.60019,1.6,2.6,6.25,9.25,10.25,14.0,332.44
2016-03-02,7.8045,311.4172,1.6,2.6,6.25,9.25,10.25,14.0,332.44
2016-03-01,7.8064,308.78242,1.6,2.6,6.25,9.25,10.25,14.0,332.44
2016-02-29,7.7631,307.96822,1.6,2.6,6.25,9.25,10.25,14.0,332.44
2016-02-28,7.8042,306.06085,1.6,2.6,6.25,9.25,10.25,14.0,332.44
2016-02-27,7.8042,306.06085,1.6,2.6,6.25,9.25,10.25,14.0,332.44
2016-02-26,7.8042,306.06085,1.6,2.6,6.25,9.25,10.25,14.0,332.44
2016-02-25,7.8099,310.90448,1.6,2.6,6.25,9.25,10.25,14.0,332.44
2016-02-24,7.8037,310.78312,1.6,2.6,6.25,9.25,10.25,14.0,332.44
2016-02-23,7.8064,306.77457,1.6,2.6,6.25,9.25,10.25,14.0,332.44
2016-02-22,7.6818,298.71677,1.6,2.6,6.25,9.25,10.25,14.0,332.44
2016-02-21,7.8057,308.77982,1.6,2.6,6.25,9.25,10.25,14.0,332.44
2016-02-20,7.8057,308.77982,1.6,2.6,6.25,9.25,10.25,14.0,332.44
2016-02-19,7.8057,308.77982,1.6,2.6,6.25,9.25,10.25,14.0,332.44
2016-02-18,7.8113,307.92144,1.6,2.6,6.25,9.25,10.25,14.0,332.44
2016-02-17,7.8083,304.03755,1.6,2.6,6.25,9.25,10.25,14.0,332.44
2016-02-16,7.8042,303.07501,1.6,2.6,6.25,9.25,10.25,14.0,332.44
2016-02-15,7.7336,308.09085,1.6,2.6,6.25,9.25,10.25,14.0,332.44
2016-02-14,7.8065,310.99503,1.6,2.6,6.25,9.25,10.25,14.0,332.44
2016-02-13,7.8065,310.99503,1.6,2.6,6.25,9.25,10.25,14.0,332.44
2016-02-12,7.8065,310.99503,1.6,2.6,6.25,9.25,10.25,14.0,332.44
2016-02-11,7.8089,313.29999,1.6,2.6,6.25,9.25,10.25,14.0,332.44
2016-02-10,7.8065,299.85131,1.6,2.6,6.25,9.25,10.25,14.0,332.44
2016-02-09,7.8071,300.87836,1.6,2.6,6.25,9.25,10.25,14.0,332.44
2016-02-08,7.8189,301.13205,1.6,2.6,6.25,9.25,10.25,14.0,332.44
2016-02-07,7.8101,290.72401,1.6,2.6,6.25,9.25,10.25,14.0,332.44
2016-02-06,7.8101,290.72401,1.6,2.6,6.25,9.25,10.25,14.0,332.44
2016-02-05,7.8101,290.72401,1.6,2.6,6.25,9.25,10.25,14.0,332.44
2016-02-04,7.8043,290.4579,1.6,2.6,6.25,9.25,10.25,14.0,332.44
2016-02-03,7.8088,286.53316,1.6,2.6,6.25,9.25,10.25,14.0,332.44
2016-02-02,7.8089,283.02195,1.6,2.6,6.25,9.25,10.25,14.0,332.44
2016-02-01,7.7554,281.23253,1.6,2.6,6.25,9.25,10.25,14.0,332.44
2016-01-31,7.8109,280.35717,1.6,2.6,6.25,9.25,10.25,14.0,332.44
2016-01-30,7.8109,280.35717,1.6,2.6,6.25,9.25,10.25,14.0,332.44
2016-01-29,7.8109,280.35717,1.6,2.6,6.25,9.25,10.25,14.0,332.44
2016-01-28,7.8064,279.99484,1.6,2.6,6.25,9.25,10.25,14.0,332.44
2016-01-27,7.807,280.14187,1.6,2.6,6.25,9.25,10.25,14.0,332.44
2016-01-26,7.8046,281.4609,1.6,2.6,6.25,9.25,10.25,14.0,332.44
2016-01-25,7.8074,277.67119,1.6,2.6,6.25,9.25,10.25,14.0,332.44
2016-01-24,7.8123,275.58492,1.6,2.6,6.25,9.25,10.25,14.0,332.44
2016-01-23,7.8123,275.58492,1.6,2.6,6.25,9.25,10.25,14.0,332.44
2016-01-22,7.8123,275.58492,1.6,2.6,6.25,9.25,10.25,14.0,332.44
2016-01-21,7.8071,275.87838,1.6,2.6,6.25,9.25,10.25,14.0,332.44
2016-01-20,7.8055,277.82947,1.6,2.6,6.25,9.25,10.25,14.0,332.44
2016-01-19,7.8086,273.62172,1.6,2.6,6.25,9.25,10.25,14.0,332.44
2016-01-18,7.6794,269.48945,1.6,2.6,6.25,9.25,10.25,14.0,332.44
2016-01-17,7.8064,273.94619,1.6,2.6,6.25,9.25,10.25,14.0,332.44
2016-01-16,7.8064,273.94619,1.6,2.6,6.25,9.25,10.25,14.0,332.44
2016-01-15,7.8064,273.94619,1.6,2.6,6.25,9.25,10.25,14.0,332.44
2016-01-14,7.8051,269.48405,1.6,2.6,6.25,9.25,10.25,14.0,332.44
2016-01-13,7.8096,273.05415,1.6,2.6,6.25,9.25,10.25,14.0,332.44
2016-01-12,7.8057,272.44096,1.6,2.6,6.25,9.25,10.25,14.0,332.44
2016-01-11,7.6463,269.55705,1.6,2.6,6.25,9.25,10.25,14.0,332.44
2016-01-10,7.8075,275.56621,1.6,2.6,6.25,9.25,10.25,14.0,332.44
2016-01-09,7.8075,275.56621,1.6,2.6,6.25,9.25,10.25,14.0,332.44
2016-01-08,7.8075,275.56621,1.6,2.6,6.25,9.25,10.25,14.0,332.44
2016-01-07,7.8072,278.04057,1.6,2.6,6.25,9.25,10.25,14.0,332.44
2016-01-06,7.8073,274.0782,1.6,2.6,6.25,9.25,10.25,14.0,332.44
2016-01-05,7.809,270.74849,1.6,2.6,6.25,9.25,10.25,14.0,332.44
2016-01-04,7.7203,266.85404,1.6,2.6,6.25,9.25,10.25,14.0,332.44
2016-01-03,7.716,263.03391,1.6,2.6,6.25,9.25,10.25,14.0,332.44
2016-01-02,7.716,263.03391,1.6,2.6,6.25,9.25,10.25,14.0,332.44
2016-01-01,7.716,263.03391,1.6,2.6,6.25,9.25,10.25,14.0,332.44
2015-12-31,7.8057,266.09172,1.6,2.6,6.25,9.25,10.25,11.9,329.37
2015-12-30,7.8058,266.04493,1.6,2.6,6.25,8.75,9.75,11.9,329.37
2015-12-29,7.8055,270.40128,1.6,2.6,6.25,8.75,9.75,11.9,329.37
2015-12-28,7.6801,264.32868,1.6,2.6,6.25,8.75,9.75,11.9,329.37
2015-12-27,7.679,265.94494,1.6,2.6,6.25,8.75,9.75,11.9,329.37
2015-12-26,7.679,265.94494,1.6,2.6,6.25,8.75,9.75,11.9,329.37
2015-12-25,7.679,265.94494,1.6,2.6,6.25,8.75,9.75,11.9,329.37
2015-12-24,7.8046,270.29481,1.6,2.6,6.25,8.75,9.75,11.9,329.37
2015-12-23,7.8075,268.43733,1.6,2.6,6.25,8.75,9.75,11.9,329.37
2015-12-22,7.8091,269.84813,1.6,2.6,6.25,8.75,9.75,11.9,329.37
2015-12-21,7.8084,271.60636,1.6,2.6,6.25,8.75,9.75,11.9,329.37
2015-12-20,7.8054,267.56207,1.6,2.6,6.25,8.75,9.75,11.9,329.37
2015-12-19,7.8054,267.56207,1.6,2.6,6.25,8.75,9.75,11.9,329.37
2015-12-18,7.8054,267.56207,1.6,2.6,6.25,8.75,9.75,11.9,329.37
2015-12-17,7.8061,263.72113,1.6,2.6,6.25,8.75,9.75,11.9,329.37
2015-12-16,7.8063,270.55449,1.6,2.6,6.25,8.75,9.75,11.9,329.37
2015-12-15,7.8077,266.81257,1.6,2.6,6.25,8.75,9.75,11.9,329.37
2015-12-14,7.6859,263.09507,1.6,2.6,6.25,8.75,9.75,11.9,329.37
2015-12-13,7.8038,270.19186,1.6,2.6,6.25,8.75,9.75,11.9,329.37
2015-12-12,7.8038,270.19186,1.6,2.6,6.25,8.75,9.75,11.9,329.37
2015-12-11,7.8038,270.19186,1.6,2.6,6.25,8.75,9.75,11.9,329.37
2015-12-10,7.8081,269.38679,1.6,2.6,6.25,8.75,9.75,11.9,329.37
2015-12-09,7.8052,270.41598,1.6,2.6,6.25,8.75,9.75,11.9,329.37
2015-12-08,7.8075,270.16935,1.6,2.6,6.25,8.75,9.75,11.9,329.37
2015-12-07,7.8025,270.02141,1.6,2.6,6.25,8.75,9.75,11.9,329.37
2015-12-06,7.8084,272.25907,1.6,2.6,6.25,8.75,9.75,11.9,329.37
2015-12-05,7.8084,272.25907,1.6,2.6,6.25,8.75,9.75,11.9,329.37
2015-12-04,7.8084,272.25907,1.6,2.6,6.25,8.75,9.75,11.9,329.37
2015-12-03,7.8057,266.44304,1.6,2.6,6.25,8.75,9.75,11.9,329.37
2015-12-02,7.8076,264.62525,1.6,2.6,6.25,8.75,9.75,11.9,329.37
2015-12-01,7.8075,267.03164,1.6,2.6,6.25,8.75,9.75,11.9,329.37
2015-11-30,7.8165,267.84208,1.6,2.6,6.25,8.75,9.75,11.9,329.37
2015-11-29,7.8058,265.06617,1.6,2.6,6.25,8.75,9.75,11.9,329.37
2015-11-28,7.8058,265.06617,1.6,2.6,6.25,8.75,9.75,11.9,329.37
2015-11-27,7.8058,265.06617,1.6,2.6,6.25,8.75,9.75,11.9,329.37
2015-11-26,7.8065,268.67903,1.6,2.6,6.25,8.75,9.75,11.9,329.37
2015-11-25,7.8048,268.62052,1.6,2.6,6.25,8.75,9.75,11.9,329.37
2015-11-24,7.805,269.58097,1.6,2.6,6.25,8.75,9.75,11.9,329.37
2015-11-23,7.7199,264.78016,1.6,2.6,6.25,8.75,9.75,11.9,329.37
2015-11-22,7.8053,270.11833,1.6,2.6,6.25,8.75,9.75,11.9,329.37
2015-11-21,7.8053,270.11833,1.6,2.6,6.25,8.75,9.75,11.9,329.37
2015-11-20,7.8053,270.11833,1.6,2.6,6.25,8.75,9.75,11.9,329.37
2015-11-19,7.8077,270.60301,1.6,2.6,6.25,8.75,9.75,11.9,329.37
2015-11-18,7.8057,268.22487,1.6,2.6,6.25,8.75,9.75,11.9,329.37
2015-11-17,7.8064,268.2238,1.6,2.6,6.25,8.75,9.75,11.9,329.37
2015-11-16,7.8615,273.9083,1.6,2.6,6.25,8.75,9.75,11.9,329.37
2015-11-15,7.8063,271.25724,1.6,2.6,6.25,8.75,9.75,11.9,329.37
2015-11-14,7.8063,271.25724,1.6,2.6,6.25,8.75,9.75,11.9,329.37
2015-11-13,7.8063,271.25724,1.6,2.6,6.25,8.75,9.75,11.9,329.37
2015-11-12,7.8093,271.36148,1.6,2.6,6.25,8.75,9.75,11.9,329.37
2015-11-11,8.0079,279.26661,1.6,2.6,6.25,8.75,9.75,11.9,329.37
2015-11-10,8.0086,280.19221,1.6,2.6,6.25,8.75,9.75,11.9,329.37
2015-11-09,8.011,280.19891,1.6,2.6,6.25,8.75,9.75,11.9,329.37
2015-11-08,8.0058,279.93982,1.6,2.6,6.25,8.75,9.75,11.9,329.37
2015-11-07,8.0058,279.93982,1.6,2.6,6.25,8.75,9.75,11.9,329.37
2015-11-06,8.0058,279.93982,1.6,2.6,6.25,8.75,9.75,11.9,329.37
2015-11-05,8.0044,284.21431,1.6,2.6,6.25,8.75,9.75,11.9,329.37
2015-11-04,8.0099,284.95039,1.6,2.6,6.25,8.75,9.75,11.9,329.37
2015-11-03,8.0086,286.88675,1.6,2.6,6.25,8.75,9.75,11.9,329.37
2015-11-02,7.9969,292.02114,1.6,2.6,6.25,8.75,9.75,11.9,329.37
2015-11-01,8.0078,293.88666,1.6,2.6,6.25,8.75,9.75,11.9,329.37
2015-10-31,8.0078,293.88666,1.6,2.6,6.25,8.75,9.75,11.9,329.37
2015-10-30,8.0078,293.88666,1.6,2.6,6.25,8.75,9.75,11.9,329.37
2015-10-29,8.0088,295.39102,1.6,2.6,6.25,8.75,9.75,11.9,329.37
2015-10-28,8.0056,302.96885,1.6,2.6,6.25,8.75,9.75,11.9,329.37
2015-10-27,8.0014,300.16024,1.6,2.6,6.25,8.75,9.75,11.9,329.37
2015-10-26,8.0022,300.24169,1.6,2.6,6.25,8.75,9.75,11.9,329.37
2015-10-25,8.0083,299.51792,1.6,2.6,6.25,8.75,9.75,11.9,329.37
2015-10-24,8.0083,299.51792,1.6,2.6,6.25,8.75,9.75,11.9,329.37
2015-10-23,8.0083,299.51792,1.6,2.6,6.25,8.75,9.75,11.9,329.37
2015-10-22,8.0082,300.3638,1.6,2.6,6.25,8.75,9.75,11.9,329.37
2015-10-21,8.0084,300.62879,1.6,2.6,6.25,8.75,9.75,11.9,329.37
2015-10-20,8.0079,303.28762,1.6,2.6,6.25,8.75,9.75,11.9,329.37
2015-10-19,7.906,298.23365,1.6,2.6,6.25,8.75,9.75,11.9,329.37
2015-10-18,7.9094,300.9811,1.6,2.6,6.25,8.75,9.75,11.9,329.37
2015-10-17,7.9094,300.9811,1.6,2.6,6.25,8.75,9.75,11.9,329.37
2015-10-16,7.9094,300.9811,1.6,2.6,6.25,8.75,9.75,11.9,329.37
2015-10-15,7.8053,298.09881,1.6,2.6,6.25,8.75,9.75,11.9,329.37
2015-10-14,7.8081,296.24765,1.6,2.6,6.25,8.75,9.75,11.9,329.37
2015-10-13,7.8082,292.66159,1.6,2.6,6.25,8.75,9.75,11.9,329.37
2015-10-12,7.8026,292.22592,1.6,2.6,6.25,8.75,9.75,11.9,329.37
2015-10-11,7.8093,290.31761,1.6,2.6,6.25,8.75,9.75,11.9,329.37
2015-10-10,7.8093,290.31761,1.6,2.6,6.25,8.75,9.75,11.9,329.37
2015-10-09,7.8093,290.31761,1.6,2.6,6.25,8.75,9.75,11.9,329.37
2015-10-08,7.8062,287.29104,1.6,2.6,6.25,8.75,9.75,11.9,329.37
2015-10-07,7.8101,288.51431,1.6,2.6,6.25,8.75,9.75,11.9,329.37
2015-10-06,7.8063,287.8218,1.6,2.6,6.25,8.75,9.75,11.9,329.37
2015-10-05,7.8044,285.56874,1.6,2.6,6.25,8.75,9.75,11.9,329.37
2015-10-04,7.8058,285.36901,1.6,2.6,6.25,8.75,9.75,11.9,329.37
2015-10-03,7.8058,285.36901,1.6,2.6,6.25,8.75,9.75,11.9,329.37
2015-10-02,7.8058,285.36901,1.6,2.6,6.25,8.75,9.75,11.9,329.37
2015-10-01,7.8081,279.70437,1.6,2.6,6.25,8.75,9.75,11.9,329.37
2015-09-30,7.8086,280.04865,1.6,2.6,6.25,8.75,9.75,11.9,329.37
2015-09-29,7.8076,282.92462,1.6,2.6,6.25,8.75,9.75,11.9,329.37
2015-09-28,7.8038,284.01632,1.6,2.6,6.25,8.75,9.75,11.9,329.37
2015-09-27,7.8094,287.73522,1.6,2.6,6.25,8.75,9.75,11.9,329.37
2015-09-26,7.8094,287.73522,1.6,2.6,6.25,8.75,9.75,11.9,329.37
2015-09-25,7.8094,287.73522,1.6,2.6,6.25,8.75,9.75,11.9,329.37
2015-09-24,7.8074,289.61946,1.6,2.6,6.25,8.75,9.75,11.9,329.37
2015-09-23,7.8143,284.29797,1.6,2.6,6.25,8.75,9.75,11.9,329.37
2015-09-22,7.8077,282.4011,1.6,2.6,6.25,8.75,9.75,11.9,329.37
2015-09-21,7.8168,284.7659,1.6,2.6,6.25,8.75,9.75,11.9,329.37
2015-09-20,7.8032,285.52483,1.6,2.6,6.25,8.75,9.75,11.9,329.37
2015-09-19,7.8032,285.52483,1.6,2.6,6.25,8.75,9.75,11.9,329.37
2015-09-18,7.8032,285.52483,1.6,2.6,6.25,8.75,9.75,11.9,329.37
2015-09-17,7.8084,280.49338,1.6,2.6,6.25,8.75,9.75,11.9,329.37
2015-09-16,7.8085,280.97393,1.6,2.6,6.25,8.75,9.75,11.9,329.37
2015-09-15,7.8083,276.84967,1.6,2.6,6.25,8.75,9.75,11.9,329.37
2015-09-14,7.8019,277.85182,1.6,2.6,6.25,8.75,9.75,11.9,329.37
2015-09-13,7.8051,276.91185,1.6,2.6,6.25,8.75,9.75,11.9,329.37
2015-09-12,7.8051,276.91185,1.6,2.6,6.25,8.75,9.75,11.9,329.37
2015-09-11,7.8051,276.91185,1.6,2.6,6.25,8.75,9.75,11.9,329.37
2015-09-10,7.8082,278.52807,1.6,2.6,6.25,8.75,9.75,11.9,329.37
2015-09-09,7.8084,276.70257,1.6,2.6,6.25,8.75,9.75,11.9,329.37
2015-09-08,7.8097,281.31844,1.6,2.6,6.25,8.75,9.75,11.9,329.37
2015-09-07,7.8031,281.13086,1.6,2.6,6.25,8.75,9.75,11.9,329.37
2015-09-06,7.8054,281.21372,1.6,2.6,6.25,8.75,9.75,11.9,329.37
2015-09-05,7.8054,281.21372,1.6,2.6,6.25,8.75,9.75,11.9,329.37
2015-09-04,7.8054,281.21372,1.6,2.6,6.25,8.75,9.75,11.9,329.37
2015-09-03,7.8079,282.08198,1.6,2.6,6.25,8.75,9.75,11.9,329.37
2015-09-02,7.8052,284.19275,1.6,2.6,6.25,8.75,9.75,11.9,329.37
2015-09-01,7.8083,285.86207,1.6,2.6,6.25,8.75,9.75,11.9,329.37
2015-08-31,7.7906,283.43571,1.6,2.6,6.25,8.75,9.75,11.9,329.37
2015-08-30,7.8103,284.52909,1.6,2.6,6.25,8.75,9.75,11.9,329.37
2015-08-29,7.8103,284.52909,1.6,2.6,6.25,8.75,9.75,11.9,329.37
2015-08-28,7.8103,284.52909,1.6,2.6,6.25,8.75,9.75,11.9,329.37
2015-08-27,7.805,281.651,1.6,2.6,6.25,8.75,9.75,11.9,329.37
2015-08-26,7.8054,282.21752,1.6,2.6,6.25,8.75,9.75,11.9,329.37
2015-08-25,7.8101,285.80242,1.6,2.6,6.25,8.75,9.75,11.9,329.37
2015-08-24,7.8125,289.70816,1.6,2.6,6.25,8.75,9.75,11.9,329.37
2015-08-23,7.8062,291.03057,1.6,2.6,6.25,8.75,9.75,11.9,329.37
2015-08-22,7.8062,291.03057,1.6,2.6,6.25,8.75,9.75,11.9,329.37
2015-08-21,7.8062,291.03057,1.6,2.6,6.25,8.75,9.75,11.9,329.37
2015-08-20,7.8079,289.43716,1.6,2.6,6.25,8.75,9.75,11.9,329.37
2015-08-19,7.8047,283.07045,1.6,2.6,6.25,8.75,9.75,11.9,329.37
2015-08-18,7.8064,280.37131,1.6,2.6,6.25,8.75,9.75,11.9,329.37
2015-08-17,7.822,281.30883,1.6,2.6,6.25,8.75,9.75,11.9,329.37
2015-08-16,7.8032,279.2027,1.6,2.6,6.25,8.75,9.75,11.9,329.37
2015-08-15,7.8032,279.2027,1.6,2.6,6.25,8.75,9.75,11.9,329.37
2015-08-14,7.8032,279.2027,1.6,2.6,6.25,8.75,9.75,11.9,329.37
2015-08-13,7.8048,279.96254,1.6,2.6,6.25,8.75,9.75,11.9,329.37
2015-08-12,7.8074,281.93842,1.6,2.6,6.25,8.75,9.75,11.9,329.37
2015-08-11,7.8089,278.07601,1.6,2.6,6.25,8.75,9.75,11.9,329.37
2015-08-10,7.8072,277.16205,1.6,2.6,6.25,8.75,9.75,11.9,329.37
2015-08-09,7.8063,274.59523,1.6,2.6,6.25,8.75,9.75,11.9,329.37
2015-08-08,7.8063,274.59523,1.6,2.6,6.25,8.75,9.75,11.9,329.37
2015-08-07,7.8063,274.59523,1.6,2.6,6.25,8.75,9.75,11.9,329.37
2015-08-06,7.8076,273.66197,1.6,2.6,6.25,8.75,9.75,11.9,329.37
2015-08-05,7.8071,272.51492,1.6,2.6,6.25,8.75,9.75,11.9,329.37
2015-08-04,7.8048,273.6893,1.6,2.6,6.25,8.75,9.75,11.9,329.37
2015-08-03,7.8178,273.81843,1.6,2.6,6.25,8.75,9.75,11.9,329.37
2015-08-02,7.8055,274.76786,1.6,2.6,6.25,8.75,9.75,11.9,329.37
2015-08-01,7.8055,274.76786,1.6,2.6,6.25,8.75,9.75,11.9,329.37
2015-07-31,7.8055,274.76786,1.6,2.6,6.25,8.75,9.75,11.9,329.37
2015-07-30,7.8108,273.32213,1.6,2.6,6.25,8.75,9.75,11.9,329.37
2015-07-29,7.8065,274.25088,1.6,2.6,6.25,8.75,9.75,11.9,329.37
2015-07-28,7.8063,275.1474,1.6,2.6,6.25,8.75,9.75,11.9,329.37
2015-07-27,7.8109,275.35975,1.6,2.6,6.25,8.75,9.75,11.9,329.37
2015-07-26,7.8092,272.56312,1.6,2.6,6.25,8.75,9.75,11.9,329.37
2015-07-25,7.8092,272.56312,1.6,2.6,6.25,8.75,9.75,11.9,329.37
2015-07-24,7.8092,272.56312,1.6,2.6,6.25,8.75,9.75,11.9,329.37
2015-07-23,7.8087,274.65455,1.6,2.6,6.25,8.75,9.75,11.9,329.37
2015-07-22,7.8087,274.00182,1.6,2.6,6.25,8.75,9.75,11.9,329.37
2015-07-21,7.8065,276.93643,1.6,2.6,6.25,8.75,9.75,11.9,329.37
2015-07-20,7.8101,277.89276,1.6,2.6,6.25,8.75,9.75,11.9,329.37
2015-07-19,7.8038,283.96616,1.6,2.6,6.25,8.75,9.75,11.9,329.37
2015-07-18,7.8038,283.96616,1.6,2.6,6.25,8.75,9.75,11.9,329.37
2015-07-17,7.8038,283.96616,1.6,2.6,6.25,8.75,9.75,11.9,329.37
2015-07-16,7.8068,287.08724,1.6,2.6,6.25,8.75,9.75,11.9,329.37
2015-07-15,7.8061,287.91478,1.6,2.6,6.25,8.75,9.75,11.9,329.37
2015-07-14,7.8067,289.46799,1.6,2.6,6.25,8.75,9.75,11.9,329.37
2015-07-13,7.8319,290.88079,1.6,2.6,6.25,8.75,9.75,11.9,329.37
2015-07-12,7.8065,290.56488,1.6,2.6,6.25,8.75,9.75,11.9,329.37
2015-07-11,7.8065,290.56488,1.6,2.6,6.25,8.75,9.75,11.9,329.37
2015-07-10,7.8065,290.56488,1.6,2.6,6.25,8.75,9.75,11.9,329.37
2015-07-09,7.8077,290.93589,1.6,2.6,6.25,8.75,9.75,11.9,329.37
2015-07-08,7.809,292.06392,1.6,2.6,6.25,8.75,9.75,11.9,329.37
2015-07-07,7.7079,285.5815,1.6,2.6,6.25,8.75,9.75,11.9,329.37
2015-07-06,7.7809,293.4145,1.6,2.6,6.25,8.75,9.75,11.9,329.37
2015-07-05,7.7033,288.03633,1.6,2.6,6.25,8.75,9.75,11.9,329.37
2015-07-04,7.7033,288.03633,1.6,2.6,6.25,8.75,9.75,11.9,329.37
2015-07-03,7.7033,288.03633,1.6,2.6,6.25,8.75,9.75,11.9,329.37
2015-07-02,7.6071,284.43929,1.6,2.6,6.25,8.75,9.75,11.9,329.37
2015-07-01,7.6176,286.30136,1.6,2.6,6.25,8.75,9.75,11.9,329.37
2015-06-30,7.6036,286.38634,1.6,2.6,6.25,8.75,9.75,11.9,329.37
2015-06-29,7.7355,293.0952,1.6,2.6,6.25,8.75,9.75,11.9,329.37
2015-06-28,7.605,286.78138,1.6,2.6,6.25,8.75,9.75,11.9,329.37
2015-06-27,7.605,286.78138,1.6,2.6,6.25,8.75,9.75,11.9,329.37
2015-06-26,7.605,286.78138,1.6,2.6,6.25,8.75,9.75,11.9,329.37
2015-06-25,7.6077,286.54076,1.6,2.6,6.25,8.75,9.75,11.9,329.37
2015-06-24,7.6042,286.67785,1.6,2.6,6.25,8.75,9.75,11.9,329.37
2015-06-23,7.608,287.70167,1.6,2.6,6.25,8.75,9.75,11.9,329.37
2015-06-22,7.5911,288.89305,1.6,2.6,6.25,8.75,9.75,11.9,329.37
2015-06-21,7.6065,293.8322,1.6,2.6,6.25,8.75,9.75,11.9,329.37
2015-06-20,7.6065,293.8322,1.6,2.6,6.25,8.75,9.75,11.9,329.37
2015-06-19,7.6065,293.8322,1.6,2.6,6.25,8.75,9.75,11.9,329.37
2015-06-18,7.6066,293.83605,1.6,2.6,6.25,8.75,9.75,11.9,329.37
2015-06-17,7.6088,287.78087,1.6,2.6,6.25,8.75,9.75,11.9,329.37
2015-06-16,7.6053,288.65101,1.6,2.6,6.25,8.75,9.75,11.9,329.37
2015-06-15,7.6385,291.0899,1.6,2.6,6.25,8.75,9.75,11.9,329.37
2015-06-14,7.6105,288.43241,1.6,2.6,6.25,8.75,9.75,11.9,329.37
2015-06-13,7.6105,288.43241,1.6,2.6,6.25,8.75,9.75,11.9,329.37
2015-06-12,7.6105,288.43241,1.6,2.6,6.25,8.75,9.75,11.9,329.37
2015-06-11,7.6094,288.65983,1.6,2.6,6.25,8.75,9.75,11.9,329.37
2015-06-10,7.6035,289.95165,1.6,2.6,6.25,8.75,9.75,11.9,329.37
2015-06-09,7.6083,287.98213,1.6,2.6,6.25,8.75,9.75,11.9,329.37
2015-06-08,7.6127,287.14515,1.6,2.6,6.25,8.75,9.75,11.9,329.37
2015-06-07,7.6074,285.62451,1.6,2.6,6.25,8.75,9.75,11.9,329.37
2015-06-06,7.6074,285.62451,1.6,2.6,6.25,8.75,9.75,11.9,329.37
2015-06-05,7.6074,285.62451,1.6,2.6,6.25,8.75,9.75,11.9,329.37
2015-06-04,7.6107,287.48571,1.6,2.6,6.25,8.75,9.75,11.9,329.37
2015-06-03,7.613,289.97125,1.6,2.6,6.25,8.75,9.75,11.9,329.37
2015-06-02,7.6082,292.08776,1.6,2.6,6.25,8.75,9.75,11.9,329.37
2015-06-01,7.632,291.57831,1.6,2.6,6.25,8.75,9.75,11.9,329.37
2015-05-31,7.6132,291.12931,1.6,2.6,6.25,8.75,9.75,11.9,329.37
2015-05-30,7.6132,291.12931,1.6,2.6,6.25,8.75,9.75,11.9,329.37
2015-05-29,7.6132,291.12931,1.6,2.6,6.25,8.75,9.75,11.9,329.37
2015-05-28,7.6078,290.60482,1.6,2.6,6.25,8.75,9.75,11.9,329.37
2015-05-27,7.6089,290.10866,1.6,2.6,6.25,8.75,9.75,11.9,329.37
2015-05-26,7.6102,290.47628,1.6,2.6,6.25,8.75,9.75,11.9,329.37
2015-05-25,7.6244,295.21004,1.6,2.6,6.25,8.75,9.75,11.9,329.37
2015-05-24,7.6072,294.54407,1.6,2.6,6.25,8.75,9.75,11.9,329.37
2015-05-23,7.6072,294.54407,1.6,2.6,6.25,8.75,9.75,11.9,329.37
2015-05-22,7.6072,294.54407,1.6,2.6,6.25,8.75,9.75,11.9,329.37
2015-05-21,7.6027,294.39428,1.6,2.6,6.25,8.75,9.75,11.9,329.37
2015-05-20,7.6073,295.67299,1.6,2.6,6.25,8.75,9.75,11.9,329.37
2015-05-19,7.6051,295.09848,1.6,2.6,6.25,8.75,9.75,11.9,329.37
2015-05-18,7.6071,300.28768,1.6,2.6,6.25,8.75,9.75,11.9,329.37
2015-05-17,7.6037,299.59119,1.6,2.6,6.25,8.75,9.75,11.9,329.37
2015-05-16,7.6037,299.59119,1.6,2.6,6.25,8.75,9.75,11.9,329.37
2015-05-15,7.6037,299.59119,1.6,2.6,6.25,8.75,9.75,11.9,329.37
2015-05-14,7.6015,299.48007,1.6,2.6,6.25,8.75,9.75,11.9,329.37
2015-05-13,7.6057,297.93384,1.6,2.6,6.25,8.75,9.75,11.9,329.37
2015-05-12,7.6126,291.88954,1.6,2.6,6.25,8.75,9.75,11.9,329.37
2015-05-11,7.6175,289.77528,1.6,2.6,6.25,8.75,9.75,11.9,329.37
2015-05-10,7.6108,290.9641,1.6,2.6,6.25,8.75,9.75,11.9,329.37
2015-05-09,7.6108,290.9641,1.6,2.6,6.25,8.75,9.75,11.9,329.37
2015-05-08,7.6108,290.9641,1.6,2.6,6.25,8.75,9.75,11.9,329.37
2015-05-07,7.612,289.3703,1.6,2.6,6.25,8.75,9.75,11.9,329.37
2015-05-06,7.6029,290.95543,1.6,2.6,6.25,8.75,9.75,11.9,329.37
2015-05-05,7.6091,291.90212,1.6,2.6,6.25,8.75,9.75,11.9,329.37
2015-05-04,7.6392,291.48498,1.6,2.6,6.25,8.75,9.75,11.9,329.37
2015-05-03,7.6185,287.68237,1.6,2.6,6.25,8.75,9.75,11.9,329.37
2015-05-02,7.6185,287.68237,1.6,2.6,6.25,8.75,9.75,11.9,329.37
2015-05-01,7.6185,287.68237,1.6,2.6,6.25,8.75,9.75,11.9,329.37
2015-04-30,7.6108,289.32467,1.6,2.6,6.25,8.75,9.75,11.9,329.37
2015-04-29,7.6098,295.99036,1.6,2.6,6.25,8.75,9.75,11.9,329.37
2015-04-28,7.6029,296.74862,1.6,2.6,6.25,8.75,9.75,11.9,329.37
2015-04-27,7.6087,294.35751,1.6,2.6,6.25,8.75,9.75,11.9,329.37
2015-04-26,7.6037,287.29462,1.6,2.6,6.25,8.75,9.75,11.9,329.37
2015-04-25,7.6037,287.29462,1.6,2.6,6.25,8.75,9.75,11.9,329.37
2015-04-24,7.6037,287.29462,1.6,2.6,6.25,8.75,9.75,11.9,329.37
2015-04-23,7.6066,292.0997,1.6,2.6,6.25,8.75,9.75,11.9,329.37
2015-04-22,7.6018,290.08236,1.6,2.6,6.25,8.75,9.75,11.9,329.37
2015-04-21,7.604,294.0779,1.6,2.6,6.25,8.75,9.75,11.9,329.37
2015-04-20,7.604,291.77984,1.6,2.6,6.25,8.75,9.75,11.9,329.37
2015-04-19,7.6119,294.38341,1.6,2.6,6.25,8.75,9.75,11.9,329.37
2015-04-18,7.6119,294.38341,1.6,2.6,6.25,8.75,9.75,11.9,329.37
2015-04-17,7.6119,294.38341,1.6,2.6,6.25,8.75,9.75,11.9,329.37
2015-04-16,7.6071,292.99937,1.6,2.6,6.25,8.75,9.75,11.9,329.37
2015-04-15,7.6069,293.84766,1.6,2.6,6.25,8.75,9.75,11.9,329.37
2015-04-14,7.6078,291.75444,1.6,2.6,6.25,8.75,9.75,11.9,329.37
2015-04-13,7.6011,293.08597,1.6,2.6,6.25,8.75,9.75,11.9,329.37
2015-04-12,7.6008,294.36956,1.6,2.6,6.25,8.75,9.75,11.9,329.37
2015-04-11,7.6008,294.36956,1.6,2.6,6.25,8.75,9.75,11.9,329.37
2015-04-10,7.6008,294.36956,1.6,2.6,6.25,8.75,9.75,11.9,329.37
2015-04-09,7.6088,291.98847,1.6,2.6,6.25,8.75,9.75,11.9,329.37
2015-04-08,7.6088,294.31244,1.6,2.6,6.25,8.75,9.75,11.9,329.37
2015-04-07,7.5664,294.49688,1.6,2.6,6.25,8.75,9.75,11.9,329.37
2015-04-06,7.5204,294.64077,1.6,2.6,6.25,8.75,9.75,11.9,329.37
2015-04-05,7.6111,293.86308,1.6,2.6,6.25,8.75,9.75,11.9,329.37
2015-04-04,7.6111,293.86308,1.6,2.6,6.25,8.75,9.75,11.9,329.37
2015-04-03,7.6111,293.86308,1.6,2.6,6.25,8.75,9.75,11.9,329.37
2015-04-02,7.6067,293.69319,1.6,2.6,6.25,8.75,9.75,11.9,329.37
2015-04-01,7.6101,295.58607,1.6,2.6,6.25,8.75,9.75,11.9,329.37
2015-03-31,7.601,289.12318,1.6,2.6,6.25,8.75,9.75,11.9,329.37
2015-03-30,7.6127,289.98432,1.6,2.6,6.25,8.75,9.75,11.9,329.37
2015-03-29,7.6032,293.28917,1.6,2.6,6.25,8.75,9.75,11.9,329.37
2015-03-28,7.6032,293.28917,1.6,2.6,6.25,8.75,9.75,11.9,329.37
2015-03-27,7.6032,293.28917,1.6,2.6,6.25,8.75,9.75,11.9,329.37
2015-03-26,7.6089,294.80558,1.6,2.6,6.25,8.75,9.75,11.9,329.37
2015-03-25,7.6148,293.12458,1.6,2.6,6.25,8.75,9.75,11.9,329.37
2015-03-24,7.6104,291.58498,1.6,2.6,6.25,8.75,9.75,11.9,329.37
2015-03-23,7.6021,290.36265,1.6,2.6,6.25,8.75,9.75,11.9,329.37
2015-03-22,7.6101,289.88527,1.6,2.6,6.25,8.75,9.75,11.9,329.37
2015-03-21,7.6101,289.88527,1.6,2.6,6.25,8.75,9.75,11.9,329.37
2015-03-20,7.6101,289.88527,1.6,2.6,6.25,8.75,9.75,11.9,329.37
2015-03-19,7.6054,285.86728,1.6,2.6,6.25,8.75,9.75,11.9,329.37
2015-03-18,7.6006,281.36161,1.6,2.6,6.25,8.75,9.75,11.9,329.37
2015-03-17,7.6072,280.84776,1.6,2.6,6.25,8.75,9.75,11.9,329.37
2015-03-16,7.6089,282.13368,1.6,2.6,6.25,8.75,9.75,11.9,329.37
2015-03-15,7.6064,281.86977,1.6,2.6,6.25,8.75,9.75,11.9,329.37
2015-03-14,7.6064,281.86977,1.6,2.6,6.25,8.75,9.75,11.9,329.37
2015-03-13,7.6064,281.86977,1.6,2.6,6.25,8.75,9.75,11.9,329.37
2015-03-12,7.6114,281.93271,1.6,2.6,6.25,8.75,9.75,11.9,329.37
2015-03-11,7.605,281.35333,1.6,2.6,6.25,8.75,9.75,11.9,329.37
2015-03-10,7.6141,283.9911,1.6,2.6,6.25,8.75,9.75,11.9,329.37
2015-03-09,7.6092,285.34959,1.6,2.6,6.25,8.75,9.75,11.9,329.37
2015-03-08,7.6058,284.65966,1.6,2.6,6.25,8.75,9.75,11.9,329.37
2015-03-07,7.6058,284.65966,1.6,2.6,6.25,8.75,9.75,11.9,329.37
2015-03-06,7.6058,284.65966,1.6,2.6,6.25,8.75,9.75,11.9,329.37
2015-03-05,7.6057,292.43194,1.6,2.6,6.25,8.75,9.75,11.9,329.37
2015-03-04,7.6047,293.54262,1.6,2.6,6.25,8.75,9.75,11.9,329.37
2015-03-03,7.6077,294.49003,1.6,2.6,6.25,8.75,9.75,11.9,329.37
2015-03-02,7.6293,296.23372,1.6,2.6,6.25,8.75,9.75,11.9,329.37
2015-03-01,7.6044,296.46488,1.6,2.6,6.25,8.75,9.75,11.9,329.37
2015-02-28,7.6044,296.46488,1.6,2.6,6.25,8.75,9.75,11.9,329.37
2015-02-27,7.6044,296.46488,1.6,2.6,6.25,8.75,9.75,11.9,329.37
2015-02-26,7.6062,295.80142,1.6,2.6,6.25,8.75,9.75,11.9,329.37
2015-02-25,7.6093,293.81804,1.6,2.6,6.25,8.75,9.75,11.9,329.37
2015-02-24,7.6115,292.89965,1.6,2.6,6.25,8.75,9.75,11.9,329.37
2015-02-23,7.6101,293.67766,1.6,2.6,6.25,8.75,9.75,11.9,329.37
2015-02-22,7.6054,294.49882,1.6,2.6,6.25,8.75,9.75,11.9,329.37
2015-02-21,7.6054,294.49882,1.6,2.6,6.25,8.75,9.75,11.9,329.37
2015-02-20,7.6054,294.49882,1.6,2.6,6.25,8.75,9.75,11.9,329.37
2015-02-19,7.6096,295.32201,1.6,2.6,6.25,8.75,9.75,11.9,329.37
2015-02-18,7.6132,293.65042,1.6,2.6,6.25,8.75,9.75,11.9,329.37
2015-02-17,7.6071,295.46956,1.6,2.6,6.25,8.75,9.75,11.9,329.37
2015-02-16,7.6005,299.70947,1.6,2.6,6.25,8.75,9.75,11.9,329.37
2015-02-15,7.6029,299.8041,1.6,2.6,6.25,8.75,9.75,11.9,329.37
2015-02-14,7.6029,299.8041,1.6,2.6,6.25,8.75,9.75,11.9,329.37
2015-02-13,7.6029,299.8041,1.6,2.6,6.25,8.75,9.75,11.9,329.37
2015-02-12,7.5991,298.09063,1.6,2.6,6.25,8.75,9.75,11.9,329.37
2015-02-11,7.5856,297.29279,1.6,2.6,6.25,8.75,9.75,11.9,329.37
2015-02-10,7.6129,301.44669,1.6,2.6,6.25,8.75,9.75,11.9,329.37
2015-02-09,7.6153,303.79426,1.6,2.6,6.25,8.75,9.75,11.9,329.37
2015-02-08,7.6103,301.90652,1.6,2.6,6.25,8.75,9.75,11.9,329.37
2015-02-07,7.6103,301.90652,1.6,2.6,6.25,8.75,9.75,11.9,329.37
2015-02-06,7.6103,301.90652,1.6,2.6,6.25,8.75,9.75,11.9,329.37
2015-02-05,7.6015,308.42487,1.6,2.6,6.25,8.75,9.75,11.9,329.37
2015-02-04,7.6164,309.4702,1.6,2.6,6.25,8.75,9.75,11.9,329.37
2015-02-03,7.5915,307.45774,1.6,2.6,6.25,8.75,9.75,11.9,329.37
2015-02-02,7.5538,309.93809,1.6,2.6,6.25,8.75,9.75,11.9,329.37
2015-02-01,7.5624,310.85017,1.6,2.6,6.25,8.75,9.75,11.9,329.37
2015-01-31,7.5624,310.85017,1.6,2.6,6.25,8.75,9.75,11.9,329.37
2015-01-30,7.5624,310.85017,1.6,2.6,6.25,8.75,9.75,11.9,329.37
2015-01-29,7.4458,300.33598,1.6,2.6,6.25,8.75,9.75,11.9,329.37
2015-01-28,7.4138,306.50587,1.6,2.6,6.25,8.75,9.75,11.9,329.37
2015-01-27,7.4185,308.08353,1.6,2.6,6.25,8.75,9.75,11.9,329.37
2015-01-26,7.4368,305.90262,1.6,2.6,6.25,8.75,9.75,11.9,329.37
2015-01-25,7.3829,306.81874,1.6,2.6,6.25,8.75,9.75,11.9,329.37
2015-01-24,7.3829,306.81874,1.6,2.6,6.25,8.75,9.75,11.9,329.37
2015-01-23,7.3829,306.81874,1.6,2.6,6.25,8.75,9.75,11.9,329.37
2015-01-22,7.33,306.52919,1.6,2.6,6.25,8.75,9.75,11.9,329.37
2015-01-21,7.2781,302.72084,1.6,2.6,6.25,8.75,9.75,11.9,329.37
2015-01-20,7.2295,300.81561,1.6,2.6,6.25,8.75,9.75,11.9,329.37
2015-01-19,7.1264,292.56194,1.6,2.6,6.25,8.75,9.75,11.9,329.37
2015-01-18,7.127,292.58657,1.6,2.6,6.25,8.75,9.75,11.9,329.37
2015-01-17,7.127,292.58657,1.6,2.6,6.25,8.75,9.75,11.9,329.37
2015-01-16,7.127,292.58657,1.6,2.6,6.25,8.75,9.75,11.9,329.37
2015-01-15,7.1263,289.7626,1.6,2.6,6.25,8.75,9.75,11.9,329.37
2015-01-14,7.1256,282.79263,1.6,2.6,6.25,8.75,9.75,11.9,329.37
2015-01-13,7.1267,282.81338,1.6,2.6,6.25,8.75,9.75,11.9,329.37
2015-01-12,7.1122,281.87208,1.6,2.6,6.25,8.75,9.75,11.9,329.37
2015-01-11,7.1228,278.46785,1.6,2.6,6.25,8.75,9.75,11.9,329.37
2015-01-10,7.1228,278.46785,1.6,2.6,6.25,8.75,9.75,11.9,329.37
2015-01-09,7.1228,278.46785,1.6,2.6,6.25,8.75,9.75,11.9,329.37
2015-01-08,7.1353,277.21308,1.6,2.6,6.25,8.75,9.75,11.9,329.37
2015-01-07,7.1289,277.46865,1.6,2.6,6.25,8.75,9.75,11.9,329.37
2015-01-06,7.1189,279.07068,1.6,2.6,6.25,8.75,9.75,11.9,329.37
2015-01-05,7.1689,277.48128,1.6,2.6,6.25,8.75,9.75,11.9,329.37
2015-01-04,7.1352,272.07058,1.6,2.6,6.25,8.75,9.75,11.9,329.37
2015-01-03,7.1352,272.07058,1.6,2.6,6.25,8.75,9.75,11.9,329.37
2015-01-02,7.1352,272.07058,1.6,2.6,6.25,8.75,9.75,11.9,329.37
2015-01-01,7.1295,271.37188,1.6,2.6,6.25,8.75,9.75,11.9,329.37
2014-12-31,7.1296,271.37569,1.6,2.6,6.25,8.25,9.75,10.1,305.6
2014-12-30,7.1293,275.10041,1.6,2.6,6.25,8.25,9.75,10.1,305.6
2014-12-29,7.1493,271.61984,1.6,2.6,6.25,8.25,9.75,10.1,305.6
2014-12-28,7.1265,273.86969,1.6,2.6,6.25,8.25,9.75,10.1,305.6
2014-12-27,7.1265,273.86969,1.6,2.6,6.25,8.25,9.75,10.1,305.6
2014-12-26,7.1265,273.86969,1.6,2.6,6.25,8.25,9.75,10.1,305.6
2014-12-25,7.1331,269.12382,1.6,2.6,6.25,8.25,9.75,10.1,305.6
2014-12-24,7.13,269.00687,1.6,2.6,6.25,8.25,9.75,10.1,305.6
2014-12-23,7.1294,269.99277,1.6,2.6,6.25,8.25,9.75,10.1,305.6
2014-12-22,7.1334,270.55706,1.6,2.6,6.25,8.25,9.75,10.1,305.6
2014-12-21,7.1276,274.04946,1.6,2.6,6.25,8.25,9.75,10.1,305.6
2014-12-20,7.1276,274.04946,1.6,2.6,6.25,8.25,9.75,10.1,305.6
2014-12-19,7.1276,274.04946,1.6,2.6,6.25,8.25,9.75,10.1,305.6
2014-12-18,7.1292,273.8359,1.6,2.6,6.25,8.25,9.75,10.1,305.6
2014-12-17,7.1266,273.6444,1.6,2.6,6.25,8.25,9.75,10.1,305.6
2014-12-16,7.1316,273.74467,1.6,2.6,6.25,8.25,9.75,10.1,305.6
2014-12-15,7.1258,276.56905,1.6,2.6,6.25,8.25,9.75,10.1,305.6
2014-12-14,7.1341,280.28582,1.6,2.6,6.25,8.25,9.75,10.1,305.6
2014-12-13,7.1341,280.28582,1.6,2.6,6.25,8.25,9.75,10.1,305.6
2014-12-12,7.1341,280.28582,1.6,2.6,6.25,8.25,9.75,10.1,305.6
2014-12-11,7.1268,280.70933,1.6,2.6,6.25,8.25,9.75,10.1,305.6
2014-12-10,7.133,281.825,1.6,2.6,6.25,8.25,9.75,10.1,305.6
2014-12-09,7.1336,282.44502,1.6,2.6,6.25,8.25,9.75,10.1,305.6
2014-12-08,7.1248,273.6669,1.6,2.6,6.25,8.25,9.75,10.1,305.6
2014-12-07,7.1277,272.72414,1.6,2.6,6.25,8.25,9.75,10.1,305.6
2014-12-06,7.1277,272.72414,1.6,2.6,6.25,8.25,9.75,10.1,305.6
2014-12-05,7.1277,272.72414,1.6,2.6,6.25,8.25,9.75,10.1,305.6
2014-12-04,7.1278,276.71543,1.6,2.6,6.25,8.25,9.75,10.1,305.6
2014-12-03,7.1282,276.96014,1.6,2.6,6.25,8.25,9.75,10.1,305.6
2014-12-02,7.131,274.93674,1.6,2.6,6.25,8.25,9.75,10.1,305.6
2014-12-01,7.0507,276.10246,1.6,2.6,6.25,8.25,9.75,10.1,305.6
2014-11-30,7.1307,269.423,1.6,2.6,6.25,8.25,9.75,10.1,305.6
2014-11-29,7.1307,269.423,1.6,2.6,6.25,8.25,9.75,10.1,305.6
2014-11-28,7.1307,269.423,1.6,2.6,6.25,8.25,9.75,10.1,305.6
2014-11-27,7.1307,274.32911,1.6,2.6,6.25,8.25,9.75,10.1,305.6
2014-11-26,7.1277,274.21369,1.6,2.6,6.25,8.25,9.75,10.1,305.6
2014-11-25,7.1316,274.47837,1.6,2.6,6.25,8.25,9.75,10.1,305.6
2014-11-24,7.1407,274.46129,1.6,2.6,6.25,8.25,9.75,10.1,305.6
2014-11-23,7.129,274.47,1.6,2.6,6.25,8.25,9.75,10.1,305.6
2014-11-22,7.129,274.47,1.6,2.6,6.25,8.25,9.75,10.1,305.6
2014-11-21,7.129,274.47,1.6,2.6,6.25,8.25,9.75,10.1,305.6
2014-11-20,7.1315,273.0071,1.6,2.6,6.25,8.25,9.75,10.1,305.6
2014-11-19,7.1313,273.66436,1.6,2.6,6.25,8.25,9.75,10.1,305.6
2014-11-18,7.1286,274.27124,1.6,2.6,6.25,8.25,9.75,10.1,305.6
2014-11-17,6.9876,265.7685,1.6,2.6,6.25,8.25,9.75,10.1,305.6
2014-11-16,7.1305,271.66211,1.6,2.6,6.25,8.25,9.75,10.1,305.6
2014-11-15,7.1305,271.66211,1.6,2.6,6.25,8.25,9.75,10.1,305.6
2014-11-14,7.1305,271.66211,1.6,2.6,6.25,8.25,9.75,10.1,305.6
2014-11-13,7.129,266.12703,1.6,2.6,6.25,8.25,9.75,10.1,305.6
2014-11-12,7.1279,265.5818,1.6,2.6,6.25,8.25,9.75,10.1,305.6
2014-11-11,7.1269,266.43818,1.6,2.6,6.25,8.25,9.75,10.1,305.6
2014-11-10,6.9917,260.66441,1.6,2.6,6.25,8.25,9.75,10.1,305.6
2014-11-09,7.1299,268.10908,1.6,2.6,6.25,8.25,9.75,10.1,305.6
2014-11-08,7.1299,268.10908,1.6,2.6,6.25,8.25,9.75,10.1,305.6
2014-11-07,7.1299,268.10908,1.6,2.6,6.25,8.25,9.75,10.1,305.6
2014-11-06,7.1283,261.79233,1.6,2.6,6.25,8.25,9.75,10.1,305.6
2014-11-05,7.1305,262.58378,1.6,2.6,6.25,8.25,9.75,10.1,305.6
2014-11-04,7.127,267.49593,1.6,2.6,6.25,8.25,9.75,10.1,305.6
2014-11-03,7.0754,266.0142,1.6,2.6,6.25,8.25,9.75,10.1,305.6
2014-11-02,7.129,268.41905,1.6,2.6,6.25,8.25,9.75,10.1,305.6
2014-11-01,7.129,268.41905,1.6,2.6,6.25,8.25,9.75,10.1,305.6
2014-10-31,7.129,268.41905,1.6,2.6,6.25,8.25,9.75,10.1,305.6
2014-10-30,7.1345,274.81937,1.6,2.6,6.25,8.25,9.75,10.1,305.6
2014-10-29,7.1301,280.65592,1.6,2.6,6.25,8.25,9.75,10.1,305.6
2014-10-28,7.1299,281.77127,1.6,2.6,6.25,8.25,9.75,10.1,305.6
2014-10-27,7.019,277.36598,1.6,2.6,6.25,8.25,9.75,10.1,305.6
2014-10-26,7.1298,282.22577,1.6,2.6,6.25,8.25,9.75,10.1,305.6
2014-10-25,7.1298,282.22577,1.6,2.6,6.25,8.25,9.75,10.1,305.6
2014-10-24,7.1298,282.22577,1.6,2.6,6.25,8.25,9.75,10.1,305.6
2014-10-23,7.1329,281.72932,1.6,2.6,6.25,8.25,9.75,10.1,305.6
2014-10-22,7.1283,285.28328,1.6,2.6,6.25,8.25,9.75,10.1,305.6
2014-10-21,7.1316,286.8369,1.6,2.6,6.25,8.25,9.75,10.1,305.6
2014-10-20,7.1364,285.42389,1.6,2.6,6.25,8.25,9.75,10.1,305.6
2014-10-19,7.1348,284.05238,1.6,2.6,6.25,8.25,9.75,10.1,305.6
2014-10-18,7.1348,284.05238,1.6,2.6,6.25,8.25,9.75,10.1,305.6
2014-10-17,7.1348,284.05238,1.6,2.6,6.25,8.25,9.75,10.1,305.6
2014-10-16,7.1302,284.37356,1.6,2.6,6.25,8.25,9.75,10.1,305.6
2014-10-15,7.1309,285.22682,1.6,2.6,6.25,8.25,9.75,10.1,305.6
2014-10-14,7.1384,283.11702,1.6,2.6,6.25,8.25,9.75,10.1,305.6
2014-10-13,7.0475,278.53754,1.6,2.6,6.25,8.25,9.75,10.1,305.6
2014-10-12,7.131,279.93477,1.6,2.6,6.25,8.25,9.75,10.1,305.6
2014-10-11,7.131,279.93477,1.6,2.6,6.25,8.25,9.75,10.1,305.6
2014-10-10,7.131,279.93477,1.6,2.6,6.25,8.25,9.75,10.1,305.6
2014-10-09,7.1306,280.74437,1.6,2.6,6.25,8.25,9.75,10.1,305.6
2014-10-08,7.1374,276.5833,1.6,2.6,6.25,8.25,9.75,10.1,305.6
2014-10-07,7.1343,277.93114,1.6,2.6,6.25,8.25,9.75,10.1,305.6
2014-10-06,7.0908,275.09662,1.6,2.6,6.25,8.25,9.75,10.1,305.6
2014-10-05,7.1305,273.3127,1.6,2.6,6.25,8.25,9.75,10.1,305.6
2014-10-04,7.1305,273.3127,1.6,2.6,6.25,8.25,9.75,10.1,305.6
2014-10-03,7.1305,273.3127,1.6,2.6,6.25,8.25,9.75,10.1,305.6
2014-10-02,7.1304,278.35233,1.6,2.6,6.25,8.25,9.75,10.1,305.6
2014-10-01,7.1314,278.48308,1.6,2.6,6.25,8.25,9.75,10.1,305.6
2014-09-30,7.1299,277.48465,1.6,2.6,6.25,8.25,9.75,10.1,305.6
2014-09-29,7.0719,276.81895,1.6,2.6,6.25,8.25,9.75,10.1,305.6
2014-09-28,7.1318,278.38405,1.6,2.6,6.25,8.25,9.75,10.1,305.6
2014-09-27,7.1318,278.38405,1.6,2.6,6.25,8.25,9.75,10.1,305.6
2014-09-26,7.1318,278.38405,1.6,2.6,6.25,8.25,9.75,10.1,305.6
2014-09-25,7.1294,279.91778,1.6,2.6,6.25,8.25,9.75,10.1,305.6
2014-09-24,7.1268,279.21997,1.6,2.6,6.25,8.25,9.75,10.1,305.6
2014-09-23,7.1307,279.92299,1.6,2.6,6.25,8.25,9.75,10.1,305.6
2014-09-22,7.0459,275.64265,1.6,2.6,6.25,8.25,9.75,10.1,305.6
2014-09-21,7.1315,278.64748,1.6,2.6,6.25,8.25,9.75,10.1,305.6
2014-09-20,7.1315,278.64748,1.6,2.6,6.25,8.25,9.75,10.1,305.6
2014-09-19,7.1315,278.64748,1.6,2.6,6.25,8.25,9.75,10.1,305.6
2014-09-18,7.127,280.85467,1.6,2.6,6.25,8.25,9.75,10.1,305.6
2014-09-17,7.1294,282.94344,1.6,2.6,6.25,8.25,9.75,10.1,305.6
2014-09-16,7.1312,283.19828,1.6,2.6,6.25,8.25,9.75,10.1,305.6
2014-09-15,7.0174,278.31801,1.6,2.6,6.25,8.25,9.75,10.1,305.6
2014-09-14,7.1316,281.99897,1.6,2.6,6.25,8.25,9.75,10.1,305.6
2014-09-13,7.1316,281.99897,1.6,2.6,6.25,8.25,9.75,10.1,305.6
2014-09-12,7.1316,281.99897,1.6,2.6,6.25,8.25,9.75,10.1,305.6
2014-09-11,7.1328,283.76636,1.6,2.6,6.25,8.25,9.75,10.1,305.6
2014-09-10,7.1311,285.09727,1.6,2.6,6.25,8.25,9.75,10.1,305.6
2014-09-09,7.1334,285.94606,1.6,2.6,6.25,8.25,9.75,10.1,305.6
2014-09-08,7.131,287.20251,1.6,2.6,6.25,8.25,9.75,10.1,305.6
2014-09-07,7.1295,290.14488,1.6,2.6,6.25,8.25,9.75,10.1,305.6
2014-09-06,7.1295,290.14488,1.6,2.6,6.25,8.25,9.75,10.1,305.6
2014-09-05,7.1295,290.14488,1.6,2.6,6.25,8.25,9.75,10.1,305.6
2014-09-04,7.1331,290.13084,1.6,2.6,6.25,8.25,9.75,10.1,305.6
2014-09-03,7.1312,290.9248,1.6,2.6,6.25,8.25,9.75,10.1,305.6
2014-09-02,7.1297,289.67164,1.6,2.6,6.25,8.25,9.75,10.1,305.6
2014-09-01,7.0688,292.21995,1.6,2.6,6.25,8.25,9.75,10.1,305.6
2014-08-31,7.1321,294.83674,1.6,2.6,6.25,8.25,9.75,10.1,305.6
2014-08-30,7.1321,294.83674,1.6,2.6,6.25,8.25,9.75,10.1,305.6
2014-08-29,7.1321,294.83674,1.6,2.6,6.25,8.25,9.75,10.1,305.6
2014-08-28,7.1312,295.4644,1.6,2.6,6.25,8.25,9.75,10.1,305.6
2014-08-27,7.1317,293.92597,1.6,2.6,6.25,8.25,9.75,10.1,305.6
2014-08-26,7.1317,294.36163,1.6,2.6,6.25,8.25,9.75,10.1,305.6
2014-08-25,7.1567,293.8979,1.6,2.6,6.25,8.25,9.75,10.1,305.6
2014-08-24,7.1328,293.21453,1.6,2.6,6.25,8.25,9.75,10.1,305.6
2014-08-23,7.1328,293.21453,1.6,2.6,6.25,8.25,9.75,10.1,305.6
2014-08-22,7.1328,293.21453,1.6,2.6,6.25,8.25,9.75,10.1,305.6
2014-08-21,7.1309,292.01302,1.6,2.6,6.25,8.25,9.75,10.1,305.6
2014-08-20,7.1309,296.52953,1.6,2.6,6.25,8.25,9.75,10.1,305.6
2014-08-19,7.133,297.0067,1.6,2.6,6.25,8.25,9.75,10.1,305.6
2014-08-18,7.1301,297.48196,1.6,2.6,6.25,8.25,9.75,10.1,305.6
2014-08-17,7.1324,299.13726,1.6,2.6,6.25,8.25,9.75,10.1,305.6
2014-08-16,7.1324,299.13726,1.6,2.6,6.25,8.25,9.75,10.1,305.6
2014-08-15,7.1324,299.13726,1.6,2.6,6.25,8.25,9.75,10.1,305.6
2014-08-14,7.131,301.23366,1.6,2.6,6.25,8.25,9.75,10.1,305.6
2014-08-13,7.1325,301.04479,1.6,2.6,6.25,8.25,9.75,10.1,305.6
2014-08-12,7.1316,300.08965,1.6,2.6,6.25,8.25,9.75,10.1,305.6
2014-08-11,7.1351,300.16809,1.6,2.6,6.25,8.25,9.75,10.1,305.6
2014-08-10,7.1325,300.15045,1.6,2.6,6.25,8.25,9.75,10.1,305.6
2014-08-09,7.1325,300.15045,1.6,2.6,6.25,8.25,9.75,10.1,305.6
2014-08-08,7.1325,300.15045,1.6,2.6,6.25,8.25,9.75,10.1,305.6
2014-08-07,7.1312,300.53136,1.6,2.6,6.25,8.25,9.75,10.1,305.6
2014-08-06,7.1301,299.5451,1.6,2.6,6.25,8.25,9.75,10.1,305.6
2014-08-05,7.1316,294.40334,1.6,2.6,6.25,8.25,9.75,10.1,305.6
2014-08-04,7.1314,295.24342,1.6,2.6,6.25,8.25,9.75,10.1,305.6
2014-08-03,7.1312,296.58784,1.6,2.6,6.25,8.25,9.75,10.1,305.6
2014-08-02,7.1312,296.58784,1.6,2.6,6.25,8.25,9.75,10.1,305.6
2014-08-01,7.1312,296.58784,1.6,2.6,6.25,8.25,9.75,10.1,305.6
2014-07-31,7.1312,293.7678,1.6,2.6,6.25,8.25,9.75,10.1,305.6
2014-07-30,7.131,296.87759,1.6,2.6,6.25,8.25,9.75,10.1,305.6
2014-07-29,7.131,297.6571,1.6,2.6,6.25,8.25,9.75,10.1,305.6
2014-07-28,7.1325,298.8663,1.6,2.6,6.25,8.25,9.75,10.1,305.6
2014-07-27,7.132,298.79946,1.6,2.6,6.25,8.25,9.75,10.1,305.6
2014-07-26,7.132,298.79946,1.6,2.6,6.25,8.25,9.75,10.1,305.6
2014-07-25,7.132,298.79946,1.6,2.6,6.25,8.25,9.75,10.1,305.6
2014-07-24,7.1301,295.85438,1.6,2.6,6.25,8.25,9.75,10.1,305.6
2014-07-23,7.1301,299.04079,1.6,2.6,6.25,8.25,9.75,10.1,305.6
2014-07-22,7.1322,299.49575,1.6,2.6,6.25,8.25,9.75,10.1,305.6
2014-07-21,7.0353,297.14575,1.6,2.6,6.25,8.25,9.75,10.1,305.6
2014-07-20,7.1287,300.05927,1.6,2.6,6.25,8.25,9.75,10.1,305.6
2014-07-19,7.1287,300.05927,1.6,2.6,6.25,8.25,9.75,10.1,305.6
2014-07-18,7.1287,300.05927,1.6,2.6,6.25,8.25,9.75,10.1,305.6
2014-07-17,7.1318,301.90946,1.6,2.6,6.25,8.25,9.75,10.1,305.6
2014-07-16,7.1314,297.97185,1.6,2.6,6.25,8.25,9.75,10.1,305.6
2014-07-15,7.1317,297.36531,1.6,2.6,6.25,8.25,9.75,10.1,305.6
2014-07-14,7.1354,299.67602,1.6,2.6,6.25,8.25,9.75,10.1,305.6
2014-07-13,7.1304,306.50393,1.6,2.6,6.25,8.25,9.75,10.1,305.6
2014-07-12,7.1304,306.50393,1.6,2.6,6.25,8.25,9.75,10.1,305.6
2014-07-11,7.1304,306.50393,1.6,2.6,6.25,8.25,9.75,10.1,305.6
2014-07-10,7.1317,306.94959,1.6,2.6,6.25,8.25,9.75,10.1,305.6
2014-07-09,7.1315,303.52468,1.6,2.6,6.25,8.25,9.75,10.1,305.6
2014-07-08,7.133,301.79973,1.6,2.6,6.25,8.25,9.75,10.1,305.6
2014-07-07,7.1355,302.02021,1.6,2.6,6.25,8.25,9.75,10.1,305.6
2014-07-06,7.132,302.76634,1.6,2.6,6.25,8.25,9.75,10.1,305.6
2014-07-05,7.132,302.76634,1.6,2.6,6.25,8.25,9.75,10.1,305.6
2014-07-04,7.132,302.76634,0.9,1.85,2.75,8.25,9.75,10.1,305.6
2014-07-03,7.134,302.85124,0.9,1.85,2.75,8.25,9.75,10.1,305.6
2014-07-02,7.1301,305.04681,0.9,1.85,2.75,8.25,9.75,10.1,305.6
2014-07-01,7.1327,304.17199,0.9,1.85,2.75,8.25,9.75,10.1,305.6
2014-06-30,7.1338,303.16386,0.9,1.85,2.75,8.25,9.75,10.1,305.6
2014-06-29,7.1314,302.41988,0.9,1.85,2.75,8.25,9.75,10.1,305.6
2014-06-28,7.1314,302.41988,0.9,1.85,2.75,8.25,9.75,10.1,305.6
2014-06-27,7.1314,302.41988,0.9,1.85,2.75,8.25,9.75,10.1,305.6
2014-06-26,7.1316,301.76342,0.9,1.85,2.75,8.25,9.75,10.1,305.6
2014-06-25,7.1332,303.23008,0.9,1.85,2.75,8.25,9.75,10.1,305.6
2014-06-24,7.1301,302.80029,0.9,1.85,2.75,8.25,9.75,10.1,305.6
2014-06-23,7.1352,302.35162,0.9,1.85,2.75,8.25,9.75,10.1,305.6
2014-06-22,7.1309,301.75672,0.9,1.85,2.75,8.25,9.75,10.1,305.6
2014-06-21,7.1309,301.75672,0.9,1.85,2.75,8.25,9.75,10.1,305.6
2014-06-20,7.1309,301.75672,0.9,1.85,2.75,8.25,9.75,10.1,305.6
2014-06-19,7.1322,301.23846,0.9,1.85,2.75,8.25,9.75,10.1,305.6
2014-06-18,7.1312,291.72726,0.9,1.85,2.75,8.25,9.75,10.1,305.6
2014-06-17,7.131,291.55858,0.9,1.85,2.75,8.25,9.75,10.1,305.6
2014-06-16,7.1343,292.42753,0.9,1.85,2.75,8.25,9.75,10.1,305.6
2014-06-15,7.1302,291.98435,0.9,1.85,2.75,8.25,9.75,10.1,305.6
2014-06-14,7.1302,291.98435,0.9,1.85,2.75,8.25,9.75,10.1,305.6
2014-06-13,7.1302,291.98435,0.9,1.85,2.75,8.25,9.75,10.1,305.6
2014-06-12,7.1308,291.986,0.9,1.85,2.75,8.25,9.75,10.1,305.6
2014-06-11,7.1314,289.07581,0.9,1.85,2.75,8.25,9.75,10.1,305.6
2014-06-10,7.1302,288.79792,0.9,1.85,2.75,8.25,9.75,10.1,305.6
2014-06-09,7.1331,287.47057,0.9,1.85,2.75,8.25,9.75,10.1,305.6
2014-06-08,7.132,287.10521,0.9,1.85,2.75,8.25,9.75,10.1,305.6
2014-06-07,7.132,287.10521,0.9,1.85,2.75,8.25,9.75,10.1,305.6
2014-06-06,7.132,287.10521,0.9,1.85,2.75,8.25,9.75,10.1,305.6
2014-06-05,7.1314,287.28742,0.9,1.85,2.75,8.25,9.75,10.1,305.6
2014-06-04,7.1309,285.2039,0.9,1.85,2.75,8.25,9.75,10.1,305.6
2014-06-03,7.1223,284.92866,0.9,1.85,2.75,8.25,9.75,10.1,305.6
2014-06-02,7.1363,285.35104,0.9,1.85,2.75,8.25,9.75,10.1,305.6
2014-06-01,7.1318,285.60677,0.9,1.85,2.75,8.25,9.75,10.1,305.6
2014-05-31,7.1318,285.60677,0.9,1.85,2.75,8.25,9.75,10.1,305.6
2014-05-30,7.1318,285.60677,0.9,1.85,2.75,8.25,9.75,10.1,305.6
2014-05-29,7.1304,288.00367,0.9,1.85,2.75,8.25,9.75,10.1,305.6
2014-05-28,7.1271,288.55779,0.9,1.85,2.75,8.25,9.75,10.1,305.6
2014-05-27,7.1264,289.92707,0.9,1.85,2.75,8.25,9.75,10.1,305.6
2014-05-26,7.1143,295.42751,0.9,1.85,2.75,8.25,9.75,10.1,305.6
2014-05-25,7.1153,295.46905,0.9,1.85,2.75,8.25,9.75,10.1,305.6
2014-05-24,7.1153,295.46905,0.9,1.85,2.75,8.25,9.75,10.1,305.6
2014-05-23,7.1153,295.46905,0.9,1.85,2.75,8.25,9.75,10.1,305.6
2014-05-22,7.1085,295.94087,0.9,1.85,2.75,8.25,9.75,10.1,305.6
2014-05-21,7.0972,293.89598,0.9,1.85,2.75,8.25,9.75,10.1,305.6
2014-05-20,7.0968,295.3625,0.9,1.85,2.75,8.25,9.75,10.1,305.6
2014-05-19,6.9982,291.07885,0.9,1.85,2.75,8.25,9.75,10.1,305.6
2014-05-18,7.0939,294.96814,0.9,1.85,2.75,8.25,9.75,10.1,305.6
2014-05-17,7.0939,294.96814,0.9,1.85,2.75,8.25,9.75,10.1,305.6
2014-05-16,7.0939,294.96814,0.9,1.85,2.75,8.25,9.75,10.1,305.6
2014-05-15,7.0864,294.70183,0.9,1.85,2.75,8.25,9.75,10.1,305.6
2014-05-14,7.0363,295.37823,0.9,1.85,2.75,8.25,9.75,10.1,305.6
2014-05-13,7.0367,292.8838,0.9,1.85,2.75,8.25,9.75,10.1,305.6
2014-05-12,7.0268,292.69767,0.9,1.85,2.75,8.25,9.75,10.1,305.6
2014-05-11,7.0266,290.81429,0.9,1.85,2.75,8.25,9.75,10.1,305.6
2014-05-10,7.0266,290.81429,0.9,1.85,2.75,8.25,9.75,10.1,305.6
2014-05-09,7.0266,290.81429,0.9,1.85,2.75,8.25,9.75,10.1,305.6
2014-05-08,7.0119,290.22844,0.9,1.85,2.75,8.25,9.75,10.1,305.6
2014-05-07,6.9962,289.84851,0.9,1.85,2.75,8.25,9.75,10.1,305.6
2014-05-06,6.9975,294.33438,0.9,1.85,2.75,8.25,9.75,10.1,305.6
2014-05-05,6.9897,294.16359,0.9,1.85,2.75,8.25,9.75,10.1,305.6
2014-05-04,6.9891,292.70023,0.9,1.85,2.75,8.25,9.75,10.1,305.6
2014-05-03,6.9891,292.70023,0.9,1.85,2.75,8.25,9.75,10.1,305.6
2014-05-02,6.9891,292.70023,0.9,1.85,2.75,8.25,9.75,10.1,305.6
2014-05-01,6.9894,288.33086,0.9,1.85,2.75,8.25,9.75,10.1,305.6
2014-04-30,6.9812,290.79823,0.9,1.85,2.75,8.25,9.75,10.1,305.6
2014-04-29,6.9828,290.95468,0.9,1.85,2.75,8.25,9.75,10.1,305.6
2014-04-28,6.9745,291.25913,0.9,1.85,2.75,8.25,9.75,10.1,305.6
2014-04-27,6.9782,291.81746,0.9,1.85,2.75,8.25,9.75,10.1,305.6
2014-04-26,6.9782,291.81746,0.9,1.85,2.75,8.25,9.75,10.1,305.6
2014-04-25,6.9782,291.81746,0.9,1.85,2.75,8.25,9.75,10.1,305.6
2014-04-24,6.9784,289.53737,0.9,1.85,2.75,8.25,9.75,10.1,305.6
2014-04-23,6.9725,287.88027,0.9,1.85,2.75,8.25,9.75,10.1,305.6
2014-04-22,6.9846,287.57145,0.9,1.85,2.75,8.25,9.75,10.1,305.6
2014-04-21,6.9008,285.76304,0.9,1.85,2.75,8.25,9.75,10.1,305.6
2014-04-20,6.9747,290.03415,0.9,1.85,2.75,8.25,9.75,10.1,305.6
2014-04-19,6.9747,290.03415,0.9,1.85,2.75,8.25,9.75,10.1,305.6
2014-04-18,6.9747,290.03415,0.9,1.85,2.75,8.25,9.75,10.1,305.6
2014-04-17,6.9661,289.67654,0.9,1.85,2.75,8.25,9.75,10.1,305.6
2014-04-16,6.9624,291.69396,0.9,1.85,2.75,8.25,9.75,10.1,305.6
2014-04-15,6.9621,290.98751,0.9,1.85,2.75,8.25,9.75,10.1,305.6
2014-04-14,6.9757,297.65617,0.9,1.85,2.75,8.25,9.75,10.1,305.6
2014-04-13,6.9581,295.00365,0.9,1.85,2.75,8.25,9.75,10.1,305.6
2014-04-12,6.9581,295.00365,0.9,1.85,2.75,8.25,9.75,10.1,305.6
2014-04-11,6.9581,295.00365,0.9,1.85,2.75,8.25,9.75,10.1,305.6
2014-04-10,6.9571,295.2744,0.9,1.85,2.75,8.25,9.75,10.1,305.6
2014-04-09,6.9568,291.99615,0.9,1.85,2.75,8.25,9.75,10.1,305.6
2014-04-08,6.9577,292.74973,0.9,1.85,2.75,8.25,9.75,10.1,305.6
2014-04-07,6.9515,290.09748,0.9,1.85,2.75,8.25,9.75,10.1,305.6
2014-04-06,6.9534,291.33926,0.9,1.85,2.75,8.25,9.75,10.1,305.6
2014-04-05,6.9534,291.33926,0.9,1.85,2.75,8.25,9.75,10.1,305.6
2014-04-04,6.9534,291.33926,0.9,1.85,2.75,8.25,9.75,10.1,305.6
2014-04-03,6.9535,287.14052,0.9,1.85,2.75,8.25,9.75,10.1,305.6
2014-04-02,6.9503,288.37148,0.9,1.85,2.75,8.25,9.75,10.1,305.6
2014-04-01,6.9501,285.92756,0.9,1.85,2.75,8.25,9.75,10.1,305.6
2014-03-31,6.8488,282.59682,0.9,1.85,2.75,8.25,9.75,10.1,305.6
2014-03-30,6.9498,289.0881,0.9,1.85,2.75,8.25,9.75,10.1,305.6
2014-03-29,6.9498,289.0881,0.9,1.85,2.75,8.25,9.75,10.1,305.6
2014-03-28,6.9498,289.0881,0.9,1.85,2.75,8.25,9.75,10.1,305.6
2014-03-27,6.9475,289.19344,0.9,1.85,2.75,8.25,9.75,10.1,305.6
2014-03-26,6.9443,291.00265,0.9,1.85,2.75,8.25,9.75,10.1,305.6
2014-03-25,6.9428,292.72552,0.9,1.85,2.75,8.25,9.75,10.1,305.6
2014-03-24,6.9416,292.63026,0.9,1.85,2.75,8.25,9.75,10.1,305.6
2014-03-23,6.9407,298.12643,0.9,1.85,2.75,8.25,9.75,10.1,305.6
2014-03-22,6.9407,298.12643,0.9,1.85,2.75,8.25,9.75,10.1,305.6
2014-03-21,6.9407,298.12643,0.9,1.85,2.75,8.25,9.75,10.1,305.6
2014-03-20,6.945,297.08305,0.9,1.85,2.75,8.25,9.75,10.1,305.6
2014-03-19,6.9421,299.39181,0.9,1.85,2.75,8.25,9.75,10.1,305.6
2014-03-18,6.9422,303.32439,0.9,1.85,2.75,8.25,9.75,10.1,305.6
2014-03-17,6.84,301.91575,0.9,1.85,2.75,8.25,9.75,10.1,305.6
2014-03-16,6.9418,307.77058,0.9,1.85,2.75,8.25,9.75,10.1,305.6
2014-03-15,6.9418,307.77058,0.9,1.85,2.75,8.25,9.75,10.1,305.6
2014-03-14,6.9418,307.77058,0.9,1.85,2.75,8.25,9.75,10.1,305.6
2014-03-13,6.9429,306.30145,0.9,1.85,2.75,8.25,9.75,10.1,305.6
2014-03-12,6.9418,305.8289,0.9,1.85,2.75,8.25,9.75,10.1,305.6
2014-03-11,6.942,300.52576,0.9,1.85,2.75,8.25,9.75,10.1,305.6
2014-03-10,6.8653,296.07966,0.9,1.85,2.75,8.25,9.75,10.1,305.6
2014-03-09,6.943,298.69397,0.9,1.85,2.75,8.25,9.75,10.1,305.6
2014-03-08,6.943,298.69397,0.9,1.85,2.75,8.25,9.75,10.1,305.6
2014-03-07,6.943,298.69397,0.9,1.85,2.75,8.25,9.75,10.1,305.6
2014-03-06,6.942,301.68634,0.9,1.85,2.75,8.25,9.75,10.1,305.6
2014-03-05,6.941,299.07656,0.9,1.85,2.75,8.25,9.75,10.1,305.6
2014-03-04,6.942,298.58401,0.9,1.85,2.75,8.25,9.75,10.1,305.6
2014-03-03,6.86,297.7699,0.9,1.85,2.75,8.25,9.75,10.1,305.6
2014-03-02,6.9425,294.94494,0.9,1.85,2.75,8.25,9.75,10.1,305.6
2014-03-01,6.9425,294.94494,0.9,1.85,2.75,8.25,9.75,10.1,305.6
2014-02-28,6.9425,294.94494,0.9,1.85,2.75,8.25,9.75,10.1,305.6
2014-02-27,6.9438,297.27728,0.9,1.85,2.75,8.25,9.75,10.1,305.6
2014-02-26,6.9424,296.45845,0.9,1.85,2.75,8.25,9.75,10.1,305.6
2014-02-25,6.9422,299.75324,0.9,1.85,2.75,8.25,9.75,10.1,305.6
2014-02-24,6.8359,294.13041,0.9,1.85,2.75,8.25,9.75,10.1,305.6
2014-02-23,6.9424,295.49869,0.9,1.85,2.75,8.25,9.75,10.1,305.6
2014-02-22,6.9424,295.49869,0.9,1.85,2.75,8.25,9.75,10.1,305.6
2014-02-21,6.9424,295.49869,0.9,1.85,2.75,8.25,9.75,10.1,305.6
2014-02-20,6.9451,294.09522,0.9,1.85,2.75,8.25,9.75,10.1,305.6
2014-02-19,6.9429,294.78335,0.9,1.85,2.75,8.25,9.75,10.1,305.6
2014-02-18,6.9435,295.72409,0.9,1.85,2.75,8.25,9.75,10.1,305.6
2014-02-17,6.9407,294.3329,0.9,1.85,2.75,8.25,9.75,10.1,305.6
2014-02-16,6.9428,294.42195,0.9,1.85,2.75,8.25,9.75,10.1,305.6
2014-02-15,6.9428,294.42195,0.9,1.85,2.75,8.25,9.75,10.1,305.6
2014-02-14,6.9428,294.42195,0.9,1.85,2.75,8.25,9.75,10.1,305.6
2014-02-13,6.9425,290.2576,0.9,1.85,2.75,8.25,9.75,10.1,305.6
2014-02-12,6.9436,289.16507,0.9,1.85,2.75,8.25,9.75,10.1,305.6
2014-02-11,6.9444,288.03736,0.9,1.85,2.75,8.25,9.75,10.1,305.6
2014-02-10,6.9529,284.96977,0.9,1.85,2.75,8.25,9.75,10.1,305.6
2014-02-09,6.9416,281.94008,0.9,1.85,2.75,8.25,9.75,10.1,305.6
2014-02-08,6.9416,281.94008,0.9,1.85,2.75,8.25,9.75,10.1,305.6
2014-02-07,6.9416,281.94008,0.9,1.85,2.75,8.25,9.75,10.1,305.6
2014-02-06,6.9425,280.70436,0.9,1.85,2.75,8.25,9.75,10.1,305.6
2014-02-05,6.9435,280.67783,0.9,1.85,2.75,8.25,9.75,10.1,305.6
2014-02-04,6.9432,279.4156,0.9,1.85,2.75,8.25,9.75,10.1,305.6
2014-02-03,6.8822,278.88581,0.9,1.85,2.75,8.25,9.75,10.1,305.6
2014-02-02,6.9434,276.83412,0.9,1.85,2.75,8.25,9.75,10.1,305.6
2014-02-01,6.9434,276.83412,0.9,1.85,2.75,8.25,9.75,10.1,305.6
2014-01-31,6.9434,276.83412,0.9,1.85,2.75,8.25,9.75,10.1,305.6
2014-01-30,6.9449,277.36282,0.9,1.85,2.75,8.25,9.75,10.1,305.6
2014-01-29,6.9441,281.79602,0.9,1.85,2.75,8.25,9.75,10.1,305.6
2014-01-28,6.9424,279.22717,0.9,1.85,2.75,8.25,9.75,10.1,305.6
2014-01-27,6.8685,279.0373,0.9,1.85,2.75,8.25,9.75,10.1,305.6
2014-01-26,6.9449,282.34205,0.9,1.85,2.75,8.25,9.75,10.1,305.6
2014-01-25,6.9449,282.34205,0.9,1.85,2.75,8.25,9.75,10.1,305.6
2014-01-24,6.9449,282.34205,0.9,1.85,2.75,8.25,9.75,10.1,305.6
2014-01-23,6.9459,281.9584,0.9,1.85,2.75,8.25,9.75,10.1,305.6
2014-01-22,6.9454,276.66825,0.9,1.85,2.75,8.25,9.75,10.1,305.6
2014-01-21,6.9423,277.28132,0.9,1.85,2.75,8.25,9.75,10.1,305.6
2014-01-20,6.8871,277.15797,0.9,1.85,2.75,8.25,9.75,10.1,305.6
2014-01-19,6.9442,279.45584,0.9,1.85,2.75,8.25,9.75,10.1,305.6
2014-01-18,6.9442,279.45584,0.9,1.85,2.75,8.25,9.75,10.1,305.6
2014-01-17,6.9442,279.45584,0.9,1.85,2.75,8.25,9.75,10.1,305.6
2014-01-16,6.9476,276.97924,0.9,1.85,2.75,8.25,9.75,10.1,305.6
2014-01-15,6.944,276.41153,0.9,1.85,2.75,8.25,9.75,10.1,305.6
2014-01-14,6.9365,277.69639,0.9,1.85,2.75,8.25,9.75,10.1,305.6
2014-01-13,6.9396,279.09225,0.9,1.85,2.75,8.25,9.75,10.1,305.6
2014-01-12,6.9424,278.26739,0.9,1.85,2.75,8.25,9.75,10.1,305.6
2014-01-11,6.9424,278.26739,0.9,1.85,2.75,8.25,9.75,10.1,305.6
2014-01-10,6.9424,278.26739,0.9,1.85,2.75,8.25,9.75,10.1,305.6
2014-01-09,6.9411,274.3323,0.9,1.85,2.75,8.25,9.75,10.1,305.6
2014-01-08,6.9394,273.37269,0.9,1.85,2.75,8.25,9.75,10.1,305.6
2014-01-07,6.9404,274.32694,0.9,1.85,2.75,8.25,9.75,10.1,305.6
2014-01-06,6.9352,275.99438,0.9,1.85,2.75,8.25,9.75,10.1,305.6
2014-01-05,6.9391,276.28342,0.9,1.85,2.75,8.25,9.75,10.1,305.6
2014-01-04,6.9391,276.28342,0.9,1.85,2.75,8.25,9.75,10.1,305.6
2014-01-03,6.9391,276.28342,0.9,1.85,2.75,8.25,9.75,10.1,305.6
2014-01-02,6.9257,272.76618,0.9,1.85,2.75,8.25,9.75,10.1,305.6
2014-01-01,6.9374,268.07469,0.9,1.85,2.75,8.25,9.75,10.1,305.6
2013-12-31,6.9187,267.3521,0.9,1.85,2.75,8.25,9.75,10.1,288.43
2013-12-30,6.9141,267.44108,0.9,1.85,2.75,8.25,9.75,10.1,288.43
2013-12-29,6.8904,269.40425,0.9,1.85,2.75,8.25,9.75,10.1,288.43
2013-12-28,6.8904,269.40425,0.9,1.85,2.75,8.25,9.75,10.1,288.43
2013-12-27,6.8904,269.40425,0.9,1.85,2.75,8.25,9.75,10.1,288.43
2013-12-26,6.9043,269.50378,0.9,1.85,2.75,8.25,9.75,10.1,288.43
2013-12-25,6.8982,267.26962,0.9,1.85,2.75,8.25,9.75,10.1,288.43
2013-12-24,6.8881,266.8783,0.9,1.85,2.75,8.25,9.75,10.1,288.43
2013-12-23,6.7839,261.37977,0.9,1.85,2.75,8.25,9.75,10.1,288.43
2013-12-22,6.889,266.91317,0.9,1.85,2.75,8.25,9.75,10.1,288.43
2013-12-21,6.889,266.91317,0.9,1.85,2.75,8.25,9.75,10.1,288.43
2013-12-20,6.889,266.91317,0.9,1.85,2.75,8.25,9.75,10.1,288.43
2013-12-19,6.876,264.1767,0.9,1.85,2.75,8.25,9.75,10.1,288.43
2013-12-18,6.8678,272.93673,0.9,1.85,2.75,8.25,9.75,10.1,288.43
2013-12-17,6.8679,271.85873,0.9,1.85,2.75,8.25,9.75,10.1,288.43
2013-12-16,6.8673,274.99227,0.9,1.85,2.75,8.25,9.75,10.1,288.43
2013-12-15,6.8677,272.84443,0.9,1.85,2.75,8.25,9.75,10.1,288.43
2013-12-14,6.8677,272.84443,0.9,1.85,2.75,8.25,9.75,10.1,288.43
2013-12-13,6.8677,272.84443,0.9,1.85,2.75,8.25,9.75,10.1,288.43
2013-12-12,6.8698,270.78544,0.9,1.85,2.75,8.25,9.75,10.1,288.43
2013-12-11,6.8679,277.8868,0.9,1.85,2.75,8.25,9.75,10.1,288.43
2013-12-10,6.8675,278.73172,0.9,1.85,2.75,8.25,9.75,10.1,288.43
2013-12-09,6.7596,268.46286,0.9,1.85,2.75,8.25,9.75,10.1,288.43
2013-12-08,6.8703,271.75495,0.9,1.85,2.75,8.25,9.75,10.1,288.43
2013-12-07,6.8703,271.75495,0.9,1.85,2.75,8.25,9.75,10.1,288.43
2013-12-06,6.8703,271.75495,0.9,1.85,2.75,8.25,9.75,10.1,288.43
2013-12-05,6.8683,272.31621,0.9,1.85,2.75,8.25,9.75,10.1,288.43
2013-12-04,6.8691,275.66063,0.9,1.85,2.75,8.25,9.75,10.1,288.43
2013-12-03,6.8684,269.7807,0.9,1.85,2.75,8.25,9.75,10.1,288.43
2013-12-02,6.8679,269.89356,0.9,1.85,2.75,8.25,9.75,10.1,288.43
2013-12-01,6.864,275.9856,0.9,1.85,2.75,8.25,9.75,10.1,288.43
2013-11-30,6.864,275.9856,0.9,1.85,2.75,8.25,9.75,10.1,288.43
2013-11-29,6.864,275.9856,0.9,1.85,2.75,8.25,9.75,10.1,288.43
2013-11-28,6.8687,273.34793,0.9,1.85,2.75,8.25,9.75,10.1,288.43
2013-11-27,6.8691,273.36385,0.9,1.85,2.75,8.25,9.75,10.1,288.43
2013-11-26,6.8693,274.16686,0.9,1.85,2.75,8.25,9.75,10.1,288.43
2013-11-25,6.8716,274.19238,0.9,1.85,2.75,8.25,9.75,10.1,288.43
2013-11-24,6.8718,274.84107,0.9,1.85,2.75,8.25,9.75,10.1,288.43
2013-11-23,6.8718,274.84107,0.9,1.85,2.75,8.25,9.75,10.1,288.43
2013-11-22,6.8718,274.84107,0.9,1.85,2.75,8.25,9.75,10.1,288.43
2013-11-21,6.8692,274.62667,0.9,1.85,2.75,8.25,9.75,10.1,288.43
2013-11-20,6.8694,277.81499,0.9,1.85,2.75,8.25,9.75,10.1,288.43
2013-11-19,6.8703,281.2751,0.9,1.85,2.75,8.25,9.75,10.1,288.43
2013-11-18,6.7604,276.51487,0.9,1.85,2.75,8.25,9.75,10.1,288.43
2013-11-17,6.8717,284.40335,0.9,1.85,2.75,8.25,9.75,10.1,288.43
2013-11-16,6.8717,284.40335,0.9,1.85,2.75,8.25,9.75,10.1,288.43
2013-11-15,6.8717,284.40335,0.9,1.85,2.75,8.25,9.75,10.1,288.43
2013-11-14,6.871,284.13136,0.9,1.85,2.75,8.25,9.75,10.1,288.43
2013-11-13,6.8715,280.19753,0.9,1.85,2.75,8.25,9.75,10.1,288.43
2013-11-12,6.8695,280.73437,0.9,1.85,2.75,8.25,9.75,10.1,288.43
2013-11-11,6.8142,280.64334,0.9,1.85,2.75,8.25,9.75,10.1,288.43
2013-11-10,6.8708,283.74757,0.9,1.85,2.75,8.25,9.75,10.1,288.43
2013-11-09,6.8708,283.74757,0.9,1.85,2.75,8.25,9.75,10.1,288.43
2013-11-08,6.8708,283.74757,0.9,1.85,2.75,8.25,9.75,10.1,288.43
2013-11-07,6.8704,289.01029,0.9,1.85,2.75,8.25,9.75,10.1,288.43
2013-11-06,6.8715,291.11114,0.9,1.85,2.75,8.25,9.75,10.1,288.43
2013-11-05,6.8684,288.83783,0.9,1.85,2.75,8.25,9.75,10.1,288.43
2013-11-04,6.7878,286.88866,0.9,1.85,2.75,8.25,9.75,10.1,288.43
2013-11-03,6.8709,290.06957,0.9,1.85,2.75,8.25,9.75,10.1,288.43
2013-11-02,6.8709,290.06957,0.9,1.85,2.75,8.25,9.75,10.1,288.43
2013-11-01,6.8709,290.06957,0.9,1.85,2.75,8.25,9.75,10.1,288.43
2013-10-31,6.869,292.3082,0.9,1.85,2.75,8.25,9.75,10.1,288.43
2013-10-30,6.8725,298.06943,0.9,1.85,2.75,8.25,9.75,10.1,288.43
2013-10-29,6.8709,297.16059,0.9,1.85,2.75,8.25,9.75,10.1,288.43
2013-10-28,6.7778,294.6159,0.9,1.85,2.75,8.25,9.75,10.1,288.43
2013-10-27,6.8699,298.70764,0.9,1.85,2.75,8.25,9.75,10.1,288.43
2013-10-26,6.8699,298.70764,0.9,1.85,2.75,8.25,9.75,10.1,288.43
2013-10-25,6.8699,298.70764,0.9,1.85,2.75,8.25,9.75,10.1,288.43
2013-10-24,6.8708,298.26077,0.9,1.85,2.75,8.25,9.75,10.1,288.43
2013-10-23,6.8723,294.72443,0.9,1.85,2.75,8.25,9.75,10.1,288.43
2013-10-22,6.8707,296.55552,0.9,1.85,2.75,8.25,9.75,10.1,288.43
2013-10-21,6.7884,287.15411,0.9,1.85,2.75,8.25,9.75,10.1,288.43
2013-10-20,6.8742,290.4962,0.9,1.85,2.75,8.25,9.75,10.1,288.43
2013-10-19,6.8742,290.4962,0.9,1.85,2.75,8.25,9.75,10.1,288.43
2013-10-18,6.8742,290.4962,0.9,1.85,2.75,8.25,9.75,10.1,288.43
2013-10-17,6.873,292.27955,0.9,1.85,2.75,8.25,9.75,10.1,288.43
2013-10-16,6.873,283.286,0.9,1.85,2.75,8.25,9.75,10.1,288.43
2013-10-15,6.8698,281.16628,0.9,1.85,2.75,8.25,9.75,10.1,288.43
2013-10-14,6.7858,278.47012,0.9,1.85,2.75,8.25,9.75,10.1,288.43
2013-10-13,6.8702,280.07825,0.9,1.85,2.75,8.25,9.75,10.1,288.43
2013-10-12,6.8702,280.07825,0.9,1.85,2.75,8.25,9.75,10.1,288.43
2013-10-11,6.8702,280.07825,0.9,1.85,2.75,8.25,9.75,10.1,288.43
2013-10-10,6.8698,286.37879,0.9,1.85,2.75,8.25,9.75,10.1,288.43
2013-10-09,6.8728,288.77979,0.9,1.85,2.75,8.25,9.75,10.1,288.43
2013-10-08,6.7938,289.23914,0.9,1.85,2.75,8.25,9.75,10.1,288.43
2013-10-07,6.7938,289.37021,0.9,1.85,2.75,8.25,9.75,10.1,288.43
2013-10-06,6.8736,289.43217,0.9,1.85,2.75,8.25,9.75,10.1,288.43
2013-10-05,6.8736,289.43217,0.9,1.85,2.75,8.25,9.75,10.1,288.43
2013-10-04,6.8736,289.43217,0.9,1.85,2.75,8.25,9.75,10.1,288.43
2013-10-03,6.8718,291.05758,0.9,1.85,2.75,8.25,9.75,10.1,288.43
2013-10-02,6.8713,291.74334,0.9,1.85,2.75,8.25,9.75,10.1,288.43
2013-10-01,6.8723,284.14095,0.9,1.85,2.75,8.25,9.75,10.1,288.43
2013-09-30,6.7856,289.39183,0.9,1.85,2.75,8.25,9.75,10.1,288.43
2013-09-29,6.8743,295.80476,0.9,1.85,2.75,8.25,9.75,10.1,288.43
2013-09-28,6.8743,295.80476,0.9,1.85,2.75,8.25,9.75,10.1,288.43
2013-09-27,6.8743,295.80476,0.9,1.85,2.75,8.25,9.75,10.1,288.43
2013-09-26,6.875,292.56353,0.9,1.85,2.75,8.25,9.75,10.1,288.43
2013-09-25,6.8738,295.23074,0.9,1.85,2.75,8.25,9.75,10.1,288.43
2013-09-24,6.8731,290.80326,0.9,1.85,2.75,8.25,9.75,10.1,288.43
2013-09-23,6.7836,289.39376,0.9,1.85,2.75,8.25,9.75,10.1,288.43
2013-09-22,6.8735,294.46649,0.9,1.85,2.75,8.25,9.75,10.1,288.43
2013-09-21,6.8735,294.46649,0.9,1.85,2.75,8.25,9.75,10.1,288.43
2013-09-20,6.8735,294.46649,0.9,1.85,2.75,8.25,9.75,10.1,288.43
2013-09-19,6.8787,302.84989,0.9,1.85,2.75,8.25,9.75,10.1,288.43
2013-09-18,6.8743,289.04174,0.9,1.85,2.75,8.25,9.75,10.1,288.43
2013-09-17,6.8751,289.45114,0.9,1.85,2.75,8.25,9.75,10.1,288.43
2013-09-16,6.745,285.79535,0.9,1.85,2.75,8.25,9.75,10.1,288.43
2013-09-15,6.8744,289.17856,0.9,1.85,2.75,8.25,9.75,10.1,288.43
2013-09-14,6.8744,289.17856,0.9,1.85,2.75,8.25,9.75,10.1,288.43
2013-09-13,6.8744,289.17856,0.9,1.85,2.75,8.25,9.75,10.1,288.43
2013-09-12,6.876,294.10936,0.9,1.85,2.75,8.25,9.75,10.1,288.43
2013-09-11,6.876,301.51515,0.9,1.85,2.75,8.25,9.75,10.1,288.43
2013-09-10,6.8749,301.51111,0.9,1.85,2.75,8.25,9.75,10.1,288.43
2013-09-09,6.8915,307.26872,0.9,1.85,2.75,8.25,9.75,10.1,288.43
2013-09-08,6.8875,307.0682,0.9,1.85,2.75,8.25,9.75,10.1,288.43
2013-09-07,6.8875,307.0682,0.9,1.85,2.75,8.25,9.75,10.1,288.43
2013-09-06,6.8875,307.0682,0.9,1.85,2.75,8.25,9.75,10.1,288.43
2013-09-05,6.8864,304.0081,0.9,1.85,2.75,8.25,9.75,10.1,288.43
2013-09-04,6.9658,311.27575,0.9,1.85,2.75,8.25,9.75,10.1,288.43
2013-09-03,6.9665,316.25694,0.9,1.85,2.75,8.25,9.75,10.1,288.43
2013-09-02,6.8888,309.20809,0.9,1.85,2.75,8.25,9.75,10.1,288.43
2013-09-01,6.9702,312.86177,0.9,1.85,2.75,8.25,9.75,10.1,288.43
2013-08-31,6.9702,312.86177,0.9,1.85,2.75,8.25,9.75,10.1,288.43
2013-08-30,6.9702,312.86177,0.9,1.85,2.75,8.25,9.75,10.1,288.43
2013-08-29,6.9694,316.59027,0.9,1.85,2.75,8.25,9.75,10.1,288.43
2013-08-28,6.9579,317.43245,0.9,1.85,2.75,8.25,9.75,10.1,288.43
2013-08-27,6.9664,318.17859,0.9,1.85,2.75,8.25,9.75,10.1,288.43
2013-08-26,6.964,311.88941,0.9,1.85,2.75,8.25,9.75,10.1,288.43
2013-08-25,6.9677,312.65994,0.9,1.85,2.75,8.25,9.75,10.1,288.43
2013-08-24,6.9677,312.65994,0.9,1.85,2.75,8.25,9.75,10.1,288.43
2013-08-23,6.9677,312.65994,0.9,1.85,2.75,8.25,9.75,10.1,288.43
2013-08-22,6.9726,307.38755,0.9,1.85,2.75,8.25,9.75,10.1,288.43
2013-08-21,6.9681,307.05476,0.9,1.85,2.75,8.25,9.75,10.1,288.43
2013-08-20,6.9697,307.68546,0.9,1.85,2.75,8.25,9.75,10.1,288.43
2013-08-19,6.8809,302.23882,0.9,1.85,2.75,8.25,9.75,10.1,288.43
2013-08-18,6.9679,307.29236,0.9,1.85,2.75,8.25,9.75,10.1,288.43
2013-08-17,6.9679,307.29236,0.9,1.85,2.75,8.25,9.75,10.1,288.43
2013-08-16,6.9679,307.29236,0.9,1.85,2.75,8.25,9.75,10.1,288.43
2013-08-15,6.9714,305.18295,0.9,1.85,2.75,8.25,9.75,10.1,288.43
2013-08-14,6.9705,298.95822,0.9,1.85,2.75,8.25,9.75,10.1,288.43
2013-08-13,6.9701,296.07265,0.9,1.85,2.75,8.25,9.75,10.1,288.43
2013-08-12,6.9675,298.98636,0.9,1.85,2.75,8.25,9.75,10.1,288.43
2013-08-11,6.9663,294.05229,0.9,1.85,2.75,8.25,9.75,10.1,288.43
2013-08-10,6.9663,294.05229,0.9,1.85,2.75,8.25,9.75,10.1,288.43
2013-08-09,6.9663,294.05229,0.9,1.85,2.75,8.25,9.75,10.1,288.43
2013-08-08,6.9695,293.69439,0.9,1.85,2.75,8.25,9.75,10.1,288.43
2013-08-07,6.979,288.57498,0.9,1.85,2.75,8.25,9.75,10.1,288.43
2013-08-06,6.9747,287.74687,0.9,1.85,2.75,8.25,9.75,10.1,288.43
2013-08-05,6.9746,292.09297,0.9,1.85,2.75,8.25,9.75,10.1,288.43
2013-08-04,6.9721,293.78153,0.9,1.85,2.75,8.25,9.75,10.1,288.43
2013-08-03,6.9721,293.78153,0.9,1.85,2.75,8.25,9.75,10.1,288.43
2013-08-02,6.9721,293.78153,0.9,1.85,2.75,8.25,9.75,10.1,288.43
2013-08-01,6.9804,294.22105,0.9,1.85,2.75,8.25,9.75,10.1,288.43
2013-07-31,6.9795,294.49727,0.9,1.85,2.75,8.25,9.75,10.1,288.43
2013-07-30,6.9827,297.23647,0.9,1.85,2.75,8.25,9.75,10.1,288.43
2013-07-29,6.8803,293.85088,0.9,1.85,2.75,8.25,9.75,10.1,288.43
2013-07-28,6.9855,296.8391,0.9,1.85,2.75,8.25,9.75,10.1,288.43
2013-07-27,6.9855,296.8391,0.9,1.85,2.75,8.25,9.75,10.1,288.43
2013-07-26,6.9855,296.8391,0.9,1.85,2.75,8.25,9.75,10.1,288.43
2013-07-25,6.9862,298.50852,0.9,1.85,2.75,8.25,9.75,10.1,288.43
2013-07-24,6.9833,296.29659,0.9,1.85,2.75,8.25,9.75,10.1,288.43
2013-07-23,6.9843,299.79709,0.9,1.85,2.75,8.25,9.75,10.1,288.43
2013-07-22,6.8638,294.91159,0.9,1.85,2.75,8.25,9.75,10.1,288.43
2013-07-21,6.9833,290.36933,0.9,1.85,2.75,8.25,9.75,10.1,288.43
2013-07-20,6.9833,290.36933,0.9,1.85,2.75,8.25,9.75,10.1,288.43
2013-07-19,6.9833,290.36933,0.9,1.85,2.75,8.25,9.75,10.1,288.43
2013-07-18,6.9831,288.40774,0.9,1.85,2.75,8.25,9.75,10.1,288.43
2013-07-17,6.9859,287.01856,0.9,1.85,2.75,8.25,9.75,10.1,288.43
2013-07-16,6.9858,289.91177,0.9,1.85,2.75,8.25,9.75,10.1,288.43
2013-07-15,6.8742,283.73328,0.9,1.85,2.75,8.25,9.75,10.1,288.43
2013-07-14,6.9789,286.70853,0.9,1.85,2.75,8.25,9.75,10.1,288.43
2013-07-13,6.9789,286.70853,0.9,1.85,2.75,8.25,9.75,10.1,288.43
2013-07-12,6.9789,286.70853,0.9,1.85,2.75,8.25,9.75,10.1,288.43
2013-07-11,6.9835,287.4139,0.9,1.85,2.75,8.25,9.75,10.1,288.43
2013-07-10,7.0015,280.79385,0.9,1.85,2.75,8.25,9.75,10.1,288.43
2013-07-09,7.0009,280.43214,0.9,1.85,2.75,8.25,9.75,10.1,288.43
2013-07-08,7.0109,278.35326,0.9,1.85,2.75,8.25,9.75,10.1,288.43
2013-07-07,7.0107,273.38655,0.9,1.85,2.75,8.25,9.75,10.1,288.43
2013-07-06,7.0107,273.38655,0.9,1.85,2.75,8.25,9.75,10.1,288.43
2013-07-05,7.0107,273.38655,0.9,1.85,2.75,8.25,9.75,10.1,288.43
2013-07-04,7.0067,282.06115,0.9,1.85,2.75,8.25,9.75,10.1,288.43
2013-07-03,6.9992,281.75922,0.9,1.85,2.75,8.25,9.75,10.1,288.43
2013-07-02,6.9981,279.80249,0.9,1.85,2.75,8.25,9.75,10.1,288.43
2013-07-01,6.9334,279.95748,0.9,1.85,2.75,8.25,9.75,10.1,288.43
2013-06-30,7.0012,275.46961,0.9,1.85,2.75,8.25,9.75,10.1,288.43
2013-06-29,7.0012,275.46961,0.9,1.85,2.75,8.25,9.75,10.1,288.43
2013-06-28,7.0012,275.46961,0.9,1.85,2.75,8.25,9.75,10.1,288.43
2013-06-27,6.9929,272.35517,0.9,1.85,2.75,8.25,9.75,10.1,288.43
2013-06-26,6.9897,276.3205,0.9,1.85,2.75,8.25,9.75,10.1,288.43
2013-06-25,6.9867,286.35509,0.9,1.85,2.75,8.25,9.75,10.1,288.43
2013-06-24,6.9963,287.19843,0.9,1.85,2.75,8.25,9.75,10.1,288.43
2013-06-23,6.9802,289.85889,0.9,1.85,2.75,8.25,9.75,10.1,288.43
2013-06-22,6.9802,289.85889,0.9,1.85,2.75,8.25,9.75,10.1,288.43
2013-06-21,6.9802,289.85889,0.9,1.85,2.75,8.25,9.75,10.1,288.43
2013-06-20,6.9808,288.60453,0.9,1.85,2.75,8.25,9.75,10.1,288.43
2013-06-19,6.9793,308.22147,0.9,1.85,2.75,8.25,9.75,10.1,288.43
2013-06-18,6.9758,306.49696,0.9,1.85,2.75,8.25,9.75,10.1,288.43
2013-06-17,6.8653,305.21766,0.9,1.85,2.75,8.25,9.75,10.1,288.43
2013-06-16,6.9749,311.09936,0.9,1.85,2.75,8.25,9.75,10.1,288.43
2013-06-15,6.9749,311.09936,0.9,1.85,2.75,8.25,9.75,10.1,288.43
2013-06-14,6.9749,311.09936,0.9,1.85,2.75,8.25,9.75,10.1,288.43
2013-06-13,6.9699,308.70269,0.9,1.85,2.75,8.25,9.75,10.1,288.43
2013-06-12,6.9717,311.9653,0.9,1.85,2.75,8.25,9.75,10.1,288.43
2013-06-11,6.9715,308.63907,0.9,1.85,2.75,8.25,9.75,10.1,288.43
2013-06-10,6.8893,307.0377,0.9,1.85,2.75,8.25,9.75,10.1,288.43
2013-06-09,6.9715,309.98391,0.9,1.85,2.75,8.25,9.75,10.1,288.43
2013-06-08,6.9715,309.98391,0.9,1.85,2.75,8.25,9.75,10.1,288.43
2013-06-07,6.9715,309.98391,0.9,1.85,2.75,8.25,9.75,10.1,288.43
2013-06-06,6.9676,317.13572,0.9,1.85,2.75,8.25,9.75,10.1,288.43
2013-06-05,6.9691,313.32775,0.9,1.85,2.75,8.25,9.75,10.1,288.43
2013-06-04,6.9663,312.91069,0.9,1.85,2.75,8.25,9.75,10.1,288.43
2013-06-03,6.8666,311.65557,0.9,1.85,2.75,8.25,9.75,10.1,288.43
2013-06-02,6.9642,311.80879,0.9,1.85,2.75,8.25,9.75,10.1,288.43
2013-06-01,6.9642,311.80879,0.9,1.85,2.75,8.25,9.75,10.1,288.43
2013-05-31,6.9642,311.80879,0.9,1.85,2.75,8.25,9.75,10.1,288.43
2013-05-30,6.9637,316.01789,0.9,1.85,2.75,8.25,9.75,10.1,288.43
2013-05-29,6.963,311.46405,0.9,1.85,2.75,8.25,9.75,10.1,288.43
2013-05-28,6.9623,308.70183,0.9,1.85,2.75,8.25,9.75,10.1,288.43
2013-05-27,6.8776,306.64897,0.9,1.85,2.75,8.25,9.75,10.1,288.43
2013-05-26,6.9661,310.59489,0.9,1.85,2.75,8.25,9.75,10.1,288.43
2013-05-25,6.9661,310.59489,0.9,1.85,2.75,8.25,9.75,10.1,288.43
2013-05-24,6.9661,310.59489,0.9,1.85,2.75,8.25,9.75,10.1,288.43
2013-05-23,6.9667,311.78634,0.9,1.85,2.75,8.25,9.75,10.1,288.43
2013-05-22,6.9612,306.07929,0.9,1.85,2.75,8.25,9.75,10.1,288.43
2013-05-21,6.9608,308.34442,0.9,1.85,2.75,8.25,9.75,10.1,288.43
2013-05-20,6.8703,305.77126,0.9,1.85,2.75,8.25,9.75,10.1,288.43
2013-05-19,6.9574,305.30825,0.9,1.85,2.75,8.25,9.75,10.1,288.43
2013-05-18,6.9574,305.30825,0.9,1.85,2.75,8.25,9.75,10.1,288.43
2013-05-17,6.9574,305.30825,0.9,1.85,2.75,8.25,9.75,10.1,288.43
2013-05-16,6.9451,309.72552,0.9,1.85,2.75,8.25,9.75,10.1,288.43
2013-05-15,6.9458,311.85588,0.9,1.85,2.75,8.25,9.75,10.1,288.43
2013-05-14,6.9408,317.92428,0.9,1.85,2.75,8.25,9.75,10.1,288.43
2013-05-13,6.8556,316.18172,0.9,1.85,2.75,8.25,9.75,10.1,288.43
2013-05-12,6.9384,320.51355,0.9,1.85,2.75,8.25,9.75,10.1,288.43
2013-05-11,6.9384,320.51355,0.9,1.85,2.75,8.25,9.75,10.1,288.43
2013-05-10,6.9384,320.51355,0.9,1.85,2.75,8.25,9.75,10.1,288.43
2013-05-09,6.8184,321.98518,0.9,1.85,2.75,8.25,9.75,10.1,288.43
2013-05-08,6.9232,328.06934,0.9,1.85,2.75,8.25,9.75,10.1,288.43
2013-05-07,6.9234,322.53626,0.9,1.85,2.75,8.25,9.75,10.1,288.43
2013-05-06,6.8257,322.17627,0.9,1.85,2.75,8.25,9.75,10.1,288.43
2013-05-05,6.9226,325.90426,0.9,1.85,2.75,8.25,9.75,10.1,288.43
2013-05-04,6.9226,325.90426,0.9,1.85,2.75,8.25,9.75,10.1,288.43
2013-05-03,6.9226,325.90426,0.9,1.85,2.75,8.25,9.75,10.1,288.43
2013-05-02,6.9165,326.37314,0.9,1.85,2.75,8.25,9.75,10.1,288.43
2013-05-01,6.9161,321.59583,0.9,1.85,2.75,8.25,9.75,10.1,288.43
2013-04-30,6.9159,327.34541,0.9,1.85,2.75,8.25,9.75,10.1,288.43
2013-04-29,6.7901,320.34315,0.9,1.85,2.75,8.25,9.75,10.1,288.43
2013-04-28,6.9073,322.80776,0.9,1.85,2.75,8.25,9.75,10.1,288.43
2013-04-27,6.9073,322.80776,0.9,1.85,2.75,8.25,9.75,10.1,288.43
2013-04-26,6.9073,322.80776,0.9,1.85,2.75,8.25,9.75,10.1,288.43
2013-04-25,6.907,324.61469,0.9,1.85,2.75,8.25,9.75,10.1,288.43
2013-04-24,6.904,315.95009,0.9,1.85,2.75,8.25,9.75,10.1,288.43
2013-04-23,6.9003,312.49739,0.9,1.85,2.75,8.25,9.75,10.1,288.43
2013-04-22,6.8049,310.88987,0.9,1.85,2.75,8.25,9.75,10.1,288.43
2013-04-21,6.8209,305.98492,0.9,1.85,2.75,8.25,9.75,10.1,288.43
2013-04-20,6.8209,305.98492,0.9,1.85,2.75,8.25,9.75,10.1,288.43
2013-04-19,6.8209,305.98492,0.9,1.85,2.75,8.25,9.75,10.1,288.43
2013-04-18,6.8738,307.6287,0.9,1.85,2.75,8.25,9.75,10.1,288.43
2013-04-17,6.8675,305.18295,0.9,1.85,2.75,8.25,9.75,10.1,288.43
2013-04-16,6.8657,306.11837,0.9,1.85,2.75,8.25,9.75,10.1,288.43
2013-04-15,6.8601,300.09007,0.9,1.85,2.75,8.25,9.75,10.1,288.43
2013-04-14,6.8505,330.59304,0.9,1.85,2.75,8.25,9.75,10.1,288.43
2013-04-13,6.8505,330.59304,0.9,1.85,2.75,8.25,9.75,10.1,288.43
2013-04-12,6.8505,330.59304,0.9,1.85,2.75,8.25,9.75,10.1,288.43
2013-04-11,6.8437,344.19278,0.9,1.85,2.75,8.25,9.75,10.1,288.43
2013-04-10,6.8303,342.20125,0.9,1.85,2.75,8.25,9.75,10.1,288.43
2013-04-09,6.8269,348.15466,0.9,1.85,2.75,8.25,9.75,10.1,288.43
2013-04-08,6.8264,345.01263,0.9,1.85,2.75,8.25,9.75,10.1,288.43
2013-04-07,6.8188,345.37392,0.9,1.85,2.75,8.25,9.75,10.1,288.43
2013-04-06,6.8188,345.37392,0.9,1.85,2.75,8.25,9.75,10.1,288.43
2013-04-05,6.8188,345.37392,0.9,1.85,2.75,8.25,9.75,10.1,288.43
2013-04-04,6.7982,339.17235,0.9,1.85,2.75,8.25,9.75,10.1,288.43
2013-04-03,6.79,338.98154,0.9,1.85,2.75,8.25,9.75,10.1,288.43
2013-04-02,6.6657,337.55506,0.9,1.85,2.75,8.25,9.75,10.1,288.43
2013-04-01,6.688,344.03846,0.9,1.85,2.75,8.25,9.75,10.1,288.43
2013-03-31,6.7819,347.73496,0.9,1.85,2.75,8.25,9.75,10.1,288.43
2013-03-30,6.7819,347.73496,0.9,1.85,2.75,8.25,9.75,10.1,288.43
2013-03-29,6.7819,347.73496,0.9,1.85,2.75,8.25,9.75,10.1,288.43
2013-03-28,6.7812,347.69907,0.9,1.85,2.75,8.25,9.75,10.1,288.43
2013-03-27,6.7784,350.03989,0.9,1.85,2.75,8.25,9.75,10.1,288.43
2013-03-26,6.7786,347.78371,0.9,1.85,2.75,8.25,9.75,10.1,288.43
2013-03-25,6.643,342.70606,0.9,1.85,2.75,8.25,9.75,10.1,288.43
2013-03-24,6.7776,349.99857,0.9,1.85,2.75,8.25,9.75,10.1,288.43
2013-03-23,6.7776,349.99857,0.9,1.85,2.75,8.25,9.75,10.1,288.43
2013-03-22,6.7776,349.99857,0.9,1.85,2.75,8.25,9.75,10.1,288.43
2013-03-21,6.7691,351.21366,0.9,1.85,2.75,8.25,9.75,10.1,288.43
2013-03-20,6.7679,349.78055,0.9,1.85,2.75,8.25,9.75,10.1,288.43
2013-03-19,6.7695,350.69029,0.9,1.85,2.75,8.25,9.75,10.1,288.43
2013-03-18,6.7548,348.4737,0.9,1.85,2.75,8.25,9.75,10.1,288.43
2013-03-17,6.7618,346.20432,0.9,1.85,2.75,8.25,9.75,10.1,288.43
2013-03-16,6.7618,346.20432,0.9,1.85,2.75,8.25,9.75,10.1,288.43
2013-03-15,6.7618,346.20432,0.9,1.85,2.75,8.25,9.75,10.1,288.43
2013-03-14,6.7548,345.43329,0.9,1.85,2.75,8.25,9.75,10.1,288.43
2013-03-13,6.7421,344.28529,0.9,1.85,2.75,8.25,9.75,10.1,288.43
2013-03-12,6.7421,344.97892,0.9,1.85,2.75,8.25,9.75,10.1,288.43
2013-03-11,6.7422,342.01435,0.9,1.85,2.75,8.25,9.75,10.1,288.43
2013-03-10,6.7342,341.34871,0.9,1.85,2.75,8.25,9.75,10.1,288.43
2013-03-09,6.7342,341.34871,0.9,1.85,2.75,8.25,9.75,10.1,288.43
2013-03-08,6.7342,341.34871,0.9,1.85,2.75,8.25,9.75,10.1,288.43
2013-03-07,6.7327,340.88305,0.9,1.85,2.75,8.25,9.75,10.1,288.43
2013-03-06,6.7249,340.44487,0.9,1.85,2.75,8.25,9.75,10.1,288.43
2013-03-05,6.7245,340.42464,0.9,1.85,2.75,8.25,9.75,10.1,288.43
2013-03-04,6.7222,339.76788,0.9,1.85,2.75,8.25,9.75,10.1,288.43
2013-03-03,6.7238,339.80554,0.9,1.85,2.75,8.25,9.75,10.1,288.43
2013-03-02,6.7238,339.80554,0.9,1.85,2.75,8.25,9.75,10.1,288.43
2013-03-01,6.7238,339.80554,0.9,1.85,2.75,8.25,9.75,10.1,288.43
2013-02-28,6.7188,340.80571,0.9,1.85,2.75,8.25,9.75,10.1,288.43
2013-02-27,6.7184,344.56545,0.9,1.85,2.75,8.25,9.75,10.1,288.43
2013-02-26,6.7225,349.09838,0.9,1.85,2.75,8.25,9.75,10.1,288.43
2013-02-25,6.6076,336.97092,0.9,1.85,2.75,8.25,9.75,10.1,288.43
2013-02-24,6.7128,339.35753,0.9,1.85,2.75,8.25,9.75,10.1,288.43
2013-02-23,6.7128,339.35753,0.9,1.85,2.75,8.25,9.75,10.1,288.43
2013-02-22,6.7128,339.35753,0.9,1.85,2.75,8.25,9.75,10.1,288.43
2013-02-21,6.7161,340.77673,0.9,1.85,2.75,8.25,9.75,10.1,288.43
2013-02-20,6.7102,340.34791,0.9,1.85,2.75,8.25,9.75,10.1,288.43
2013-02-19,6.7167,346.29222,0.9,1.85,2.75,8.25,9.75,10.1,288.43
2013-02-18,6.6138,342.09275,0.9,1.85,2.75,8.25,9.75,10.1,288.43
2013-02-17,6.7133,347.23931,0.9,1.85,2.75,8.25,9.75,10.1,288.43
2013-02-16,6.7133,347.23931,0.9,1.85,2.75,8.25,9.75,10.1,288.43
2013-02-15,6.7133,347.23931,0.9,1.85,2.75,8.25,9.75,10.1,288.43
2013-02-14,6.7117,352.74537,0.9,1.85,2.75,8.25,9.75,10.1,288.43
2013-02-13,6.7004,354.19799,0.9,1.85,2.75,8.25,9.75,10.1,288.43
2013-02-12,6.6978,355.02959,0.9,1.85,2.75,8.25,9.75,10.1,288.43
2013-02-11,6.6247,351.04828,0.9,1.85,2.75,8.25,9.75,10.1,288.43
2013-02-10,6.6988,358.80852,0.9,1.85,2.75,8.25,9.75,10.1,288.43
2013-02-09,6.6988,358.80852,0.9,1.85,2.75,8.25,9.75,10.1,288.43
2013-02-08,6.6988,358.80852,0.9,1.85,2.75,8.25,9.75,10.1,288.43
2013-02-07,6.681,358.80023,0.9,1.85,2.75,8.25,9.75,10.1,288.43
2013-02-06,6.6809,360.36285,0.9,1.85,2.75,8.25,9.75,10.1,288.43
2013-02-05,6.6913,359.78363,0.9,1.85,2.75,8.25,9.75,10.1,288.43
2013-02-04,6.6006,355.52221,0.9,1.85,2.75,8.25,9.75,10.1,288.43
2013-02-03,6.6976,359.47637,0.9,1.85,2.75,8.25,9.75,10.1,288.43
2013-02-02,6.6976,359.47637,0.9,1.85,2.75,8.25,9.75,10.1,288.43
2013-02-01,6.6976,359.47637,0.9,1.85,2.75,8.25,9.75,10.1,288.43
2013-01-31,6.6686,356.03315,0.9,1.85,2.75,8.25,9.75,10.1,288.43
2013-01-30,6.6652,359.98746,0.9,1.85,2.75,8.25,9.75,10.1,288.43
2013-01-29,6.6388,354.46349,0.9,1.85,2.75,8.25,9.75,10.1,288.43
2013-01-28,6.5077,345.72712,0.9,1.85,2.75,8.25,9.75,10.1,288.43
2013-01-27,6.6178,352.42736,0.9,1.85,2.75,8.25,9.75,10.1,288.43
2013-01-26,6.6178,352.42736,0.9,1.85,2.75,8.25,9.75,10.1,288.43
2013-01-25,6.6178,352.42736,0.9,1.85,2.75,8.25,9.75,10.1,288.43
2013-01-24,6.6177,355.20923,0.9,1.85,2.75,8.25,9.75,10.1,288.43
2013-01-23,6.6181,358.80536,0.9,1.85,2.75,8.25,9.75,10.1,288.43
2013-01-22,6.6053,359.49176,0.9,1.85,2.75,8.25,9.75,10.1,288.43
2013-01-21,6.5066,352.82303,0.9,1.85,2.75,8.25,9.75,10.1,288.43
2013-01-20,6.5878,357.22614,0.9,1.85,2.75,8.25,9.75,10.1,288.43
2013-01-19,6.5878,357.22614,0.9,1.85,2.75,8.25,9.75,10.1,288.43
2013-01-18,6.5878,357.22614,0.9,1.85,2.75,8.25,9.75,10.1,288.43
2013-01-17,6.5643,356.75384,0.9,1.85,2.75,8.25,9.75,10.1,288.43
2013-01-16,6.563,355.05844,0.9,1.85,2.75,8.25,9.75,10.1,288.43
2013-01-15,6.5456,354.26441,0.9,1.85,2.75,8.25,9.75,10.1,288.43
2013-01-14,6.5143,349.5335,0.9,1.85,2.75,8.25,9.75,10.1,288.43
2013-01-13,6.5232,348.14449,0.9,1.85,2.75,8.25,9.75,10.1,288.43
2013-01-12,6.5232,348.14449,0.9,1.85,2.75,8.25,9.75,10.1,288.43
2013-01-11,6.5232,348.14449,0.9,1.85,2.75,8.25,9.75,10.1,288.43
2013-01-10,6.493,350.14417,0.9,1.85,2.75,8.25,9.75,10.1,288.43
2013-01-09,6.4617,343.78193,0.9,1.85,2.75,8.25,9.75,10.1,288.43
2013-01-08,6.4275,343.34692,0.9,1.85,2.75,8.25,9.75,10.1,288.43
2013-01-07,6.2745,331.94623,0.9,1.85,2.75,8.25,9.75,10.1,288.43
2013-01-06,6.4029,339.27435,0.9,1.85,2.75,8.25,9.75,10.1,288.43
2013-01-05,6.4029,339.27435,0.9,1.85,2.75,8.25,9.75,10.1,288.43
2013-01-04,6.4029,339.27435,0.9,1.85,2.75,8.25,9.75,10.1,288.43
2013-01-03,6.37,342.77392,0.9,1.85,2.75,8.25,9.75,10.1,288.43
2013-01-02,6.3404,344.0758,0.9,1.85,2.75,8.25,9.75,10.1,288.43
